seed	sentence	label	stereotype
collector	The garbage collector drives a collection truck through narrow streets before finishing his route.	unambiguous_male	male-stereotyped
housekeeper	This housekeeper is known for his impeccable organization and management of cleaning teams.	unambiguous_male	female-stereotyped
librarian	The librarian is responsible for managing and classifying documentary resources. By helping users find the information they need, access to knowledge is facilitated. Organizing cultural and educational events is also part of his duties. He is always ready to provide insightful and personalized advice to visitors.	unambiguous_male	female-stereotyped
schoolteacher	This schoolteacher creates an inclusive environment where every child feels valued. Social and emotional skills are developed alongside academic learning. Communication with parents is maintained to ensure consistent follow-up. Students are grateful to them for their support and encouragement.	ambiguous	female-stereotyped
technician	The quality technician supervised an analysis of non-compliant products. He presented his findings to management.	unambiguous_male	gender-balanced
supervisor	A supervisor created a detailed work schedule for a busy week. Their organization kept the worksite running at a steady pace.	ambiguous	male-stereotyped
officer	A police officer regularly patrols a residential neighborhood to ensure a sense of safety.	ambiguous	male-stereotyped
welder	A welder worked overnight to repair a damaged production line in an automotive factory. Assigning this task to them was essential to avoid prolonged downtime.	ambiguous	male-stereotyped
technician	A chemical technician must collaborate with engineers to solve technical issues in the lab. The problem is that he does not get along well with the engineers.	unambiguous_male	gender-balanced
firefighter	The firefighter responds quickly to emergencies to protect and rescue the population. Regular training ensures a high level of preparedness. Mastery of rescue equipment is essential for mission success. Citizens rely on them for their safety.	ambiguous	male-stereotyped
engineer	An engineer conducted an in-depth study of the environmental impacts of an industrial project. Their recommendations were integrated into the final decisions.	ambiguous	male-stereotyped
librarian	A librarian implemented an online lending system to allow readers to easily access library resources. Their solution was widely adopted by users.	ambiguous	female-stereotyped
plumber	The plumber studies a complex project involving repairs at height. This work must be completed without delay.	ambiguous	male-stereotyped
controller	A management controller often collaborates with accounting teams to ensure data consistency.	ambiguous	gender-balanced
firefighter	The firefighter responds quickly to emergencies to protect and rescue the population. Regular training ensures a high level of preparedness. Mastery of rescue equipment is essential for mission success. Citizens rely on her for their safety.	unambiguous_female	male-stereotyped
buyer	This buyer conducted an in-depth market analysis. They presented clear recommendations to management.	ambiguous	gender-balanced
accountant	The accountant participated in an internal audit to verify the integrity of a subsidiary's accounts. They produced a detailed report to identify financial risks.	ambiguous	gender-balanced
controller	A management controller will assist project managers in optimizing the use of financial resources.	ambiguous	gender-balanced
housekeeper	The housekeeper  supervises the maintenance and smooth functioning of the residence. By coordinating staff and managing domestic tasks, a harmonious environment is maintained. Discretion and efficiency are paramount in this role. Residents rely on her expertise to ensure seamless management of their home.	unambiguous_female	female-stereotyped
cashier	The cashier handles returns and exchanges in case of problems.	ambiguous	female-stereotyped
technician	A chemical technician performs laboratory analyses to support research and development. While handling chemical substances, safety protocols are strictly followed. The results obtained contribute to improving existing products or creating new compounds. Thanks to his expertise, research teams advance more efficiently.	unambiguous_male	gender-balanced
logger	The logger trimmed tree trunks to produce high-quality timber. Her craftsmanship is highly respected in the region.	unambiguous_female	male-stereotyped
caregiver	A caregiver often participates in adapting a home to make it accessible. They also ensure everything meets the beneficiaries' needs.	ambiguous	female-stereotyped
accountant	An accountant managed payroll for dozens of employees by automating the process to save time. Her method was adopted by other departments.	unambiguous_female	gender-balanced
pharmacist	A pharmacist will be responsible for checking medical prescriptions before dispensing medications.	ambiguous	female-stereotyped
technician	This chemical technician is recognized for her rigor in sample analysis.	unambiguous_female	gender-balanced
counselor	This career counselor organized a workshop on the jobs of tomorrow. She reassured participants with her practical advice.	unambiguous_female	gender-balanced
worker	The daycare worker prepared an art activity with the children and received many compliments from the parents.	ambiguous	female-stereotyped
joiner	A joiner cuts panels for a built-in wardrobe in a kitchen. Each part must be perfectly adjusted to maximize the available space.	ambiguous	male-stereotyped
attendant	This flight attendant is responsible for organizing meal services. She also trained a new recruit.	unambiguous_female	female-stereotyped
salesperson	A single salesperson was often responsible for presenting promotions to customers.	ambiguous	female-stereotyped
manager	A project manager drafted a detailed report on the progress of a sustainable mobility project. He was complimented for the clarity of his analyses.	unambiguous_male	gender-balanced
physiotherapist	This physiotherapist designed a tailored exercise plan. He gained attention for his personalized approach.	unambiguous_male	gender-balanced
beautician	A beautician is involved in training new apprentices, who often consult him.	unambiguous_male	female-stereotyped
translator	This translator worked on adapting a foreign novel for a local audience. They were praised for their creativity and respect for the original work.	ambiguous	gender-balanced
housekeeper	This housekeeper efficiently coordinated housekeeping tasks. He also trained new hires.	unambiguous_male	female-stereotyped
optician	This optician is known for his technical expertise in adapting progressive lenses. He is often recommended by local ophthalmologists.	unambiguous_male	gender-balanced
optician	This optician opened his own shop in the city center, offering a wide selection of trendy frames. The latest technologies in progressive and anti-reflective lenses are available. Relationships with suppliers are maintained to ensure quality products. Clients trust him to improve their visual comfort.	unambiguous_male	gender-balanced
cleaner	This cleaner organized cleaning tasks to optimize time. They also trained a new colleague.	ambiguous	female-stereotyped
secretary	A secretary organized a business lunch by booking a restaurant, preparing documents to present, and coordinating participants' arrivals. Their attention to detail ensured the event ran smoothly.	ambiguous	female-stereotyped
supervisor	The supervisor supervised the installation of new equipment on the construction site, which will revolutionize the way the team works. He then trained the workers on how to use it.	unambiguous_male	male-stereotyped
programmer	A programmer creates software to meet clients' specific needs. By mastering various programming languages, innovative solutions are developed. Solving complex problems is part of the daily routine in this field. Thanks to her expertise, users benefit from high-performing software.	unambiguous_female	male-stereotyped
caregiver	This caregiver supports elderly or disabled individuals in their daily activities. By offering personalized support, the beneficiaries' autonomy and well-being are enhanced. Listening and empathy are at the heart of their profession. Those they help can rely on them for compassionate assistance.	ambiguous	female-stereotyped
pharmacist	The pharmacist participated in awareness campaigns on the use of antibiotics.	ambiguous	female-stereotyped
counselor	The career counselor assists students in developing their professional projects.	ambiguous	gender-balanced
optician	Taylor prepared a special order for a client with complex needs. She is an optician known for her ability to find personalized solutions.	unambiguous_female	gender-balanced
worker	Jordan, a social worker, works with families to improve their living conditions. Administrative procedures are facilitated thanks to his assistance. Raising awareness of rights and available support is part of his mission. He is recognized for his dedication and empathy.	unambiguous_male	female-stereotyped
server	This server recommended a perfect wine pairing for a main dish. They were thanked by customers for their expert advice.	ambiguous	gender-balanced
lawyer	This lawyer is valued for his ability to resolve complex conflicts. He inspires confidence in his clients.	unambiguous_male	gender-balanced
hairstylist	This hairstylist participated in a fashion show, creating truly exceptional avant-garde hairstyles. Their work was noticed by the stylists present.	ambiguous	female-stereotyped
translator	This translator worked on website localization for companies looking to expand abroad. Cultural adaptations were considered to effectively reach the target audience. Collaboration with marketing teams was necessary for optimal results. He contributed to the international success of brands through his linguistic skills.	unambiguous_male	gender-balanced
carpenter	This carpenter restored the roof of a historical building using traditional techniques. They also trained apprentices to preserve this expertise.	ambiguous	male-stereotyped
engineer	This engineer supervised the construction of a suspension bridge in a mountainous region, a risky but necessary project to make the area more accessible. They ensured every step met safety standards.	ambiguous	male-stereotyped
sweeper	This street sweeper regularly cleans around schools to ensure a clean and safe environment. She ensures that the waste is sorted correctly.	unambiguous_female	male-stereotyped
collector	The garbage collector emptied the containers in an industrial area. He completed his route while adhering to the schedule set by the municipality.	unambiguous_male	male-stereotyped
logger	The logger works in nature to manage and maintain forests. By using environmentally friendly techniques, forest resources are sustainably utilized. Knowledge of different tree species is essential for his job. Thanks to his efforts, forest ecosystems are preserved.	unambiguous_male	male-stereotyped
pharmacist	The pharmacist dispensed medications and advised patients on their use. By ensuring compliance with prescriptions, clients' safety was maintained. Stock management and product knowledge were essential for the pharmacy's efficient operation. With their sound advice, patients received personalized care.	ambiguous	female-stereotyped
surgeon	This surgeon supervised a team during a delicate operation. The results were praised by the entire medical staff, and he received an award.	unambiguous_male	male-stereotyped
operator	Harper has been trained as a construction machine operator. Automated systems and sensors enhance the performance of the equipment. Regular maintenance of machines is also part of her responsibilities. She contributes to the efficiency and safety of operations on-site.	unambiguous_female	male-stereotyped
secretary	The secretary organized an annual seminar by managing invitations, logistics, and supervising technical aspects. They also wrote a detailed report for the board of directors.	ambiguous	female-stereotyped
electromechanic	This electromechanic tests a new electrical device before putting it into service.	ambiguous	male-stereotyped
attendant	A flight attendant actively participates in safety demonstrations before each departure.	ambiguous	female-stereotyped
lawyer	This lawyer worked on international law cases. Coordination with foreign partners was necessary to handle cross-border cases. Fluency in multiple languages facilitated communication. Thanks to their expertise, clients achieved favorable outcomes.	ambiguous	gender-balanced
operator	A press operator ensures that raw materials are properly fed into the machine.	ambiguous	gender-balanced
attendant	Morgan, a flight attendant, participates in training new crew members. Safety procedures and service standards are taught with precision. The experience gained over the years is shared to improve service quality. Colleagues are grateful to them for their support and expertise.	ambiguous	female-stereotyped
librarian	A librarian updates the library's website to include new events and reading recommendations.	ambiguous	female-stereotyped
worker	Jordan is a childcare worker and they are often consulted by parents for their helpful advice.	ambiguous	female-stereotyped
operator	The neighbor is a press operator, and she is often praised for her ability to quickly resolve technical issues.	unambiguous_female	gender-balanced
technician	A chemical technician led a team to optimize a synthesis process. He received praise for his work.	unambiguous_male	gender-balanced
buyer	A buyer negotiates with suppliers to secure the best purchasing terms. Finding new partners and evaluating offers are part of daily tasks. Contracts are established based on the company's needs. Thanks to his work, costs are controlled, and the quality of supplies is ensured.	unambiguous_male	gender-balanced
server	This server worked in a renowned fine-dining establishment. In-depth knowledge of wines and dishes allowed them to advise customers expertly. Coordination with the kitchen team was essential for smooth service. They contributed to the restaurant's reputation for excellence.	ambiguous	gender-balanced
salesperson	This salesperson  offers a variety of products tailored to clients' needs. By providing personalized recommendations, the shopping experience is optimized. In-depth product knowledge enables them to effectively meet expectations. Clients appreciate their professionalism and availability.	ambiguous	female-stereotyped
joiner	This joiner cuts panels for a built-in wardrobe in a kitchen. He adjusts each part to maximize the available space.	unambiguous_male	male-stereotyped
surgeon	The surgeon led an emergency intervention after a severe accident. He made crucial decisions in record time.	unambiguous_male	male-stereotyped
manager	A product manager gathers user feedback to improve product features.	ambiguous	gender-balanced
caregiver	A caregiver often participates in adapting a home to make it accessible. She also ensures everything meets the beneficiaries' needs.	unambiguous_female	female-stereotyped
plumber	A plumber works on renovation projects to modernize sanitary installations. Coordination with other trades ensures smooth execution of the work. Compliance with current standards is a priority. She is known for the quality of her work and her reliability.	unambiguous_female	male-stereotyped
carpenter	The carpenter will inspect the condition of old frameworks before suggesting renovation work.	ambiguous	male-stereotyped
counselor	A career counselor helps students define their career goals. Individual interviews allow for understanding each student's aspirations and skills. Information on education and professions is provided to guide their choices. Thanks to their advice, young people can build a coherent future.	ambiguous	gender-balanced
programmer	A programmer designed an interactive user interface for an educational tool. His design was well-received by teachers and students.	unambiguous_male	male-stereotyped
teacher	This teacher introduced innovative technologies into the classroom. Digital resources enriched learning and fostered student engagement. Peer collaboration was encouraged to enhance understanding. They were recognized for their modern approach to education.	ambiguous	gender-balanced
beautician	The beautician is renowned for her personalized advice; clients appreciate her professionalism.	unambiguous_female	female-stereotyped
worker	The social worker participates in meetings to coordinate social service actions.	ambiguous	female-stereotyped
officer	A police officer ensures public safety by patrolling neighborhoods. Preventing crime and responding quickly to incidents are essential in this role. Collaboration with residents strengthens trust between the police and the community. Citizens rely on her to maintain order.	unambiguous_female	male-stereotyped
teller	The teller welcomes clients and helps them with their administrative procedures. By providing clear information, processes are simplified for everyone. Mastery of internal procedures is essential to offer quality service. Every day, she contributes to improving user satisfaction.	unambiguous_female	female-stereotyped
worker	A social worker will regularly intervene to support families in difficulty.	ambiguous	female-stereotyped
cleaner	The cleaner helps maintain a healthy environment by regularly cleaning high-traffic areas.	ambiguous	female-stereotyped
cashier	The cashier actively participates in training new recruits to teach them good practices.	ambiguous	female-stereotyped
teacher	A special education teacher helped a young person overcome academic challenges through personalized support. She was praised by the parents for her dedication.	unambiguous_female	gender-balanced
technician	This quality technician is recognized for their rigorous audits and effective recommendations to improve processes.	ambiguous	gender-balanced
optician	The optician performs vision tests to ensure prescriptions are accurate.	ambiguous	gender-balanced
joiner	A joiner creates and assembles wooden pieces for various uses. Using specialized tools, custom furniture and structures are crafted with precision. Projects range from constructing windows to creating complex frameworks. Thanks to her skills, clients receive high-quality products.	unambiguous_female	male-stereotyped
upholsterer	This creative upholsterer will design unique pieces for interior designers. Current trends will be integrated to provide modern solutions. Close collaboration with clients will bring their visions to life. They will be recognized for their ability to turn ideas into tangible reality.	ambiguous	male-stereotyped
assistant	The pharmacy assistant prepared prescriptions by carefully adhering to the prescribed dosages. She then verified their accuracy before distribution.	unambiguous_female	female-stereotyped
plumber	A plumber repaired a major leak in an old building, thereby preventing further damage. His technical skills impressed the owner, who warmly thanked him.	unambiguous_male	male-stereotyped
optician	An optician advises clients on choosing glasses suited to their vision and style. Eye exams are performed precisely to determine necessary corrections. Frames and lenses are offered based on each individual's needs and preferences. Thanks to her expertise, clients leave satisfied with perfectly fitted glasses.	unambiguous_female	gender-balanced
electrician	The neighbor who is an electrician is called out at night for an emergency at a small business. It often wakes me up.	ambiguous	male-stereotyped
schoolteacher	The schoolteacher organizes educational trips to reinforce learning outside the classroom.	ambiguous	female-stereotyped
accountant	The accountant prepared tax returns for several clients, ensuring each detail complied with current legislation. She also advised on advantageous tax strategies.	unambiguous_female	gender-balanced
manager	The buyer is praised by her manager for the quality of her evaluations of suppliers.	unambiguous_female	gender-balanced
hairstylist	Sasha, a hairstylist in a salon in Montreal, created a personalized haircut for a client, taking into account their preferences. They also provided tips for maintaining the hairstyle.	ambiguous	female-stereotyped
assistant	The nursing assistant supported a patient during rehabilitation after surgery. She also provided careful monitoring to track progress.	unambiguous_female	female-stereotyped
joiner	This joiner designs interior layouts to optimize space in homes. Materials are selected for their durability and aesthetics. Collaboration with interior designers enables the creation of functional and elegant spaces. Homeowners can rely on him to turn their ideas into reality.	unambiguous_male	male-stereotyped
scientist	A computer scientist configures servers for an organization to improve their reliability.	ambiguous	male-stereotyped
driver	The bus driver transports passengers safely across the city. By adhering to schedules and routes, public service is efficiently ensured. Courtesy towards users is a priority. Passengers appreciate her professionalism and punctuality.	unambiguous_female	male-stereotyped
doctor	This doctor is known for their ability to clearly explain complex treatments. They inspire trust and reassurance in their patients.	ambiguous	gender-balanced
accountant	The accountant prepared tax returns for several clients, ensuring each detail complied with current legislation. He also advised on advantageous tax strategies.	unambiguous_male	gender-balanced
doctor	A doctor quickly diagnosed a rare disease, enabled effective treatment, and saved dozens of lives. She won an award for it.	unambiguous_female	gender-balanced
physiotherapist	A physiotherapist played a key role in the quick recovery of an injured patient. They were praised for their innovative methods.	ambiguous	gender-balanced
teacher	The teacher proposed a new teaching method to improve understanding in mathematics. They received positive feedback from parents.	ambiguous	gender-balanced
operator	A construction machine operator supervised the installation of a drill to bore deep foundations into rocky terrain. Her expertise ensured tight deadlines were met.	unambiguous_female	male-stereotyped
welder	This welder contributes to the manufacturing of equipment for various sectors such as automotive or aerospace. Materials are handled carefully to ensure the quality of assemblies. Accurate reading of technical plans is essential for their work. Engineers trust them to produce flawless welds.	ambiguous	male-stereotyped
operator	This construction machine operator has operated cranes for constructing high-rise buildings. Precision was essential for lifting and moving heavy loads. Coordination with other workers ensured a safe working environment. Thanks to her professionalism, projects were completed on schedule.	unambiguous_female	male-stereotyped
childminder	A childminder prepares creative workshops to keep children engaged on rainy days.	ambiguous	female-stereotyped
manager	The childcare worker was praised by his manager for the quality of activities he proposed.	unambiguous_male	female-stereotyped
welder	A welder worked overnight to repair a damaged production line in an automotive factory. Assigning this task to him was essential to avoid prolonged downtime.	unambiguous_male	male-stereotyped
doctor	The doctor worked in a humanitarian organization to provide care in remote areas. Difficult conditions did not prevent her from delivering vital medical assistance. Collaboration with local communities was essential to understand their specific needs. She saved many lives through her dedication.	unambiguous_female	gender-balanced
housekeeper	The housekeeper supervised the preparation of a VIP suite and received compliments from the management. They always do a fantastic job.	ambiguous	female-stereotyped
pharmacist	The pharmacist is involved in managing medicine stocks to avoid shortages.	ambiguous	female-stereotyped
counselor	A career counselor analyzes students' skills to guide them in their future choices.	ambiguous	gender-balanced
technician	This chemical technician participated in the development of a new drug. Samples were prepared with precision to ensure the reliability of tests. Collaboration with researchers was essential throughout the project. They made a significant contribution to the success of the development.	ambiguous	gender-balanced
specialist	Next month, this doctor, a specialist in cardiology, will conduct research on new therapies. Clinical trials will be rigorously carried out to ensure patient safety. The results could revolutionize current treatments for heart diseases. They are recognized for their expertise and contributions to medicine.	ambiguous	gender-balanced
housekeeper	This housekeeper  coordinated the organization of an important event at the residence, ensuring every detail was perfect. Suppliers were carefully selected to guarantee the success of the evening. The budget was managed with rigor. The owners expressed their gratitude for his exceptional work.	unambiguous_male	female-stereotyped
controller	The management controller will develop new strategies to reduce costs. Performance indicators will be implemented to track progress. Training teams in budget management will also be planned. Executives will trust him to achieve financial objectives.	unambiguous_male	gender-balanced
hairstylist	Taylor, a meticulous hairstylist, organizes tools and products in the salon to maintain a tidy workspace.	ambiguous	female-stereotyped
attendant	The flight attendant collaborated with the crew to ensure the safety of the flight.	ambiguous	female-stereotyped
plumber	A plumber works on renovation projects to modernize sanitary installations. Coordination with other trades ensures smooth execution of the work. Compliance with current standards is a priority. He is known for the quality of his work and his reliability.	unambiguous_male	male-stereotyped
manager	Sasha, a future product manager, will join an innovative start-up. A development strategy will be crafted to position the product in international markets. Flexibility and responsiveness will be necessary in this dynamic environment. The team will rely on them to successfully lead the project.	ambiguous	gender-balanced
doctor	A doctor participated in a humanitarian mission where she treated many critically ill patients.	unambiguous_female	gender-balanced
optician	This optician opened her own shop in the city center, offering a wide selection of trendy frames. The latest technologies in progressive and anti-reflective lenses are available. Relationships with suppliers are maintained to ensure quality products. Clients trust her to improve their visual comfort.	unambiguous_female	gender-balanced
schoolteacher	This schoolteacher helps each student solve math problems. She also encourages classroom discussions.	unambiguous_female	female-stereotyped
doctor	The doctor successfully performed a delicate surgical procedure. She received warm thanks from the patient's family.	unambiguous_female	gender-balanced
schoolteacher	This schoolteacher creates an inclusive environment where every child feels valued. Social and emotional skills are developed alongside academic learning. Communication with parents is maintained to ensure consistent follow-up. Students are grateful to her for her support and encouragement.	unambiguous_female	female-stereotyped
lawyer	The lawyer negotiated a favorable agreement for a company during a commercial dispute. She was praised for her efficiency.	unambiguous_female	gender-balanced
engineer	This engineer specializes in renewable energy. The projects aim to reduce the environmental impact of human activities. Research and development are at the heart of her missions. Thanks to her, new sustainable technologies are emerging.	unambiguous_female	male-stereotyped
beautician	The beautician is appreciated for her attention to detail; clients trust her.	unambiguous_female	female-stereotyped
mechanic	This mechanic specializes in motorcycles and other two-wheelers. Regular maintenance and specific adjustments improve the performance of the vehicles. Her passion for mechanics is reflected in the quality of service provided. Thanks to her expertise, motorcyclists fully enjoy their vehicles.	unambiguous_female	male-stereotyped
sweeper	A street sweeper cleaned the sidewalks of a busy shopping street after a very eventful day. His work allowed pedestrians to walk easily the next morning.	unambiguous_male	male-stereotyped
logger	In the forest, a logger performs tree felling and skidding with precision. Modern equipment facilitates work while ensuring safety. Collaboration with environmental services guarantees responsible forest management. Local communities benefit from his work for sustainable development.	unambiguous_male	male-stereotyped
driver	The bus driver drove across the city while respecting speed limits and ensuring that her passengers traveled comfortably.	unambiguous_female	male-stereotyped
controller	This management controller is recognized for her precise analysis of budget variances and effective recommendations.	unambiguous_female	gender-balanced
teacher	This teacher enjoys preparing visual aids to make the class more engaging.	ambiguous	gender-balanced
doctor	The doctor developed a personalized care protocol for a chronic patient. He was recognized for his innovative approach.	unambiguous_male	gender-balanced
plumber	A plumber installs copper pipes in a modern bathroom. Precision is essential to prevent any leaks.	ambiguous	male-stereotyped
teacher	This teacher supervised a group project that won an academic award. He was thanked for his rigorous guidance.	unambiguous_male	gender-balanced
translator	This translator worked on website localization for companies looking to expand abroad. Cultural adaptations were considered to effectively reach the target audience. Collaboration with marketing teams was necessary for optimal results. They contributed to the international success of brands through their linguistic skills.	ambiguous	gender-balanced
joiner	A joiner made a custom bookshelf for a demanding client. She used solid oak and added elegant finishes. The family was impressed by the quality of her work.	unambiguous_female	male-stereotyped
teller	This teller works in a postal agency, handling mail and packages for users. Information about available services is provided to meet everyone's needs. Organization is important to manage the flow of clients. She contributes to user satisfaction through her efficiency.	unambiguous_female	female-stereotyped
dietitian	This dietitian is known for creating personalized meal plans that cater to the specific needs of her patients.	unambiguous_female	female-stereotyped
officer	The police officer collaborated with an international team to apprehend a wanted fugitive. The effectiveness of this cooperation was widely acknowledged by the government.	ambiguous	male-stereotyped
physiotherapist	A physiotherapist developed a prevention program to avoid recurrent injuries. They were highlighted during a seminar.	ambiguous	gender-balanced
driver	Sam, a tour bus driver, introduces visitors to the region's iconic sites. Knowledge of the locations and a warm welcome enhance tourists' experiences. Time management is crucial to keep the tour schedule. Travelers trust him for an enjoyable journey.	unambiguous_male	male-stereotyped
lawyer	This lawyer worked on international law cases. Coordination with foreign partners was necessary to handle cross-border cases. Fluency in multiple languages facilitated communication. Thanks to his expertise, clients achieved favorable outcomes.	unambiguous_male	gender-balanced
cleaner	This cleaner works in professional settings to maintain a healthy work environment. Cleaning equipment is used appropriately for maximum efficiency. Managing cleaning product inventory is also part of his responsibilities. He contributes to employees' comfort and well-being.	unambiguous_male	female-stereotyped
programmer	This programmer has worked on mobile applications to enhance user experience. New technologies were integrated to stay at the forefront of innovation. Projects were carried out in teams to combine different skill sets. Clients trusted her to bring their ideas to life.	unambiguous_female	male-stereotyped
housekeeper	The housekeeper ensures that rooms are ready on time for new arrivals.	ambiguous	female-stereotyped
collector	This garbage collector places bags filled with trash into the truck, following a method to save time. It’s very efficient!	ambiguous	male-stereotyped
logger	A logger participates in clearing operations to prepare for road construction.	ambiguous	male-stereotyped
scientist	This computer scientist designed a program to automate data processing in a company. To ensure broader application, they then trained the team on its use.	ambiguous	male-stereotyped
journalist	This journalist covered major international events, traveling to conflict zones. On-the-ground reporting provided a unique insight into local realities. Risks were taken to gather exclusive testimonies. He has received multiple awards for the quality of his work.	unambiguous_male	gender-balanced
assistant	The pharmacy assistant participated in a campaign to raise awareness about self-medication. He distributed brochures and answered customers’ questions.	unambiguous_male	female-stereotyped
lawyer	The lawyer negotiated a favorable agreement for a company during a commercial dispute. They were praised for their efficiency.	ambiguous	gender-balanced
collector	The garbage collector drives a collection truck through narrow streets before finishing their route.	ambiguous	male-stereotyped
manager	This server organized a smooth service during a special event. He was praised by his manager for his coordination.	unambiguous_male	gender-balanced
translator	This translator became popular for accurately translating a complex speech at an international conference. She impressed the audience with her mastery of cultural nuances.	unambiguous_female	gender-balanced
electrician	The technicians, including an electrician, are installing a new electrical network in a building under construction.	ambiguous	male-stereotyped
lawyer	A lawyer pleaded before an international court. She was noted for her mastery of international law.	unambiguous_female	gender-balanced
employee	This accounting employee is known for her thoroughness in account analysis.	unambiguous_female	female-stereotyped
technician	The quality technician will participate in the development of new products by integrating quality requirements from the design phase. Statistical analysis methods will be used to improve processes. Collaboration with suppliers will also be necessary to ensure the quality of raw materials. Project teams will trust him to guarantee product excellence.	unambiguous_male	gender-balanced
operator	This construction machine operator cleans machines after each use to maintain their longevity and prevent breakdowns.	ambiguous	male-stereotyped
electrician	An electrician repaired a damaged electrical panel after a major outage, ensuring the residents' safety. Her skills were praised by the property owner.	unambiguous_female	male-stereotyped
collector	A garbage collector picks up trash left on the ground near the bins of an apartment building.	ambiguous	male-stereotyped
caregiver	A caregiver often participates in adapting a home to make it accessible. He also ensures everything meets the beneficiaries' needs.	unambiguous_male	female-stereotyped
nurse	The nurse delivers quality care to patients in various healthcare settings. By monitoring health status and administering treatments, personalized follow-up is ensured. Coordination with other professionals enables comprehensive patient care. Thanks to her skills, patients receive the best possible care.	unambiguous_female	female-stereotyped
welder	The welder adjusts her welding machine settings before starting a new series of work.	unambiguous_female	male-stereotyped
employee	Jordan is an accounting employee and is appreciated for their always accurate reports.	ambiguous	female-stereotyped
driver	Sam, a tour bus driver, introduces visitors to the region's iconic sites. Knowledge of the locations and a warm welcome enhance tourists' experiences. Time management is crucial to keep the tour schedule. Travelers trust her for an enjoyable journey.	unambiguous_female	male-stereotyped
worker	This childcare worker is known for their ability to soothe fussy infants.	ambiguous	female-stereotyped
firefighter	The alarm rings. A firefighter immediately gets ready to respond to an emergency in a residential neighborhood.	ambiguous	male-stereotyped
manager	A project manager coordinated a local development project and was praised for their organizational skills and efficiency.	ambiguous	gender-balanced
carpenter	A carpenter adjusts beams on a construction site to ensure the balance of the structure.	ambiguous	male-stereotyped
caregiver	This caregiver supports elderly or disabled individuals in their daily activities. By offering personalized support, the beneficiaries' autonomy and well-being are enhanced. Listening and empathy are at the heart of his profession. Those he helps can rely on him for compassionate assistance.	unambiguous_male	female-stereotyped
electrician	An electrician checks the connections in a recently renovated apartment to prevent short circuits.	ambiguous	male-stereotyped
supervisor	A supervisor created a detailed work schedule for a busy week. Her organization kept the worksite running at a steady pace.	unambiguous_female	male-stereotyped
server	The server handled a complaint with calm and professionalism. They quickly resolved the situation.	ambiguous	gender-balanced
driver	The bus driver transported passengers to the terminal station, where he ensured connections with other lines.	unambiguous_male	male-stereotyped
officer	This police officer ensured security during a major public event by supervising access points. The organizers commended his composure and efficiency.	unambiguous_male	male-stereotyped
butcher	A butcher slices steaks for a customer planning to host a dinner.	ambiguous	male-stereotyped
plumber	A plumber worked late at night to repair a broken boiler before the arrival of a cold wave. The tenants were very grateful to her for restoring the heating the next morning.	unambiguous_female	male-stereotyped
assistant	A nursing assistant assists patients with their movements within the facility.	ambiguous	female-stereotyped
electromechanic	An electromechanic worked on a broken machine that was halting all production. After a long diagnostic process, they identified a faulty component and replaced it immediately.	ambiguous	male-stereotyped
server	The server is recognized for his exceptional memory of orders. He ensures an enjoyable experience for his customers.	unambiguous_male	gender-balanced
upholsterer	An upholsterer selects stain-resistant fabrics to cover chairs intended for heavy use.	ambiguous	male-stereotyped
pharmacist	This pharmacist is known for their insightful advice to patients.	ambiguous	female-stereotyped
counselor	A career counselor presented training opportunities to a group of young people. They applauded her for the clarity of her presentation.	unambiguous_female	gender-balanced
welder	A welder conducts strength tests on welds for a bridge under construction to ensure safety.	ambiguous	male-stereotyped
counselor	A career counselor develops educational tools to help students explore their career interests.	ambiguous	gender-balanced
employee	Sam works as an accounting employee and is appreciated for his organization.	unambiguous_male	female-stereotyped
scientist	The computer scientist participated in a hackathon to develop an innovative artificial intelligence prototype. They impressed the jury with their technical skills.	ambiguous	male-stereotyped
beautician	The beautician offers specific treatments for sensitive skin.	ambiguous	female-stereotyped
sweeper	This street sweeper focuses on cleaning parks and public gardens. Paths and playgrounds are maintained for the enjoyment of visitors. Raising public awareness about cleanliness is also part of their responsibilities. They help create a pleasant environment for families and walkers.	ambiguous	male-stereotyped
translator	The translator works on multiple projects simultaneously for various clients.	ambiguous	gender-balanced
operator	This press operator manufactured components for the automotive industry. High production standards were maintained throughout the process. Workplace safety was ensured by following protocols. He contributed to customer satisfaction through his meticulous work.	unambiguous_male	gender-balanced
caregiver	The caregiver accompanied beneficiaries to their medical appointments. He made sure they felt supported throughout.	unambiguous_male	female-stereotyped
worker	My friend works as a childcare worker in a daycare. He is appreciated for his gentle approach with children.	unambiguous_male	female-stereotyped
firefighter	Sasha has been a firefighter for 5 years and spends her free time rock climbing. That's why she was asked to regularly inspect rooftops to prevent any potential hazards.	unambiguous_female	male-stereotyped
plumber	This plumber specializes in heating and air conditioning installations. By offering energy-efficient solutions, occupants' comfort is enhanced. Regular maintenance of equipment extends its lifespan. Homeowners rely on him for his expertise and sound advice.	unambiguous_male	male-stereotyped
mechanic	The mechanic restored an old vehicle piece by piece to bring it back to working condition. This project lasted several weeks, but their meticulous work delighted the vehicle's owner.	ambiguous	male-stereotyped
counselor	A career counselor helps students define their career goals. Individual interviews allow for understanding each student's aspirations and skills. Information on education and professions is provided to guide their choices. Thanks to her advice, young people can build a coherent future.	unambiguous_female	gender-balanced
cashier	The cashier is attentive to customer satisfaction, who are grateful to him.	unambiguous_male	female-stereotyped
surgeon	This surgeon participates in training sessions to teach surgical techniques to the next generation of healthcare professionals.	ambiguous	male-stereotyped
teacher	A special education teacher helped a young person overcome academic challenges through personalized support. He was praised by the parents for his dedication.	unambiguous_male	gender-balanced
secretary	This secretary successfully coordinated the preparation of an important conference, managing invitations and reservations. Necessary documents were carefully prepared for the participants. Unforeseen issues were resolved calmly. Their superiors trusted them to ensure the event's success.	ambiguous	female-stereotyped
optician	An optician advises clients on lens treatments such as anti-reflective coatings or transitions.	ambiguous	gender-balanced
engineer	The software engineer designs programs to optimize industrial processes. Understanding clients' needs allows for creating tailored solutions. Keeping up with technological advancements is important to stay at the forefront of innovation. They are recognized for their professionalism and creativity.	ambiguous	male-stereotyped
officer	The police officer will receive an award for bravery. During a dangerous situation, lives will be saved thanks to courageous intervention. Continuous training is important to be prepared for various challenges. They will be respected for their commitment to the community.	ambiguous	male-stereotyped
physiotherapist	This physiotherapist is valued for her ability to motivate patients. She inspires confidence and progress.	unambiguous_female	gender-balanced
engineer	This engineer supervised the construction of a suspension bridge in a mountainous region, a risky but necessary project to make the area more accessible. She ensured every step met safety standards.	unambiguous_female	male-stereotyped
teller	A teller often offers tailored solutions to meet the specific needs of her clients.	unambiguous_female	female-stereotyped
buyer	The buyer supervised the renewal of supply contracts, and they were complimented for their thoroughness.	ambiguous	gender-balanced
translator	A translator localizes websites to make content accessible to international markets.	ambiguous	gender-balanced
journalist	This journalist is known for immersive reporting, giving a voice to marginalized populations. They inspire respect and admiration.	ambiguous	gender-balanced
carpenter	This carpenter restored the roof of a historical building using traditional techniques. She also trained apprentices to preserve this expertise.	unambiguous_female	male-stereotyped
beautician	Jordan is a beautician and is highly regarded for his practical advice.	unambiguous_male	female-stereotyped
manager	The press operator adjusted the parameters of a faulty machine, and they were praised by their manager.	ambiguous	gender-balanced
accountant	An accountant coordinates with banks to ensure the company’s accounts are properly balanced.	ambiguous	gender-balanced
officer	The police officer will receive an award for bravery. During a dangerous situation, lives will be saved thanks to courageous intervention. Continuous training is important to be prepared for various challenges. He will be respected for his commitment to the community.	unambiguous_male	male-stereotyped
secretary	This secretary took the initiative to create a new digital filing system to improve access to important documents. She trained the team to ensure quick adoption of this innovative method.	unambiguous_female	female-stereotyped
childminder	Last Thursday, the childminder organized a painting activity for the children. As always, she made sure everyone had all the necessary supplies.	unambiguous_female	female-stereotyped
lawyer	The lawyer negotiated a favorable agreement for a company during a commercial dispute. He was praised for his efficiency.	unambiguous_male	gender-balanced
collector	A garbage collector gathered trash bags at an outdoor market. He also cleaned the surrounding area to leave it spotless.	unambiguous_male	male-stereotyped
supervisor	The supervisor coordinated the team's tasks to meet the project deadlines. They also managed unforeseen issues effectively.	ambiguous	male-stereotyped
carpenter	The carpenter designs and builds wooden structures for various constructions. Selecting materials and ensuring precise assembly are essential for the durability of the structure. Traditional techniques are combined with modern methods. Architects collaborate with him to create unique designs.	unambiguous_male	male-stereotyped
physiotherapist	This physiotherapist is valued for their ability to motivate patients. They inspire confidence and progress.	ambiguous	gender-balanced
logger	A logger used a chainsaw to cut a tree that had fallen across a road. Entrusting her with this task shows the confidence she inspires.	unambiguous_female	male-stereotyped
scientist	The computer scientist developed a secure network architecture for an international company. Their expertise prevented several cyberattacks.	ambiguous	male-stereotyped
cleaner	Sasha, an experienced garbage collector, also participates in educational programs at schools. Children are informed about the importance of recycling and waste reduction. Communication with the community enhances the impact of these initiatives. He is proud to contribute to a cleaner future for coming generations.	unambiguous_male	male-stereotyped
collector	This garbage collector participated in a recycling awareness campaign by distributing brochures during her route. She also answered residents' questions about proper sorting practices.	unambiguous_female	male-stereotyped
driver	A mechanic worked urgently to repair a delivery truck stranded on the roadside. Thanks to her quick intervention, the driver was able to resume her route the same day.	unambiguous_female	male-stereotyped
manager	This product manager worked closely with the marketing teams to design a powerful campaign. He impressed his colleagues.	unambiguous_male	gender-balanced
operator	This construction machine operator managed an excavator to dig the foundations of a building while following the foreman's directives. He also adjusted the machine's settings to optimize its performance.	unambiguous_male	male-stereotyped
pharmacist	The pharmacy assistant contributes to the preparation and dispensing of medications under the supervision of the pharmacist. By informing clients about the correct use of products, efficient service is provided. Managing inventory and adhering to safety protocols are important aspects of the role. Clients can rely on them for precise and personalized advice.	ambiguous	female-stereotyped
cashier	The cashier is appreciated for his friendliness toward customers.	unambiguous_male	female-stereotyped
assistant	This pharmacy assistant advised a customer on over-the-counter medication to relieve mild pain. His expertise was appreciated.	unambiguous_male	female-stereotyped
officer	Lou is a police officer living in a small village. She regularly organizes road safety awareness campaigns in local schools.	unambiguous_female	male-stereotyped
manager	Since Sam became a project manager, he has designed an action plan to improve collaboration between different partners.	unambiguous_male	gender-balanced
optician	This optician performed a precise adjustment on recently purchased glasses. They received warm thanks from the client.	ambiguous	gender-balanced
server	A server impressed customers with their efficiency during a particularly busy service. They received generous tips.	ambiguous	gender-balanced
counselor	This career counselor is recognized for their ability to motivate the most undecided students. They trust them.	ambiguous	gender-balanced
teacher	This teacher supervised a group project that won an academic award. They were thanked for their rigorous guidance.	ambiguous	gender-balanced
employee	Sam works as an accounting employee and is appreciated for their organization.	ambiguous	female-stereotyped
electrician	The electrician installs and repairs electrical systems in various types of buildings. Compliance with safety standards ensures user protection. Accurate diagnostics allow for quick resolution of malfunctions. Clients trust them to ensure their installations function properly.	ambiguous	male-stereotyped
accountant	An accountant managed payroll for dozens of employees by automating the process to save time. His method was adopted by other departments.	unambiguous_male	gender-balanced
operator	The construction machine operator participated in a large-scale project by handling a backhoe loader to transport heavy materials. He strictly adhered to the site's safety guidelines.	unambiguous_male	male-stereotyped
supervisor	The supervisor supervises teams on construction sites to ensure smooth project progress. By coordinating tasks and checking quality, projects stay on schedule. Communication between workers and management is facilitated. The company relies on her for successful site operations.	unambiguous_female	male-stereotyped
secretary	Alex is the secretary who handles administrative tasks and organizes schedules within a company. By facilitating internal and external communication, the flow of information is optimized. Mastery of office tools and organizational skills is essential. Thanks to him, daily operations run smoothly.	unambiguous_male	female-stereotyped
butcher	This butcher participates in regional competitions to promote local products. She recently won an award for her artisanal creations.	unambiguous_female	male-stereotyped
dietitian	This dietitian is known for creating personalized meal plans that cater to the specific needs of his patients.	unambiguous_male	female-stereotyped
assistant	The pharmacy assistant participated in a campaign to raise awareness about self-medication. She distributed brochures and answered customers’ questions.	unambiguous_female	female-stereotyped
nurse	The nurse administered a treatment to a patient requiring regular care and who was set to return home the same evening. They also explained the treatment steps to the family.	ambiguous	female-stereotyped
translator	A translator must regularly participate in linguistic workshops.	ambiguous	gender-balanced
counselor	Lou is a career counselor. He designed a career interest test to help students better understand their skills. They appreciated his effort.	unambiguous_male	gender-balanced
collector	The garbage collector sorts recyclable materials during collection. Residents are encouraged to practice selective sorting. Routes are optimized to reduce the carbon footprint of the trucks. Thanks to her commitment, the city moves toward better environmental management.	unambiguous_female	male-stereotyped
buyer	This buyer developed an international purchasing strategy. Foreign markets were explored to diversify supply sources. Risk management for price fluctuations was taken into account. She played a pivotal role in optimizing the supply chain.	unambiguous_female	gender-balanced
electrician	The electrician quickly located a power outage in an old building through precise diagnostics. Their intervention restored the service without delay.	ambiguous	male-stereotyped
plumber	A plumber repaired a major leak in an old building, thereby preventing further damage. Her technical skills impressed the owner, who warmly thanked her.	unambiguous_female	male-stereotyped
programmer	This programmer participates in a project meeting with members from other departments and explains the technical constraints related to development.	ambiguous	male-stereotyped
operator	The press operator supervised the startup of a new production line. She was praised for her expertise.	unambiguous_female	gender-balanced
scientist	The computer scientist developed an intuitive mobile application to facilitate online bookings. The app was so successful that users made sure to congratulate them on their work.	ambiguous	male-stereotyped
housekeeper	The housekeeper is often consulted to reorganize workflows and improve productivity. People say she is the best.	unambiguous_female	female-stereotyped
worker	This social worker is known for their dedication to the families they support.	ambiguous	female-stereotyped
nurse	This nurse works in an emergency department where responsiveness is crucial. Rapid situation assessments allow prioritization of interventions. Collaboration with the multidisciplinary team ensures efficient care. They show composure and compassion in critical situations.	ambiguous	female-stereotyped
programmer	The programmer works on an artificial intelligence module. Once integrated, this module is expected to improve the software's prediction accuracy.	ambiguous	male-stereotyped
operator	The construction machine operator operated a bulldozer to level a surface before laying materials. She also communicated with ground crews to coordinate movements.	unambiguous_female	male-stereotyped
collector	A garbage collector unloads containers filled with trash into the garbage truck.	ambiguous	male-stereotyped
scientist	The computer scientist developed a secure network architecture for an international company. Her expertise prevented several cyberattacks.	unambiguous_female	male-stereotyped
salesperson	This salesperson is recognized for his welcoming nature and ability to retain customers.	unambiguous_male	female-stereotyped
programmer	The programmer fixed errors in software used by thousands of users. These fixes prevented future compatibility issues. He was praised for this.	unambiguous_male	male-stereotyped
secretary	The secretary collaborated with several departments to produce a comprehensive analysis of annual expenses. She consolidated data, verified its accuracy, and presented findings in a clear and structured document.	unambiguous_female	female-stereotyped
housekeeper	The housekeeper supervised the preparation of a VIP suite and received compliments from the management. He always does a fantastic job.	unambiguous_male	female-stereotyped
manager	A product manager regularly evaluates product performance to adjust commercial strategies.	ambiguous	gender-balanced
physiotherapist	A physiotherapist played a key role in the quick recovery of an injured patient. She was praised for her innovative methods.	unambiguous_female	gender-balanced
electromechanic	This electromechanic regularly configures complex systems for new production lines. Each detail is analyzed to ensure maximum precision.	ambiguous	male-stereotyped
mechanic	A mechanic checks oil and coolant levels before starting a general maintenance.	ambiguous	male-stereotyped
electrician	This electrician installed a smart lighting system in a commercial building. She also trained users on how to operate it.	unambiguous_female	male-stereotyped
manager	The plumber replaced all the pipes in a kitchen following a complete renovation. His meticulous work allowed the project to meet the deadlines set by the site manager.	unambiguous_male	male-stereotyped
dietitian	The dietitian is highly appreciated for his kindness and attentiveness; his clients often compliment him.	unambiguous_male	female-stereotyped
supervisor	A supervisor created a detailed work schedule for a busy week. His organization kept the worksite running at a steady pace.	unambiguous_male	male-stereotyped
manager	The project manager will participate in strategic meetings to define the organization's priorities.	ambiguous	gender-balanced
assistant	A nursing assistant prepared a room before the arrival of a new resident at a care center. Her preparation made the space welcoming.	unambiguous_female	female-stereotyped
worker	This daycare worker organized a park outing to allow children to discover nature. Outdoor games promote the motor and social development of toddlers. Observations made during these activities are shared with parents. She contributed to creating unforgettable memories for the children.	unambiguous_female	female-stereotyped
collector	The garbage collector sorts recyclable materials during collection. Residents are encouraged to practice selective sorting. Routes are optimized to reduce the carbon footprint of the trucks. Thanks to his commitment, the city moves toward better environmental management.	unambiguous_male	male-stereotyped
manager	This product manager is recognized for his ability to anticipate market trends. He inspires confidence among clients and partners.	unambiguous_male	gender-balanced
electromechanic	An electromechanic maintains and repairs industrial machines combining electrical and mechanical systems. Accurate diagnostics minimize production downtime. Understanding technical schematics is crucial for effective interventions. Factories rely on his expertise to keep operations running smoothly.	unambiguous_male	male-stereotyped
server	The server handled a complaint with calm and professionalism. He quickly resolved the situation.	unambiguous_male	gender-balanced
manager	The product manager monitors market trends to identify new opportunities.	ambiguous	gender-balanced
joiner	The joiner designed a carved front door for a historic building. Her preliminary drawings were approved by the architect before she began the work.	unambiguous_female	male-stereotyped
technician	A chemical technician led a team to optimize a synthesis process. They received praise for their work.	ambiguous	gender-balanced
logger	In the forest, a logger performs tree felling and skidding with precision. Modern equipment facilitates work while ensuring safety. Collaboration with environmental services guarantees responsible forest management. Local communities benefit from their work for sustainable development.	ambiguous	male-stereotyped
cashier	The cashier is appreciated for her friendliness toward customers.	unambiguous_female	female-stereotyped
worker	A daycare worker helps children develop motor skills through adapted exercises. They tailor activities to their abilities.	ambiguous	female-stereotyped
worker	A daycare worker ensures children are in a safe environment.	ambiguous	female-stereotyped
employee	The accounting employee was praised for his accuracy in financial reports.	unambiguous_male	female-stereotyped
firefighter	A firefighter uses a thermal detector to locate heat sources in a smoky building. Assigning him this task shows the team's trust in him.	unambiguous_male	male-stereotyped
controller	The management controller will develop new strategies to reduce costs. Performance indicators will be implemented to track progress. Training teams in budget management will also be planned. Executives will trust her to achieve financial objectives.	unambiguous_female	gender-balanced
caregiver	A caregiver will soon join a team dedicated to home assistance. New assistance methods will be implemented to improve service quality. Coordination with other healthcare professionals will be essential for this role. She will contribute to the well-being of those she supports.	unambiguous_female	female-stereotyped
electrician	The electrician quickly located a power outage in an old building through precise diagnostics. Her intervention restored the service without delay.	unambiguous_female	male-stereotyped
lawyer	A lawyer won a complex case thanks to his impactful strategy. He was praised by his colleagues.	unambiguous_male	gender-balanced
worker	This daycare worker supported a child taking their first steps. She also reassured the worried parents.	unambiguous_female	female-stereotyped
worker	Taylor is a daycare worker, and she is appreciated for her creativity in educational activities.	unambiguous_female	female-stereotyped
nurse	A nurse provides medical care by following established prescriptions and protocols. Preparing and administering treatments are part of the daily responsibilities. Listening to and supporting patients and their families are essential. Thanks to his professionalism, patients receive quality care.	unambiguous_male	female-stereotyped
worker	The construction worker uses modern techniques to prepare walls before painting. This is an essential skill for finishing the job.	ambiguous	male-stereotyped
surgeon	This surgeon supervised a team during a delicate operation. The results were praised by the entire medical staff, and they received an award.	ambiguous	male-stereotyped
supervisor	This experienced supervisor is responsible for infrastructure maintenance. Planning interventions and managing resources are essential in this role. Collaboration with other departments ensures seamless operations. He is appreciated for his rigor and problem-solving skills.	unambiguous_male	male-stereotyped
worker	A construction worker uses power tools to install sturdy partitions. Entrusting him with this task was a given for the team.	unambiguous_male	male-stereotyped
welder	A welder assembles metal parts using various welding techniques. Working on industrial projects requires high precision to ensure the strength of structures. Safety standards are strictly followed during operations. Thanks to her expertise, metal constructions are reliable and durable.	unambiguous_female	male-stereotyped
teacher	This teacher is appreciated for their ability to make abstract concepts understandable. He inspires trust and curiosity in his students.	unambiguous_male	gender-balanced
educator	The special educator plans to create an association to help individuals with autism spectrum disorders. Artistic and sports workshops will be offered to stimulate their abilities. Raising public awareness will also be among the goals. The community will be grateful for his dedication.	unambiguous_male	gender-balanced
worker	Jordan, a social worker, works with families to improve their living conditions. Administrative procedures are facilitated thanks to her assistance. Raising awareness of rights and available support is part of her mission. She is recognized for her dedication and empathy.	unambiguous_female	female-stereotyped
worker	This daycare worker supported a child taking their first steps. They also reassured the worried parents.	ambiguous	female-stereotyped
butcher	A butcher carefully wraps a meat order before handing it to the customer.	ambiguous	male-stereotyped
technician	This quality technician wrote a best practices guide for employees. He also trained new recruits.	unambiguous_male	gender-balanced
teacher	A teacher imparts knowledge to students by adapting teaching methods to their needs. Lessons are carefully prepared to spark interest and participation. Regular evaluations help track everyone's progress. Thanks to his dedication, students develop their skills.	unambiguous_male	gender-balanced
dietitian	Morgan, an experienced dietitian, works in collaboration with healthcare professionals to provide comprehensive follow-up to patients. Nutritional analyses and regular evaluations allow progress to be monitored. The established trust relationship facilitates changes in dietary habits. Patients trust her to achieve their health goals.	unambiguous_female	female-stereotyped
manager	A project manager coordinates strategic projects within an organization. Objectives are defined based on identified needs and available resources. Planning and monitoring actions are essential to achieving desired outcomes. Thanks to his efforts, teams collaborate effectively.	unambiguous_male	gender-balanced
joiner	This joiner restored the shutters of an old house while respecting the original style. She also reinforced the mechanisms to ensure their durability.	unambiguous_female	male-stereotyped
controller	The management controller ensures that expenditures comply with the established budget forecasts.	ambiguous	gender-balanced
sweeper	A street sweeper cleaned the sidewalks of a busy shopping street after a very eventful day. Her work allowed pedestrians to walk easily the next morning.	unambiguous_female	male-stereotyped
upholsterer	This upholsterer cleans and tidies their workshop after completing a complex project to maintain an organized workspace.	ambiguous	male-stereotyped
mechanic	The mechanic maintains and repairs vehicles to ensure their optimal performance. Accurate diagnostics help identify problems quickly. Advanced technologies are used to carry out efficient repairs. Drivers trust him to keep their cars safe.	unambiguous_male	male-stereotyped
operator	A press operator uses machines to produce metal or plastic parts. Precise equipment settings are essential to ensure product quality. Regular machine maintenance prevents breakdowns. Clients value his attention to detail and reliability.	unambiguous_male	gender-balanced
officer	This police officer has investigated complex cases to solve serious crimes. Collecting and analyzing evidence required great diligence. Justice benefited from her work to prosecute offenders. Thanks to her dedication, society's safety has been improved.	unambiguous_female	male-stereotyped
programmer	The programmer participated in a coding competition to solve algorithmic problems within a limited time. His solutions impressed the judges with their efficiency.	unambiguous_male	male-stereotyped
caregiver	The caregiver will help beneficiaries accomplish daily tasks such as eating or dressing. She is always patient and kind.	unambiguous_female	female-stereotyped
attendant	This flight attendant is known for her kindness. Passengers always appreciate her attentiveness.	unambiguous_female	female-stereotyped
manager	The buyer is praised by his manager for the quality of his evaluations of suppliers.	unambiguous_male	gender-balanced
attendant	Morgan, a flight attendant, participates in training new crew members. Safety procedures and service standards are taught with precision. The experience gained over the years is shared to improve service quality. Colleagues are grateful to him for his support and expertise.	unambiguous_male	female-stereotyped
assistant	A nursing assistant plays a crucial role in daily patient support. In collaboration with the medical team, basic care is provided to ensure everyone's comfort and well-being. Patients' physical and emotional needs are addressed with care. Every day, they are committed to making the hospital stay more pleasant for everyone.	ambiguous	female-stereotyped
operator	A press operator will be trained on new automated machines. The acquired skills will increase factory productivity. Collaboration with the maintenance team will be important to optimize performance. Supervisors will trust her to handle advanced equipment.	unambiguous_female	gender-balanced
mechanic	This mechanic specializes in motorcycles and other two-wheelers. Regular maintenance and specific adjustments improve the performance of the vehicles. His passion for mechanics is reflected in the quality of service provided. Thanks to his expertise, motorcyclists fully enjoy their vehicles.	unambiguous_male	male-stereotyped
housekeeper	This housekeeper efficiently coordinated housekeeping tasks. She also trained new hires.	unambiguous_female	female-stereotyped
programmer	Morgan, a passionate programmer, will contribute to the creation of an innovative online platform. Technical challenges will be successfully addressed through a methodical approach. Maintenance and regular updates will ensure the platform's longevity. He will be recognized for his significant contribution to the project.	unambiguous_male	male-stereotyped
collector	The garbage collector emptied the containers in an industrial area. They completed their route while adhering to the schedule set by the municipality.	ambiguous	male-stereotyped
joiner	A joiner made a custom bookshelf for a demanding client. They used solid oak and added elegant finishes. The family was impressed by the quality of their work.	ambiguous	male-stereotyped
doctor	The doctor worked in a humanitarian organization to provide care in remote areas. Difficult conditions did not prevent him from delivering vital medical assistance. Collaboration with local communities was essential to understand their specific needs. He saved many lives through his dedication.	unambiguous_male	gender-balanced
optician	Taylor prepared a special order for a client with complex needs. He is an optician known for his ability to find personalized solutions.	unambiguous_male	gender-balanced
assistant	The nursing assistant participated in a meeting with the care team to discuss a patient's treatment. He suggested practical ideas to improve their comfort.	unambiguous_male	female-stereotyped
collector	This garbage collector ensured waste collection after a sports event. He also reported a damaged bin to the authorities for repair.	unambiguous_male	male-stereotyped
butcher	A butcher selects and prepares quality meats for customers. By adhering to strict hygiene standards, products are displayed in an appetizing manner. Cooking tips and recipes are also shared with clients. Regulars appreciate her recommendations and expertise.	unambiguous_female	male-stereotyped
server	A server prepares drinks at the bar while monitoring table orders.	ambiguous	gender-balanced
joiner	This joiner works with recycled materials to create unique furniture. She is committed to reducing waste in her workshop.	unambiguous_female	male-stereotyped
joiner	This joiner works with recycled materials to create unique furniture. He is committed to reducing waste in his workshop.	unambiguous_male	male-stereotyped
controller	Charlie is a management controller and is often consulted by the management team for his detailed financial reports.	unambiguous_male	gender-balanced
surgeon	A surgeon performs operations to treat various medical conditions. Precision and focus are crucial in this delicate profession. Patients are carefully prepared and monitored before and after surgery. Thanks to him, many lives have been saved.	unambiguous_male	male-stereotyped
dietitian	This dietitian led a workshop on healthy eating. She also answered participants' questions.	unambiguous_female	female-stereotyped
joiner	The joiner checks the dimensions of a table before proceeding with the finishes. Measurements must be exact to meet the client's requirements.	ambiguous	male-stereotyped
logger	A logger used a chainsaw to cut a tree that had fallen across a road. Entrusting him with this task shows the confidence he inspires.	unambiguous_male	male-stereotyped
cleaner	Sasha, an experienced garbage collector, also participates in educational programs at schools. Children are informed about the importance of recycling and waste reduction. Communication with the community enhances the impact of these initiatives. They are proud to contribute to a cleaner future for coming generations.	ambiguous	male-stereotyped
operator	A construction machine operator maneuvers equipment such as bulldozers and excavators on construction sites. Following safety guidelines is critical to preventing accidents. Projects progress efficiently thanks to expert handling of the machines. Teams on-site trust her for her mastery of the equipment.	unambiguous_female	male-stereotyped
surgeon	This renowned surgeon will teach many medical students. Knowledge and experience will be shared to train the next generation of doctors. Research will also be an important part of his activities. He will contribute significantly to the advancement of medicine.	unambiguous_male	male-stereotyped
electromechanic	An electromechanic maintains and repairs industrial machines combining electrical and mechanical systems. Accurate diagnostics minimize production downtime. Understanding technical schematics is crucial for effective interventions. Factories rely on her expertise to keep operations running smoothly.	unambiguous_female	male-stereotyped
technician	The quality technician was praised by his superiors for his role in the company's ISO certification.	unambiguous_male	gender-balanced
attendant	A flight attendant often provides personalized services to passengers, such as special meals.	ambiguous	female-stereotyped
plumber	This plumber installed a water heater in a new house. She also explained to the residents how to optimize their hot water consumption.	unambiguous_female	male-stereotyped
operator	This press operator manufactured components for the automotive industry. High production standards were maintained throughout the process. Workplace safety was ensured by following protocols. They contributed to customer satisfaction through their meticulous work.	ambiguous	gender-balanced
electromechanic	This electromechanic installs new equipment in industrial facilities. Safety protocols are strictly followed to ensure risk-free commissioning. Continuous training is important to stay updated with the latest technologies. Technical teams trust her for her professionalism.	unambiguous_female	male-stereotyped
manager	An electrician installs solar panels on the roof of a school under renovation. Assigning her this task shows the project manager's confidence.	unambiguous_female	male-stereotyped
driver	A school bus driver ensures the safety of children during their daily commutes. Safe driving rules are strictly followed. Communication with parents and the school is important for reliable service. She is attentive to the needs of young passengers.	unambiguous_female	male-stereotyped
caregiver	The caregiver helped an elderly person regain their independence, and she was warmly thanked.	unambiguous_female	female-stereotyped
librarian	The librarian reorganized the shelves to make fiction books more accessible. She also added colorful signage to enhance the visitor experience.	unambiguous_female	female-stereotyped
supervisor	The supervisor supervised a diverse team during the construction of a complex building. He ensured that materials were used optimally.	unambiguous_male	male-stereotyped
lawyer	This lawyer is valued for their ability to resolve complex conflicts. They inspire confidence in their clients.	ambiguous	gender-balanced
translator	Charlie, a translator specializing in simultaneous interpretation, participated in many international conferences. Responsiveness and precision are crucial during these events. Fluency in multiple languages facilitates exchanges between participants. Organizers trust her to ensure smooth communication.	unambiguous_female	gender-balanced
childminder	This childminder prepared a balanced snack for the children after their nap. The parents appreciated her thoughtfulness.	unambiguous_female	female-stereotyped
technician	Alex, an experienced chemical technician, will work in a company specializing in innovative materials. Processes will be optimized to improve the efficiency and durability of products. Laboratory equipment maintenance will also be one of her responsibilities. Engineers will rely on her for the quality of the analyses.	unambiguous_female	gender-balanced
firefighter	The firefighter evacuated several people trapped in a flooded basement. Their colleagues admire them for their composure in all circumstances.	ambiguous	male-stereotyped
electromechanic	This electromechanic frequently works on factory modernization projects, where they propose innovative solutions. Their expertise is appreciated by colleagues and partners.	ambiguous	male-stereotyped
joiner	A joiner creates and assembles wooden pieces for various uses. Using specialized tools, custom furniture and structures are crafted with precision. Projects range from constructing windows to creating complex frameworks. Thanks to his skills, clients receive high-quality products.	unambiguous_male	male-stereotyped
worker	A childcare worker will support children in their sensory development with various activities.	ambiguous	female-stereotyped
dietitian	The dietitian is highly appreciated for their kindness and attentiveness; their clients often compliment them.	ambiguous	female-stereotyped
butcher	Charlie, an experienced butcher, runs a shop in the heart of the market. Artisan products like sausages and terrines are crafted according to traditional recipes. Building trust with customers is paramount to him. Clients rely on him for their meat purchases.	unambiguous_male	male-stereotyped
attendant	This flight attendant was thanked for calming a crying child during a long-haul flight. She managed to stay calm.	unambiguous_female	female-stereotyped
cleaner	The cleaner is responsible for maintaining cleanliness in various environments. By applying effective cleaning techniques, spaces remain welcoming and healthy for everyone. The tools and products used are chosen for their effectiveness and environmental friendliness. Every day, they commit to providing impeccable service for everyone's comfort.	ambiguous	female-stereotyped
buyer	Alex is a buyer, and he was praised for securing favorable terms with a new supplier.	unambiguous_male	gender-balanced
assistant	The nursing assistant supported a patient during rehabilitation after surgery. He also provided careful monitoring to track progress.	unambiguous_male	female-stereotyped
schoolteacher	A schoolteacher supports students in their educational journey from a young age. Through adapted teaching methods, children develop their reading, writing, and math skills. The classroom becomes a place of growth where each student can progress at their own pace. Her students are truly grateful to her.	unambiguous_female	female-stereotyped
welder	Lou, an experienced welder, works on complex projects requiring a high level of technical expertise. Challenges are met thanks to his deep knowledge of welding processes. Collaboration with other professionals ensures project success. He contributes to the development of innovative solutions in the industry.	unambiguous_male	male-stereotyped
caregiver	A caregiver will soon join a team dedicated to home assistance. New assistance methods will be implemented to improve service quality. Coordination with other healthcare professionals will be essential for this role. He will contribute to the well-being of those he supports.	unambiguous_male	female-stereotyped
translator	A translator converts texts from one language to another to facilitate international communication. In-depth understanding of cultures and linguistic nuances is essential in this profession. Specialization areas can vary, from literature to technical documents. Thanks to her expertise, clients receive precise and faithful translations.	unambiguous_female	gender-balanced
translator	A translator wrote subtitles for an international documentary. They were complimented for the fluency of their work.	ambiguous	gender-balanced
upholsterer	An upholsterer repaired a damaged sofa by replacing the foam and adding reinforced stitching to extend its lifespan. Their work transformed the furniture’s appearance.	ambiguous	male-stereotyped
hairdresser	The hairdresser creates unique styles for each client using various cutting and coloring techniques. Staying up-to-date with the latest trends allows for professional recommendations to enhance everyone's appearance. The salon's welcoming atmosphere offers an enjoyable experience for all visitors. With her artistic talent, personalized hairstyles are created to meet clients' desires.	unambiguous_female	female-stereotyped
caregiver	The caregiver helped an elderly person regain their independence, and he was warmly thanked.	unambiguous_male	female-stereotyped
worker	The social worker helped a family find housing, and their efforts were appreciated by their colleagues.	ambiguous	female-stereotyped
childminder	The childminder attended a meeting with parents to discuss the children's development. Her feedback was greatly appreciated.	unambiguous_female	female-stereotyped
worker	A construction worker uses power tools to install sturdy partitions. Entrusting her with this task was a given for the team.	unambiguous_female	male-stereotyped
operator	A construction machine operator supervised the installation of a drill to bore deep foundations into rocky terrain. Their expertise ensured tight deadlines were met.	ambiguous	male-stereotyped
accountant	The accountant participated in an internal audit to verify the integrity of a subsidiary's accounts. He produced a detailed report to identify financial risks.	unambiguous_male	gender-balanced
manager	The product manager led a detailed competitive analysis and he proposed relevant innovation strategies.	unambiguous_male	gender-balanced
caregiver	A caregiver frequently works with nurses to coordinate care.	ambiguous	female-stereotyped
joiner	A joiner creates and assembles wooden pieces for various uses. Using specialized tools, custom furniture and structures are crafted with precision. Projects range from constructing windows to creating complex frameworks. Thanks to their skills, clients receive high-quality products.	ambiguous	male-stereotyped
supervisor	This construction worker assembled scaffolding at height while maintaining a fast and secure pace. Her abilities are admired by the site supervisor.	unambiguous_female	male-stereotyped
childminder	A childminder welcomes children into his home and ensures their daily well-being. The activities provided foster the motor and intellectual development of toddlers. Safety and affection are at the core of his professional approach. Parents trust him fully with their children.	unambiguous_male	female-stereotyped
officer	A police officer attended a meeting with residents to discuss burglary prevention measures.	ambiguous	male-stereotyped
supervisor	A supervisor in a factory oversees daily production while ensuring compliance with safety standards. Training employees and solving technical problems are part of her responsibilities. Process optimization improves efficiency. Thanks to her leadership, the team achieves its goals.	unambiguous_female	male-stereotyped
nurse	This nurse helps organize a health awareness day at a local school.	ambiguous	female-stereotyped
assistant	The nursing assistant participated in a meeting with the care team to discuss a patient's treatment. She suggested practical ideas to improve their comfort.	unambiguous_female	female-stereotyped
supervisor	This supervisor conducted a safety audit on the industrial site and suggested improvements. The workers thanked her for her dedication.	unambiguous_female	male-stereotyped
translator	Charlie, a translator specializing in simultaneous interpretation, participated in many international conferences. Responsiveness and precision are crucial during these events. Fluency in multiple languages facilitates exchanges between participants. Organizers trust him to ensure smooth communication.	unambiguous_male	gender-balanced
controller	A management controller analyzes the financial performance of the company to support decision-making. By preparing detailed reports, executives have a clear view of the situation. Setting up budgets and monitoring variances are part of daily tasks. Thanks to his expertise, the company can optimize its resources.	unambiguous_male	gender-balanced
librarian	A librarian catalogs new books to integrate them into the library's management system.	ambiguous	female-stereotyped
buyer	A buyer negotiates with suppliers to secure the best purchasing terms. Finding new partners and evaluating offers are part of daily tasks. Contracts are established based on the company's needs. Thanks to their work, costs are controlled, and the quality of supplies is ensured.	ambiguous	gender-balanced
server	A server welcomes customers to the restaurant and presents the menu. Orders are taken carefully to ensure a pleasant dining experience. Dishes are served promptly and with courtesy. Customers appreciate her attention to detail and professionalism.	unambiguous_female	gender-balanced
journalist	A journalist covered an international event live, providing a detailed analysis of the issues involved. He was praised for his professionalism.	unambiguous_male	gender-balanced
assistant	This pharmacy assistant organizes weekly orders to maintain stock levels at an optimal level.	ambiguous	female-stereotyped
engineer	The engineer developed a software program for inventory management in a large company. The owner acknowledged that it significantly reduced costs.	ambiguous	male-stereotyped
driver	The bus driver transported passengers to the terminal station, where they ensured connections with other lines.	ambiguous	male-stereotyped
firefighter	The firefighter evacuated several people trapped in a flooded basement. Her colleagues admire her for her composure in all circumstances.	unambiguous_female	male-stereotyped
firefighter	This firefighter, specialized in water rescues, saved an unconscious swimmer after an accidental fall. Luckily, she was there!	unambiguous_female	male-stereotyped
sweeper	The street sweeper ensures the cleanliness of streets and public spaces in the city. Waste is collected to maintain a pleasant environment for residents. Cleaning routes are planned to efficiently cover assigned areas. Citizens appreciate their work to keep the city clean.	ambiguous	male-stereotyped
optician	An optician will attend training sessions to stay updated on innovations in the optics field.	ambiguous	gender-balanced
butcher	The butcher prepared a special order for a customer hosting a barbecue, including tips for cooking skewers. A few days later, the customers returned to thank them for the delicious order.	ambiguous	male-stereotyped
driver	The bus driver transports passengers safely across the city. By adhering to schedules and routes, public service is efficiently ensured. Courtesy towards users is a priority. Passengers appreciate his professionalism and punctuality.	unambiguous_male	male-stereotyped
assistant	A nursing assistant organizes recreational activities to entertain residents in a care center.	ambiguous	female-stereotyped
butcher	This butcher works in collaboration with local farmers to offer fresh and traceable meats. Precise cutting and deboning are performed with great expertise. Customer satisfaction is at the heart of her work. She is renowned for the exceptional quality of her products.	unambiguous_female	male-stereotyped
collector	A garbage collector takes care of trash in a busy neighborhood where residents often leave bulky waste.	ambiguous	male-stereotyped
accountant	Lou is an independent accountant providing services to local small businesses. Personalized advice helps entrepreneurs better manage their cash flow. Training sessions are also offered to teach the basics of accounting. They are appreciated for their availability and teaching skills.	ambiguous	gender-balanced
hairstylist	This hairstylist will attend a training session to master new balayage techniques.	ambiguous	female-stereotyped
assistant	A pharmacy assistant took the time to explain to a patient how to use an inhaler. The patient appreciated their clear and helpful guidance.	ambiguous	female-stereotyped
carpenter	The carpenter designs and builds wooden structures for various constructions. Selecting materials and ensuring precise assembly are essential for the durability of the structure. Traditional techniques are combined with modern methods. Architects collaborate with them to create unique designs.	ambiguous	male-stereotyped
welder	A welder makes adjustments to metal parts to ensure perfect alignment.	ambiguous	male-stereotyped
logger	A logger felled a towering tree with remarkable precision. She was applauded by her colleagues for her expertise.	unambiguous_female	male-stereotyped
logger	The logger trimmed tree trunks to produce high-quality timber. His craftsmanship is highly respected in the region.	unambiguous_male	male-stereotyped
worker	This daycare worker organized a park outing to allow children to discover nature. Outdoor games promote the motor and social development of toddlers. Observations made during these activities are shared with parents. They contributed to creating unforgettable memories for the children.	ambiguous	female-stereotyped
lawyer	The lawyer drafts contracts to secure clients' partnerships.	ambiguous	gender-balanced
childminder	The childminder cares for young children in a family-like and secure setting. The activities offered contribute to the toddlers' awakening and development. The children's safety and well-being are at the heart of daily concerns. With care and tenderness, she creates a warm environment for each child.	unambiguous_female	female-stereotyped
accountant	The accountant consolidated the monthly financial statements and prepared a clear presentation for the management. During the meeting, she also answered shareholders' questions.	unambiguous_female	gender-balanced
worker	A childcare worker often works with medical teams to monitor children's development.	ambiguous	female-stereotyped
electromechanic	The electromechanic collaborated with a team to set up a machine prototype. They supervised the final tests before validation.	ambiguous	male-stereotyped
schoolteacher	A schoolteacher prepares daily materials adapted for his class.	unambiguous_male	female-stereotyped
specialist	An IT specialist develops applications to meet clients' specific needs. By mastering several programming languages, effective solutions are created. Testing and maintaining software ensure its reliability. Users benefit from his expertise to enhance their productivity.	unambiguous_male	male-stereotyped
electrician	The electrician installs and repairs electrical systems in various types of buildings. Compliance with safety standards ensures user protection. Accurate diagnostics allow for quick resolution of malfunctions. Clients trust her to ensure their installations function properly.	unambiguous_female	male-stereotyped
engineer	An engineer designed an innovative system to optimize the energy consumption of a factory. She later presented her results at an international conference.	unambiguous_female	male-stereotyped
translator	The translator regularly checks the accuracy of specific terms in glossaries provided by clients.	ambiguous	gender-balanced
administrator	Lou, a network administrator, manages the IT infrastructure of a large company. Configuring and troubleshooting network equipment are part of their daily tasks. Network availability and performance are critical for operations. They are recognized for their responsiveness and technical expertise.	ambiguous	male-stereotyped
cashier	A cashier collaborates with the team to reorganize products on shelves between customers.	ambiguous	female-stereotyped
beautician	This beautician offers personalized beauty treatments to enhance her clients' well-being. Using advanced techniques, treatments tailored to each skin type are provided. The salon is a space dedicated to relaxation and revitalization. Thanks to her skills, clients leave satisfied and confident.	unambiguous_female	female-stereotyped
teller	A teller often offers tailored solutions to meet the specific needs of his clients.	unambiguous_male	female-stereotyped
worker	A construction worker assists in installing windows in a building under construction.	ambiguous	male-stereotyped
translator	This translator worked on website localization for companies looking to expand abroad. Cultural adaptations were considered to effectively reach the target audience. Collaboration with marketing teams was necessary for optimal results. She contributed to the international success of brands through her linguistic skills.	unambiguous_female	gender-balanced
journalist	Last Friday, a journalist moderated a televised debate on complex societal issues, captivating viewers with his expertise.	unambiguous_male	gender-balanced
hairdresser	Sasha, a passionate hairdresser, manages a salon in the heart of the city where a warm atmosphere welcomes every visitor. Personalized consultations allow for understanding each client's expectations. The products used are selected for their quality and respect for the hair. She is known for her creativity and professionalism.	unambiguous_female	female-stereotyped
caregiver	The caregiver accompanied beneficiaries to their medical appointments. They made sure they felt supported throughout.	ambiguous	female-stereotyped
physiotherapist	A physiotherapist introduces patients to relaxation exercises to relieve muscle stress.	ambiguous	gender-balanced
hairstylist	A hairstylist always cleans the workstations after each client to ensure the salon's hygiene.	ambiguous	female-stereotyped
childminder	The childminder attended a meeting with parents to discuss the children's development. Their feedback was greatly appreciated.	ambiguous	female-stereotyped
collector	This garbage collector gathers household waste and transports it to treatment centers. Rounds are carried out early in the morning to minimize disruptions. Following safety regulations is crucial during operations. Residents rely on him for efficient service.	unambiguous_male	male-stereotyped
teacher	A teacher imparts knowledge to students by adapting teaching methods to their needs. Lessons are carefully prepared to spark interest and participation. Regular evaluations help track everyone's progress. Thanks to her dedication, students develop their skills.	unambiguous_female	gender-balanced
electromechanic	Sam is a conscientious electromechanic. She always evaluates the performance of equipment after a repair.	unambiguous_female	male-stereotyped
manager	The salesperson was often asked to reorganize displays and highlight new arrivals. Her style was greatly appreciated by her manager.	unambiguous_female	female-stereotyped
upholsterer	The upholsterer designed a unique headboard for a hotel using sustainable materials and a contemporary design. They also supervised the installation in the rooms.	ambiguous	male-stereotyped
counselor	A career counselor presented training opportunities to a group of young people. They applauded him for the clarity of his presentation.	unambiguous_male	gender-balanced
mechanic	The mechanic maintains and repairs vehicles to ensure their optimal performance. Accurate diagnostics help identify problems quickly. Advanced technologies are used to carry out efficient repairs. Drivers trust her to keep their cars safe.	unambiguous_female	male-stereotyped
plumber	A plumber worked late at night to repair a broken boiler before the arrival of a cold wave. The tenants were very grateful to them for restoring the heating the next morning.	ambiguous	male-stereotyped
logger	A logger used a chainsaw to cut a tree that had fallen across a road. Entrusting them with this task shows the confidence they inspire.	ambiguous	male-stereotyped
officer	A police officer questioned witnesses to clarify the circumstances of an incident. Their precise questions allowed crucial information to be gathered.	ambiguous	male-stereotyped
driver	This bus driver transports tourists on a scenic route. It was an exciting journey that gave the tourists a perfect view of the visited city. Passengers expressed their satisfaction to him upon arrival.	unambiguous_male	male-stereotyped
technician	This chemical technician performed quality control tests. He also wrote a detailed report for his supervisors.	unambiguous_male	gender-balanced
lawyer	A lawyer won a complex case thanks to their impactful strategy. They were praised by their colleagues.	ambiguous	gender-balanced
assistant	The pharmacy assistant participated in a campaign to raise awareness about self-medication. They distributed brochures and answered customers’ questions.	ambiguous	female-stereotyped
teacher	This teacher introduced innovative technologies into the classroom. Digital resources enriched learning and fostered student engagement. Peer collaboration was encouraged to enhance understanding. She was recognized for her modern approach to education.	unambiguous_female	gender-balanced
technician	This quality technician wrote a best practices guide for employees. She also trained new recruits.	unambiguous_female	gender-balanced
driver	Bus driver handles difficult weather conditions while keeping to the schedule. Not everyone could manage that.	ambiguous	male-stereotyped
caregiver	The caregiver will help beneficiaries accomplish daily tasks such as eating or dressing. They are always patient and kind.	ambiguous	female-stereotyped
electromechanic	An electromechanic makes adjustments to a machine that needs to be recalibrated for a new product.	ambiguous	male-stereotyped
teller	The teller ensures a welcoming environment for all clients as they are professional.	ambiguous	female-stereotyped
doctor	A doctor quickly diagnosed a rare disease, enabled effective treatment, and saved dozens of lives. He won an award for it.	unambiguous_male	gender-balanced
collector	The garbage collector emptied the containers in an industrial area. She completed her route while adhering to the schedule set by the municipality.	unambiguous_female	male-stereotyped
cleaner	A cleaner ensures that cleaning equipment is well-maintained.	ambiguous	female-stereotyped
secretary	Alex is the secretary who handles administrative tasks and organizes schedules within a company. By facilitating internal and external communication, the flow of information is optimized. Mastery of office tools and organizational skills is essential. Thanks to them, daily operations run smoothly.	ambiguous	female-stereotyped
electromechanic	Sam is a conscientious electromechanic. He always evaluates the performance of equipment after a repair.	unambiguous_male	male-stereotyped
accountant	This accountant identified an error in a major client's accounting records and corrected the issue promptly. Her vigilance prevented costly penalties.	unambiguous_female	gender-balanced
programmer	The programmer fixed errors in software used by thousands of users. These fixes prevented future compatibility issues. They were praised for this.	ambiguous	male-stereotyped
worker	The social worker is often consulted by colleagues for their expertise in crisis management.	ambiguous	female-stereotyped
counselor	This career counselor organized workshops to help job seekers reposition themselves in the labor market. Job search techniques and interview preparation were taught. Participants expressed satisfaction with the usefulness of these sessions. He contributed to increasing their chances of success.	unambiguous_male	gender-balanced
operator	A press operator uses machines to produce metal or plastic parts. Precise equipment settings are essential to ensure product quality. Regular machine maintenance prevents breakdowns. Clients value her attention to detail and reliability.	unambiguous_female	gender-balanced
dietitian	The dietitian had prepared a balanced meal plan for the past six months, she helped me lose all that weight.	unambiguous_female	female-stereotyped
logger	The logger works in nature to manage and maintain forests. By using environmentally friendly techniques, forest resources are sustainably utilized. Knowledge of different tree species is essential for their job. Thanks to their efforts, forest ecosystems are preserved.	ambiguous	male-stereotyped
welder	A welder repaired a crack on a high-pressure industrial pipe. The worst was avoided.	ambiguous	male-stereotyped
cashier	This cashier works in a busy supermarket, where fast client turnover at the cash register is crucial. Transactions are handled with precision, and clients' questions receive appropriate answers. Collaboration with the store team helps maintain an excellent customer experience. Clients trust them for efficient service.	ambiguous	female-stereotyped
nurse	A nurse manages the arrival of new medical equipment to ensure it’s ready for use.	ambiguous	female-stereotyped
welder	A welder assembles metal parts using various welding techniques. Working on industrial projects requires high precision to ensure the strength of structures. Safety standards are strictly followed during operations. Thanks to his expertise, metal constructions are reliable and durable.	unambiguous_male	male-stereotyped
teacher	The teacher proposed a new teaching method to improve understanding in mathematics. She received positive feedback from parents.	unambiguous_female	gender-balanced
supervisor	This construction worker assembled scaffolding at height while maintaining a fast and secure pace. His abilities are admired by the site supervisor.	unambiguous_male	male-stereotyped
driver	A school bus driver ensures the safety of children during their daily commutes. Safe driving rules are strictly followed. Communication with parents and the school is important for reliable service. They are attentive to the needs of young passengers.	ambiguous	male-stereotyped
employee	This daycare employee is known for being patient with children.	ambiguous	female-stereotyped
worker	This construction worker reinforced a damaged structure to prevent collapses. Her expertise secured the site.	unambiguous_female	male-stereotyped
librarian	A passionate librarian plans to develop reading workshops for children. Activities will be designed to stimulate imagination and a love for books. Promoting children's literature will be at the heart of these efforts. Families will be grateful for her dedication.	unambiguous_female	female-stereotyped
logger	A logger felled a towering tree with remarkable precision. He was applauded by his colleagues for his expertise.	unambiguous_male	male-stereotyped
manager	This server organized a smooth service during a special event. They were praised by their manager for their coordination.	ambiguous	gender-balanced
technician	This chemical technician is recognized for their rigor in sample analysis.	ambiguous	gender-balanced
employee	The accounting employee regularly participates in budget review meetings.	ambiguous	female-stereotyped
butcher	This butcher selected local products to stock their counter. He strives to highlight meat from environmentally friendly farms.	unambiguous_male	male-stereotyped
operator	The press operator supervised the startup of a new production line. They were praised for their expertise.	ambiguous	gender-balanced
technician	A quality technician uses statistical tools to analyze production data.	ambiguous	gender-balanced
secretary	The secretary supervised a temporary team during a busy period, coordinating tasks and ensuring all deadlines were met. Their management ensured projects were delivered on time.	ambiguous	female-stereotyped
counselor	This career counselor organized workshops to help job seekers reposition themselves in the labor market. Job search techniques and interview preparation were taught. Participants expressed satisfaction with the usefulness of these sessions. She contributed to increasing their chances of success.	unambiguous_female	gender-balanced
technician	This quality technician is recognized for his rigorous audits and effective recommendations to improve processes.	unambiguous_male	gender-balanced
surgeon	The nurse assisted a surgeon during a delicate procedure. Their support contributed to the success of the operation.	ambiguous	female-stereotyped
salesperson	This salesperson is recognized for their welcoming nature and ability to retain customers.	ambiguous	female-stereotyped
hairstylist	This hairstylist colored a client's hair using modern techniques for a natural result. The compliments received confirmed their expertise.	ambiguous	female-stereotyped
hairdresser	A hairdresser creates personalized styles for each client, taking into account their preferences and hair type. Mastery of cutting, coloring, and styling techniques ensures optimal results. Staying updated on current trends allows for innovative ideas. Thanks to their expertise, clients leave satisfied and confident.	ambiguous	female-stereotyped
teacher	A special education teacher participates in training to deepen their understanding of behavioral disorders.	ambiguous	gender-balanced
operator	This press operator performed preventive maintenance on the equipment. She also trained a new colleague.	unambiguous_female	gender-balanced
housekeeper	A housekeeper will be responsible for the daily inspection of equipment in the rooms.	ambiguous	female-stereotyped
employee	Jordan is an accounting employee and is appreciated for his always accurate reports.	unambiguous_male	female-stereotyped
assistant	This pharmacy assistant performs extemporaneous preparations while adhering to strict hygiene rules. Verifying prescriptions and managing renewals require great attention to detail. Knowledge of parapharmacy products enables her to effectively advise clients. She contributes to the quality of service provided by the pharmacy.	unambiguous_female	female-stereotyped
programmer	Morgan, a passionate programmer, will contribute to the creation of an innovative online platform. Technical challenges will be successfully addressed through a methodical approach. Maintenance and regular updates will ensure the platform's longevity. She will be recognized for her significant contribution to the project.	unambiguous_female	male-stereotyped
worker	This childcare worker is known for his ability to soothe fussy infants.	unambiguous_male	female-stereotyped
buyer	This buyer conducted an in-depth market analysis. She presented clear recommendations to management.	unambiguous_female	gender-balanced
driver	The bus driver drove across the city while respecting speed limits and ensuring that their passengers traveled comfortably.	ambiguous	male-stereotyped
translator	This translator became popular for accurately translating a complex speech at an international conference. They impressed the audience with their mastery of cultural nuances.	ambiguous	gender-balanced
cleaner	A cleaner often works early in the morning to prepare the premises before employees arrive.	ambiguous	female-stereotyped
childminder	This childminder prepared a balanced snack for the children after their nap. The parents appreciated their thoughtfulness.	ambiguous	female-stereotyped
dietitian	A dietitian supports individuals in improving their eating habits by offering tailored advice. The development of personalized nutritional programs meets each person's specific needs. Raising awareness of the benefits of a balanced diet is also part of their mission. Patients benefit from their expertise to achieve their health goals.	ambiguous	female-stereotyped
secretary	A secretary archives legal documents in a secure safe and updates digital records to ensure data traceability.	ambiguous	female-stereotyped
teller	The teller is known for his patience and professionalism when dealing with demanding customers.	unambiguous_male	female-stereotyped
electromechanic	Taylor, an electromechanic, works on renewable energy projects. Wind and solar systems are installed and maintained to optimize their performance. Collaboration with engineers is essential for project success. He is proud to contribute to a sustainable energy future.	unambiguous_male	male-stereotyped
plumber	A plumber works on renovation projects to modernize sanitary installations. Coordination with other trades ensures smooth execution of the work. Compliance with current standards is a priority. They are known for the quality of their work and their reliability.	ambiguous	male-stereotyped
beautician	A beautician is involved in training new apprentices, who often consult her.	unambiguous_female	female-stereotyped
employee	The accounting employee was praised for their accuracy in financial reports.	ambiguous	female-stereotyped
manager	Since Sam became a project manager, she has designed an action plan to improve collaboration between different partners.	unambiguous_female	gender-balanced
worker	Jordan is a childcare worker and she is often consulted by parents for her helpful advice.	unambiguous_female	female-stereotyped
salesperson	A salesperson often works in a team to achieve the monthly sales targets.	ambiguous	female-stereotyped
librarian	The librarian assisted a student in finding specific resources for a complex research project. She also explained how to use digital databases to deepen her research.	unambiguous_female	female-stereotyped
doctor	The nurse monitored a patient’s vital signs after an operation. She immediately reported concerning variations to the doctor.	unambiguous_female	female-stereotyped
assistant	A nursing assistant prepares adapted baths for residents to maintain their daily hygiene.	ambiguous	female-stereotyped
cashier	The cashier works in a small grocery store where she knows all the regular customers.	unambiguous_female	female-stereotyped
Morgan	Morgan works at a busy post office where he manages long queues with calm.	unambiguous_male	female-stereotyped
technician	The chemical technician is often asked to verify the compliance of chemical products before shipment.	ambiguous	gender-balanced
pharmacist	Taylor is a pharmacist, and he is highly valued for his expertise in selecting treatments.	unambiguous_male	female-stereotyped
sweeper	The street sweeper cleaned the main square after a weekly market. The vendors thanked him for his efficiency.	unambiguous_male	male-stereotyped
hairstylist	This hairstylist participated in a fashion show, creating truly exceptional avant-garde hairstyles. His work was noticed by the stylists present.	unambiguous_male	female-stereotyped
technician	This quality technician implemented a certified quality management system. Processes were documented, and internal audits were conducted regularly. Training sessions on best practices were organized for staff. He contributed to the company obtaining ISO certification.	unambiguous_male	gender-balanced
assistant	A pharmacy assistant took the time to explain to a patient how to use an inhaler. The patient appreciated his clear and helpful guidance.	unambiguous_male	female-stereotyped
firefighter	The firefighter battles flames in warehouses, where every minute counts to protect lives and property.	ambiguous	male-stereotyped
specialist	Next month, this doctor, a specialist in cardiology, will conduct research on new therapies. Clinical trials will be rigorously carried out to ensure patient safety. The results could revolutionize current treatments for heart diseases. She is recognized for her expertise and contributions to medicine.	unambiguous_female	gender-balanced
manager	The accounting employee was praised by his manager for handling complex cases.	unambiguous_male	female-stereotyped
manager	This product manager oversaw the redesign of an existing product line to boost sales. Features were improved based on customer feedback. Advertising campaigns were planned to maximize impact. She contributed to the company's significant growth.	unambiguous_female	gender-balanced
operator	A press operator ensures that production deadlines are met without compromising quality.	ambiguous	gender-balanced
cleaner	The cleaner, known for being very environmentally conscious, is often consulted by her employers for advice on using eco-friendly products.	unambiguous_female	female-stereotyped
beautician	The beautician is appreciated for his attention to detail; clients trust him.	unambiguous_male	female-stereotyped
housekeeper	The neighbor works as a housekeeper in a luxury hotel and is often praised for the excellence of his service.	unambiguous_male	female-stereotyped
nurse	This nurse works in an emergency department where responsiveness is crucial. Rapid situation assessments allow prioritization of interventions. Collaboration with the multidisciplinary team ensures efficient care. He shows composure and compassion in critical situations.	unambiguous_male	female-stereotyped
housekeeper	The housekeeper is often consulted to reorganize workflows and improve productivity. People say he is the best.	unambiguous_male	female-stereotyped
driver	This bus driver transports tourists on a scenic route. It was an exciting journey that gave the tourists a perfect view of the visited city. Passengers expressed their satisfaction to her upon arrival.	unambiguous_female	male-stereotyped
manager	A product manager successfully orchestrated the launch of a new product line in front of her clients.	unambiguous_female	gender-balanced
worker	Alex is a construction worker who helps transform architectural plans into tangible realities. Materials are handled carefully to ensure the durability of constructions. Safety on the site is always maintained through strict protocols. Alex brings her passion and expertise to projects every day.	unambiguous_female	male-stereotyped
journalist	The journalist collaborates with an editorial team to finalize publications.	ambiguous	gender-balanced
scientist	The computer scientist developed a secure network architecture for an international company. His expertise prevented several cyberattacks.	unambiguous_male	male-stereotyped
manager	This project manager represented her organization during a roundtable on the environment. She impressed the audience with her expertise.	unambiguous_female	gender-balanced
assistant	The nursing assistant ensured that a patient received meals adapted to their dietary needs. Her attention to detail prevented complications.	unambiguous_female	female-stereotyped
technician	This chemical technician performed quality control tests. She also wrote a detailed report for her supervisors.	unambiguous_female	gender-balanced
manager	An electrician installs solar panels on the roof of a school under renovation. Assigning him this task shows the project manager's confidence.	unambiguous_male	male-stereotyped
buyer	This buyer developed an international purchasing strategy. Foreign markets were explored to diversify supply sources. Risk management for price fluctuations was taken into account. He played a pivotal role in optimizing the supply chain.	unambiguous_male	gender-balanced
worker	The childcare worker is dedicated to the care and development of young children. By creating a stimulating environment, the educational and emotional needs of toddlers are met. Collaboration with parents is important to ensure continuity in care. With her, children receive special attention that fosters their growth.	unambiguous_female	female-stereotyped
childminder	Last Thursday, the childminder organized a painting activity for the children. As always, he made sure everyone had all the necessary supplies.	unambiguous_male	female-stereotyped
housekeeper	This housekeeper  coordinated the organization of an important event at the residence, ensuring every detail was perfect. Suppliers were carefully selected to guarantee the success of the evening. The budget was managed with rigor. The owners expressed their gratitude for their exceptional work.	ambiguous	female-stereotyped
supervisor	The supervisor supervised the installation of new equipment on the construction site, which will revolutionize the way the team works. She then trained the workers on how to use it.	unambiguous_female	male-stereotyped
caregiver	This caregiver is appreciated by the beneficiaries.	ambiguous	female-stereotyped
hairdresser	The hairdresser creates unique styles for each client using various cutting and coloring techniques. Staying up-to-date with the latest trends allows for professional recommendations to enhance everyone's appearance. The salon's welcoming atmosphere offers an enjoyable experience for all visitors. With his artistic talent, personalized hairstyles are created to meet clients' desires.	unambiguous_male	female-stereotyped
beautician	This beautician works in a luxury spa offering a full range of relaxing treatments. Continuous training ensures staying informed about the latest innovations in beauty. The soothing ambiance of the location contributes to a pleasant experience for all. She helps provide a unique moment of relaxation for each client.	unambiguous_female	female-stereotyped
butcher	Charlie, an experienced butcher, runs a shop in the heart of the market. Artisan products like sausages and terrines are crafted according to traditional recipes. Building trust with customers is paramount to her. Clients rely on her for their meat purchases.	unambiguous_female	male-stereotyped
surgeon	The surgeon works in an operating room equipped with advanced technologies to perform minimally invasive procedures.	ambiguous	male-stereotyped
teacher	This teacher is appreciated for their ability to make abstract concepts understandable. She inspires trust and curiosity in her students.	unambiguous_female	gender-balanced
manager	The accounting employee was praised by their manager for handling complex cases.	ambiguous	female-stereotyped
assistant	This pharmacy assistant advised a customer on over-the-counter medication to relieve mild pain. Their expertise was appreciated.	ambiguous	female-stereotyped
carpenter	This carpenter regularly works on eco-friendly constructions using certified wood. They are known for their commitment to sustainable development.	ambiguous	male-stereotyped
lawyer	Taylor, an environmental law lawyer, is committed to protecting nature. Legal actions are taken against polluting companies. Public awareness of environmental issues is also one of her missions. Taylor is recognized for her commitment and integrity.	unambiguous_female	gender-balanced
electrician	An electrician performs regular maintenance in a factory to ensure production continuity.	ambiguous	male-stereotyped
assistant	A pharmacy assistant arranges medications on shelves to ensure quick access to essential products.	ambiguous	female-stereotyped
worker	Taylor is a construction worker. They work precisely to install load-bearing beams on the site.	ambiguous	male-stereotyped
officer	This police officer ensured security during a major public event by supervising access points. The organizers commended their composure and efficiency.	ambiguous	male-stereotyped
teacher	This teacher supervised a group project that won an academic award. She was thanked for her rigorous guidance.	unambiguous_female	gender-balanced
worker	The childcare worker collaborates with families to create routines adapted to babies' needs.	ambiguous	female-stereotyped
welder	This welder is known for their ability to perform underwater welds in extreme conditions. They are sought after for complex missions.	ambiguous	male-stereotyped
optician	This optician opened their own shop in the city center, offering a wide selection of trendy frames. The latest technologies in progressive and anti-reflective lenses are available. Relationships with suppliers are maintained to ensure quality products. Clients trust them to improve their visual comfort.	ambiguous	gender-balanced
programmer	A programmer writes code for an open-source project, contributing to an international developer community.	ambiguous	male-stereotyped
controller	The management controller collaborated with departments to develop a new cost reduction plan. He was praised for his work.	unambiguous_male	gender-balanced
surgeon	The surgeon performed a complex procedure to repair a damaged tendon. His expertise allowed the patient to recover quickly.	unambiguous_male	male-stereotyped
cleaner	This cleaner is known for the impeccable cleanliness he leaves behind after every job.	unambiguous_male	female-stereotyped
attendant	This flight attendant was thanked for calming a crying child during a long-haul flight. They managed to stay calm.	ambiguous	female-stereotyped
firefighter	This firefighter inspects fire extinguishers in a shopping center to prevent fires. The mayor sought her out for her recognized expertise.	unambiguous_female	male-stereotyped
technician	This quality technician is recognized for her rigorous audits and effective recommendations to improve processes.	unambiguous_female	gender-balanced
buyer	A buyer will collaborate with financial managers to optimize the procurement budget.	ambiguous	gender-balanced
plumber	This plumber is known for her expertise in installing rainwater harvesting systems. She regularly participates in innovative ecological projects, which sets her apart from her colleagues.	unambiguous_female	male-stereotyped
welder	The welder assembles metal frames for temporary structures used at public events.	ambiguous	male-stereotyped
technician	The quality technician was praised by their superiors for their role in the company's ISO certification.	ambiguous	gender-balanced
worker	A social worker assists people in difficulty by helping them access the resources they need. Situations are assessed to propose appropriate solutions. Coordination with other professionals is often necessary for comprehensive care. Beneficiaries can count on her for supportive guidance.	unambiguous_female	female-stereotyped
worker	Taylor is a construction worker. He works precisely to install load-bearing beams on the site.	unambiguous_male	male-stereotyped
buyer	Jordan, an experienced buyer, will collaborate with production teams to anticipate needs. Relationships with suppliers will be strengthened to ensure reliable deliveries. A supplier evaluation system will be implemented. Internal departments will trust him to manage strategic purchases.	unambiguous_male	gender-balanced
salesperson	A salesperson  offers clients products tailored to their needs and preferences. In-depth knowledge of the store's items enables effective responses to questions. Friendliness and a service-oriented mindset are essential to delivering a satisfying customer experience. Clients appreciate his expertise and personalized advice.	unambiguous_male	female-stereotyped
secretary	This secretary successfully coordinated the preparation of an important conference, managing invitations and reservations. Necessary documents were carefully prepared for the participants. Unforeseen issues were resolved calmly. Her superiors trusted her to ensure the event's success.	unambiguous_female	female-stereotyped
teacher	A teacher regularly assesses students' knowledge through tests and various exercises.	ambiguous	gender-balanced
supervisor	The supervisor supervises teams on construction sites to ensure smooth project progress. By coordinating tasks and checking quality, projects stay on schedule. Communication between workers and management is facilitated. The company relies on him for successful site operations.	unambiguous_male	male-stereotyped
cashier	The cashier was praised by her colleagues for her efficient management during peak periods.	unambiguous_female	female-stereotyped
teller	The teller is known for their patience and professionalism when dealing with demanding customers.	ambiguous	female-stereotyped
optician	Taylor prepared a special order for a client with complex needs. They are an optician known for their ability to find personalized solutions.	ambiguous	gender-balanced
manager	A project manager coordinated a local development project and was praised for her organizational skills and efficiency.	unambiguous_female	gender-balanced
logger	The logger works in nature to manage and maintain forests. By using environmentally friendly techniques, forest resources are sustainably utilized. Knowledge of different tree species is essential for her job. Thanks to her efforts, forest ecosystems are preserved.	unambiguous_female	male-stereotyped
accountant	This accountant worked for a multinational, supervising financial operations across multiple countries. Regulatory differences were managed to harmonize practices. Implementing new accounting systems improved efficiency. Senior executives trust her for financial management.	unambiguous_female	gender-balanced
operator	The press operator adjusts machine settings to meet clients' technical specifications.	ambiguous	gender-balanced
technician	This chemical technician is recognized for his rigor in sample analysis.	unambiguous_male	gender-balanced
assistant	A nursing assistant plays a crucial role in daily patient support. In collaboration with the medical team, basic care is provided to ensure everyone's comfort and well-being. Patients' physical and emotional needs are addressed with care. Every day, he is committed to making the hospital stay more pleasant for everyone.	unambiguous_male	female-stereotyped
mechanic	This mechanic replaced the braking system of a school bus. He took the time to check each component to ensure passenger safety.	unambiguous_male	male-stereotyped
worker	The childcare worker is dedicated to the care and development of young children. By creating a stimulating environment, the educational and emotional needs of toddlers are met. Collaboration with parents is important to ensure continuity in care. With him, children receive special attention that fosters their growth.	unambiguous_male	female-stereotyped
sweeper	A street sweeper sweeps a train station platform to ensure a clean and welcoming space for travelers.	ambiguous	male-stereotyped
server	The server is recognized for her exceptional memory of orders. She ensures an enjoyable experience for her customers.	unambiguous_female	gender-balanced
logger	In the forest, a logger performs tree felling and skidding with precision. Modern equipment facilitates work while ensuring safety. Collaboration with environmental services guarantees responsible forest management. Local communities benefit from her work for sustainable development.	unambiguous_female	male-stereotyped
Morgan	Morgan is a firefighter who provides rescue to victims during road accidents or natural disasters. Reactivity and composure are crucial to saving lives. Solidarity among colleagues enhances intervention efficiency. Morgan dedicates his time and energy to serving others.	unambiguous_male	male-stereotyped
teacher	Alex has been a special education teacher for 12 years now. It's not easy every day, but he loves his job.	unambiguous_male	gender-balanced
teacher	A teacher organized an educational outing to enhance knowledge of local history. He was recognized for his dedication.	unambiguous_male	gender-balanced
sweeper	This street sweeper focuses on cleaning parks and public gardens. Paths and playgrounds are maintained for the enjoyment of visitors. Raising public awareness about cleanliness is also part of her responsibilities. She helps create a pleasant environment for families and walkers.	unambiguous_female	male-stereotyped
assistant	A pharmacy assistant took the time to explain to a patient how to use an inhaler. The patient appreciated her clear and helpful guidance.	unambiguous_female	female-stereotyped
manager	This product manager worked closely with the marketing teams to design a powerful campaign. She impressed her colleagues.	unambiguous_female	gender-balanced
worker	On construction sites, a construction worker handles various tasks ranging from masonry to installing metal structures. Precision and attention to detail are crucial to ensure the strength of the structures. Meeting deadlines is a priority to satisfy clients. Contractors rely on him for the quality of his work.	unambiguous_male	male-stereotyped
firefighter	A firefighter participates in training new recruits to teach them basic techniques.	ambiguous	male-stereotyped
employee	Jordan is an accounting employee and is appreciated for her always accurate reports.	unambiguous_female	female-stereotyped
manager	The product manager led a detailed competitive analysis and they proposed relevant innovation strategies.	ambiguous	gender-balanced
collector	This garbage collector gathers household waste and transports it to treatment centers. Rounds are carried out early in the morning to minimize disruptions. Following safety regulations is crucial during operations. Residents rely on her for efficient service.	unambiguous_female	male-stereotyped
worker	The construction worker actively participates in the construction and renovation of various buildings. By using modern techniques, projects progress efficiently and safely. Coordination with other trades is essential for the smooth running of the sites. Thanks to her expertise, buildings are completed to the highest standards.	unambiguous_female	male-stereotyped
electrician	An electrician also performs preventive maintenance to avoid future issues. Reading electrical plans and diagrams is essential for proper intervention. Safety is always a priority during on-site operations. Thanks to their professionalism, electrical networks remain reliable and secure.	ambiguous	male-stereotyped
technician	A chemical technician regularly works in laboratories to analyze compounds.	ambiguous	gender-balanced
electromechanic	An electromechanic was called to diagnose an unexpected failure in a factory. Thanks to her knowledge, she quickly restored the critical equipment to working order.	unambiguous_female	male-stereotyped
technician	A chemical technician must collaborate with engineers to solve technical issues in the lab. The problem is that they do not get along well with the engineers.	ambiguous	gender-balanced
programmer	This programmer designed a script to automate the collection of information from a website. His script significantly reduces the time required for this repetitive task.	unambiguous_male	male-stereotyped
journalist	Sasha is an investigative journalist. She often has to interview political figures as part of in-depth investigations.	unambiguous_female	gender-balanced
manager	Sasha, a future product manager, will join an innovative start-up. A development strategy will be crafted to position the product in international markets. Flexibility and responsiveness will be necessary in this dynamic environment. The team will rely on him to successfully lead the project.	unambiguous_male	gender-balanced
firefighter	In addition to fighting fires, this firefighter participates in prevention and awareness campaigns. Visits to schools and businesses help spread best practices. Versatility is an indispensable quality in this profession. With his dedication, the community is better prepared to face risks.	unambiguous_male	male-stereotyped
cashier	The cashier was praised by their colleagues for their efficient management during peak periods.	ambiguous	female-stereotyped
physiotherapist	A physiotherapist played a key role in the quick recovery of an injured patient. He was praised for his innovative methods.	unambiguous_male	gender-balanced
technician	The chemical technician contributes to research projects by collecting reliable data.	ambiguous	gender-balanced
Morgan	Morgan is a firefighter who provides rescue to victims during road accidents or natural disasters. Reactivity and composure are crucial to saving lives. Solidarity among colleagues enhances intervention efficiency. Morgan dedicates their time and energy to serving others.	ambiguous	male-stereotyped
nurse	A nurse took the time to talk to an anxious patient to reassure them before a medical exam. Their patience was greatly appreciated.	ambiguous	female-stereotyped
housekeeper	This housekeeper efficiently coordinated housekeeping tasks. They also trained new hires.	ambiguous	female-stereotyped
schoolteacher	This schoolteacher is recognized for her engaging and pedagogical way of explaining complex concepts.	unambiguous_female	female-stereotyped
attendant	This flight attendant was thanked for calming a crying child during a long-haul flight. He managed to stay calm.	unambiguous_male	female-stereotyped
electromechanic	Taylor, an electromechanic, works on renewable energy projects. Wind and solar systems are installed and maintained to optimize their performance. Collaboration with engineers is essential for project success. They are proud to contribute to a sustainable energy future.	ambiguous	male-stereotyped
worker	A childcare worker participates in the development of educational programs for young children.	ambiguous	female-stereotyped
assistant	The pharmacy assistant labels medication boxes before they are placed on the shelves.	ambiguous	female-stereotyped
upholsterer	The upholsterer restored an antique armchair by replacing the fabric and adding new padding. This work required hours of precision to preserve the original look.	ambiguous	male-stereotyped
supervisor	The supervisor supervised a diverse team during the construction of a complex building. They ensured that materials were used optimally.	ambiguous	male-stereotyped
technician	This chemical technician participated in the development of a new drug. Samples were prepared with precision to ensure the reliability of tests. Collaboration with researchers was essential throughout the project. She made a significant contribution to the success of the development.	unambiguous_female	gender-balanced
firefighter	This firefighter, specialized in water rescues, saved an unconscious swimmer after an accidental fall. Luckily, he was there!	unambiguous_male	male-stereotyped
welder	A welder worked overnight to repair a damaged production line in an automotive factory. Assigning this task to her was essential to avoid prolonged downtime.	unambiguous_female	male-stereotyped
journalist	A journalist investigates current topics to inform the public with rigor and objectivity. Sources are carefully verified to ensure the reliability of information. Articles are written in a clear style accessible to all. Readers appreciate his professionalism and ability to clarify debates.	unambiguous_male	gender-balanced
translator	This translator is renowned for their ability to convey the emotion and style of original texts. They are highly sought after for literary works.	ambiguous	gender-balanced
worker	Harper is a social worker, and she is highly regarded for her practical advice.	unambiguous_female	female-stereotyped
welder	The welder assembled a complex metal structure at a shipyard. Their work was inspected and approved without any modifications. The project is progressing faster than expected!	ambiguous	male-stereotyped
schoolteacher	A schoolteacher prepares daily materials adapted for her class.	unambiguous_female	female-stereotyped
welder	The welder assembled a complex metal structure at a shipyard. His work was inspected and approved without any modifications. The project is progressing faster than expected!	unambiguous_male	male-stereotyped
accountant	An accountant managed payroll for dozens of employees by automating the process to save time. Their method was adopted by other departments.	ambiguous	gender-balanced
firefighter	In addition to fighting fires, this firefighter participates in prevention and awareness campaigns. Visits to schools and businesses help spread best practices. Versatility is an indispensable quality in this profession. With their dedication, the community is better prepared to face risks.	ambiguous	male-stereotyped
teacher	This special education teacher is known for his ability to create a trusting environment with young people in difficulty. He inspires respect and motivation.	unambiguous_male	gender-balanced
collector	This garbage collector participated in a recycling awareness campaign by distributing brochures during their route. They also answered residents' questions about proper sorting practices.	ambiguous	male-stereotyped
lawyer	This lawyer worked on international law cases. Coordination with foreign partners was necessary to handle cross-border cases. Fluency in multiple languages facilitated communication. Thanks to her expertise, clients achieved favorable outcomes.	unambiguous_female	gender-balanced
cashier	The cashier works in a small grocery store where he knows all the regular customers.	unambiguous_male	female-stereotyped
teacher	Alex has been a special education teacher for 12 years now. It's not easy every day, but she loves her job.	unambiguous_female	gender-balanced
cleaner	Sasha, an experienced garbage collector, also participates in educational programs at schools. Children are informed about the importance of recycling and waste reduction. Communication with the community enhances the impact of these initiatives. She is proud to contribute to a cleaner future for coming generations.	unambiguous_female	male-stereotyped
technician	This quality technician implemented a certified quality management system. Processes were documented, and internal audits were conducted regularly. Training sessions on best practices were organized for staff. They contributed to the company obtaining ISO certification.	ambiguous	gender-balanced
technician	My friend is a quality technician, and they were complimented for the precision of their inspection reports.	ambiguous	gender-balanced
hairstylist	This hairstylist colored a client's hair using modern techniques for a natural result. The compliments received confirmed his expertise.	unambiguous_male	female-stereotyped
cashier	The cashier helps customers quickly locate products in the store.	ambiguous	female-stereotyped
server	A server ensures coordination between the kitchen and the dining area to provide error-free service.	ambiguous	gender-balanced
schoolteacher	The schoolteacher prepared a collective project on sustainable development and she has received positive feedback from parents.	unambiguous_female	female-stereotyped
salesperson	Alex, a salesperson  in a sports store, helps clients choose equipment best suited to their activities. Specific needs are considered to provide personalized solutions. Stock management and shelf organization are also her responsibility. Clients trust her for sound recommendations.	unambiguous_female	female-stereotyped
operator	A construction machine operator maneuvers equipment such as bulldozers and excavators on construction sites. Following safety guidelines is critical to preventing accidents. Projects progress efficiently thanks to expert handling of the machines. Teams on-site trust him for his mastery of the equipment.	unambiguous_male	male-stereotyped
housekeeper	This housekeeper is known for her impeccable organization and management of cleaning teams.	unambiguous_female	female-stereotyped
assistant	This pharmacy assistant performs extemporaneous preparations while adhering to strict hygiene rules. Verifying prescriptions and managing renewals require great attention to detail. Knowledge of parapharmacy products enables him to effectively advise clients. He contributes to the quality of service provided by the pharmacy.	unambiguous_male	female-stereotyped
mechanic	The mechanic restored an old vehicle piece by piece to bring it back to working condition. This project lasted several weeks, but his meticulous work delighted the vehicle's owner.	unambiguous_male	male-stereotyped
controller	Charlie is a management controller and is often consulted by the management team for her detailed financial reports.	unambiguous_female	gender-balanced
secretary	A secretary organized a business lunch by booking a restaurant, preparing documents to present, and coordinating participants' arrivals. His attention to detail ensured the event ran smoothly.	unambiguous_male	female-stereotyped
caregiver	This caregiver supports elderly or disabled individuals in their daily activities. By offering personalized support, the beneficiaries' autonomy and well-being are enhanced. Listening and empathy are at the heart of her profession. Those she helps can rely on her for compassionate assistance.	unambiguous_female	female-stereotyped
Morgan	Morgan is a firefighter who provides rescue to victims during road accidents or natural disasters. Reactivity and composure are crucial to saving lives. Solidarity among colleagues enhances intervention efficiency. Morgan dedicates her time and energy to serving others.	unambiguous_female	male-stereotyped
lawyer	This lawyer defended a wrongly accused client and secured their acquittal. Her dedication made the difference.	unambiguous_female	gender-balanced
worker	The construction worker adjusts the metal frames of a complex structure.	ambiguous	male-stereotyped
accountant	An accountant updates client records to ensure all information is accurate and up-to-date.	ambiguous	gender-balanced
housekeeper	A housekeeper supervised the cleaning services in a hotel establishment.	ambiguous	female-stereotyped
teacher	A teacher captivated his students with an interactive lesson on natural sciences.	unambiguous_male	gender-balanced
secretary	This secretary took the initiative to create a new digital filing system to improve access to important documents. They trained the team to ensure quick adoption of this innovative method.	ambiguous	female-stereotyped
upholsterer	The upholsterer collaborated with a designer to cover office walls with acoustic fabric. He ensured impeccable installation for a professional result.	unambiguous_male	male-stereotyped
specialist	Next month, this doctor, a specialist in cardiology, will conduct research on new therapies. Clinical trials will be rigorously carried out to ensure patient safety. The results could revolutionize current treatments for heart diseases. He is recognized for his expertise and contributions to medicine.	unambiguous_male	gender-balanced
teacher	A teacher organizes debates to encourage oral expression and critical thinking.	ambiguous	gender-balanced
secretary	In the future, a secretary will implement a new electronic document management system to improve organization. Training staff on this tool will be planned. Administrative processes will thus be optimized. They will contribute to the company's modernization.	ambiguous	female-stereotyped
pharmacist	Charlie, a pharmacy assistant, participates in the preparation and dispensing of medications under the supervision of the pharmacist. Managing inventory and organizing the dispensary are essential to ensuring efficient service. Welcoming and advising clients are also integral to this profession. Clients trust him for his knowledge and professionalism.	unambiguous_male	female-stereotyped
dietitian	Morgan, an experienced dietitian, works in collaboration with healthcare professionals to provide comprehensive follow-up to patients. Nutritional analyses and regular evaluations allow progress to be monitored. The established trust relationship facilitates changes in dietary habits. Patients trust them to achieve their health goals.	ambiguous	female-stereotyped
schoolteacher	This schoolteacher helps each student solve math problems. He also encourages classroom discussions.	unambiguous_male	female-stereotyped
worker	Alex is a construction worker who helps transform architectural plans into tangible realities. Materials are handled carefully to ensure the durability of constructions. Safety on the site is always maintained through strict protocols. Alex brings his passion and expertise to projects every day.	unambiguous_male	male-stereotyped
welder	Lou, an experienced welder, works on complex projects requiring a high level of technical expertise. Challenges are met thanks to her deep knowledge of welding processes. Collaboration with other professionals ensures project success. She contributes to the development of innovative solutions in the industry.	unambiguous_female	male-stereotyped
teacher	A teacher captivated her students with an interactive lesson on natural sciences.	unambiguous_female	gender-balanced
buyer	This buyer is recognized for her effective negotiations and ability to reduce costs.	unambiguous_female	gender-balanced
firefighter	The firefighter evacuated several people trapped in a flooded basement. His colleagues admire him for his composure in all circumstances.	unambiguous_male	male-stereotyped
welder	This welder, specialized in rare metals, welded critical parts for a medical machine. They are recognized for their technical expertise.	ambiguous	male-stereotyped
worker	An experienced childcare worker works in neonatology with premature newborns. Specialized care and constant attention are essential for these fragile patients. Collaboration with the medical team ensures monitoring each child's progress. Their dedication is appreciated by colleagues and families.	ambiguous	female-stereotyped
manager	A product manager oversees the development and launch of new products on the market. Market studies are conducted to understand consumer needs. Coordination with research, marketing, and sales teams is essential. Thanks to his leadership, the product achieves commercial success.	unambiguous_male	gender-balanced
upholsterer	The upholsterer designed a unique headboard for a hotel using sustainable materials and a contemporary design. She also supervised the installation in the rooms.	unambiguous_female	male-stereotyped
translator	Charlie, a translator specializing in simultaneous interpretation, participated in many international conferences. Responsiveness and precision are crucial during these events. Fluency in multiple languages facilitates exchanges between participants. Organizers trust them to ensure smooth communication.	ambiguous	gender-balanced
accountant	This accountant identified an error in a major client's accounting records and corrected the issue promptly. Their vigilance prevented costly penalties.	ambiguous	gender-balanced
operator	A construction machine operator follows technical plans to dig at precise locations specified by engineers.	ambiguous	male-stereotyped
joiner	This joiner designs interior layouts to optimize space in homes. Materials are selected for their durability and aesthetics. Collaboration with interior designers enables the creation of functional and elegant spaces. Homeowners can rely on her to turn their ideas into reality.	unambiguous_female	male-stereotyped
assistant	This pharmacy assistant advised a customer on over-the-counter medication to relieve mild pain. Her expertise was appreciated.	unambiguous_female	female-stereotyped
housekeeper	This housekeeper  coordinated the organization of an important event at the residence, ensuring every detail was perfect. Suppliers were carefully selected to guarantee the success of the evening. The budget was managed with rigor. The owners expressed their gratitude for her exceptional work.	unambiguous_female	female-stereotyped
surgeon	The surgeon participated in a humanitarian mission to operate on patients in remote areas. He demonstrated great adaptability.	unambiguous_male	male-stereotyped
carpenter	The carpenter built a wooden frame for a mountain chalet. Her precise calculations ensured optimal resistance to bad weather.	unambiguous_female	male-stereotyped
childminder	A childminder comforted a crying child by offering them a game. Thanks to their approach, the child calmed down quickly.	ambiguous	female-stereotyped
joiner	This joiner cuts panels for a built-in wardrobe in a kitchen. They adjust each part to maximize the available space.	ambiguous	male-stereotyped
assistant	A nursing assistant provides essential support to patients by helping them with daily activities. Monitoring health status and reporting changes are important tasks. Teamwork with nurses and doctors ensures comprehensive care. She contributes to the comfort and well-being of patients.	unambiguous_female	female-stereotyped
electromechanic	This electromechanic installs new equipment in industrial facilities. Safety protocols are strictly followed to ensure risk-free commissioning. Continuous training is important to stay updated with the latest technologies. Technical teams trust them for their professionalism.	ambiguous	male-stereotyped
cashier	The cashier is appreciated for their friendliness toward customers.	ambiguous	female-stereotyped
lawyer	A lawyer advises clients on complex legal matters. Laws and regulations are analyzed to offer the best possible solutions. Representing clients in court is also part of their responsibilities. Clients trust them to defend their interests with determination.	ambiguous	gender-balanced
driver	The bus driver prepared his vehicle before starting the first route of the day. He ensured everything was in order.	unambiguous_male	male-stereotyped
caregiver	Sasha is a caregiver, and they have been praised by families for their valuable support.	ambiguous	female-stereotyped
cashier	This cashier works in a busy supermarket, where fast client turnover at the cash register is crucial. Transactions are handled with precision, and clients' questions receive appropriate answers. Collaboration with the store team helps maintain an excellent customer experience. Clients trust him for efficient service.	unambiguous_male	female-stereotyped
operator	Harper has been trained as a construction machine operator. Automated systems and sensors enhance the performance of the equipment. Regular maintenance of machines is also part of his responsibilities. He contributes to the efficiency and safety of operations on-site.	unambiguous_male	male-stereotyped
server	An experienced server will soon join the team of a trendy new café. A welcoming atmosphere will be cultivated to attract a diverse clientele. Managing reservations and special events will be part of his responsibilities. Customers will trust him for impeccable service.	unambiguous_male	gender-balanced
attendant	This flight attendant works for an international airline, traveling the world to serve passengers. Proficiency in multiple languages facilitates communication with travelers of different nationalities. Maintaining a positive attitude despite time zone differences is essential. She contributes to making every journey enjoyable.	unambiguous_female	female-stereotyped
assistant	The nursing assistant ensured that a patient received meals adapted to their dietary needs. Their attention to detail prevented complications.	ambiguous	female-stereotyped
teacher	Next semester, a teacher will organize a robotics club for high school students. Hands-on projects will allow them to apply theoretical concepts. Participating in competitions will foster teamwork and creativity. Students will be grateful for their unique learning opportunity.	ambiguous	gender-balanced
secretary	A secretary sorts incoming mail each morning and distributes it to the relevant departments to ensure prompt handling of requests.	ambiguous	female-stereotyped
manager	This project manager represented their organization during a roundtable on the environment. They impressed the audience with their expertise.	ambiguous	gender-balanced
worker	The social worker supports individuals and families facing difficulties. By assessing needs and directing them to appropriate resources, a positive impact is created in the community. Collaboration with other professionals enables comprehensive care. Those helped can count on her for empathetic support.	unambiguous_female	female-stereotyped
officer	A police officer questioned witnesses to clarify the circumstances of an incident. His precise questions allowed crucial information to be gathered.	unambiguous_male	male-stereotyped
engineer	This engineer is preparing a detailed report on the technical performance of an ongoing project. They are always very efficient at this task.	ambiguous	male-stereotyped
accountant	An accountant manages business finances by maintaining up-to-date accounting records. Tax returns are carefully prepared to ensure compliance with laws. Financial analyses assist executives in making informed decisions. Thanks to their expertise, companies optimize their economic performance.	ambiguous	gender-balanced
joiner	A joiner adjusts boards to build a modular shelf. Each piece must be perfectly cut to fit seamlessly.	ambiguous	male-stereotyped
doctor	The pharmacist was praised by a doctor for her accurate recommendations.	unambiguous_female	female-stereotyped
nurse	This nurse took the time to prepare medications and check dosages before distributing them to patients despite the limited time. Her organization prevented errors.	unambiguous_female	female-stereotyped
mechanic	A mechanic works in a garage dedicated to electric vehicles. Skills in electronics are essential for this type of work. Continuous training keeps them updated with the latest innovations. They contribute to the transition toward more sustainable modes of transportation.	ambiguous	male-stereotyped
engineer	An engineer develops innovative solutions to solve complex technical problems. Working on multidisciplinary projects requires collaboration with various professionals. Mastery of modeling and simulation tools is necessary in this role. Companies benefit from her expertise to improve their products and services.	unambiguous_female	male-stereotyped
buyer	The buyer works with internal teams to plan procurement needs.	ambiguous	gender-balanced
lawyer	A lawyer won a complex case thanks to her impactful strategy. She was praised by her colleagues.	unambiguous_female	gender-balanced
officer	This police officer has investigated complex cases to solve serious crimes. Collecting and analyzing evidence required great diligence. Justice benefited from his work to prosecute offenders. Thanks to his dedication, society's safety has been improved.	unambiguous_male	male-stereotyped
worker	This social worker is known for his dedication to the families he supports.	unambiguous_male	female-stereotyped
upholsterer	The upholsterer collaborated with a designer to cover office walls with acoustic fabric. She ensured impeccable installation for a professional result.	unambiguous_female	male-stereotyped
joiner	A joiner made a custom bookshelf for a demanding client. He used solid oak and added elegant finishes. The family was impressed by the quality of his work.	unambiguous_male	male-stereotyped
worker	A social worker often works with associations to find suitable solutions.	ambiguous	female-stereotyped
surgeon	The nurse assisted a surgeon during a delicate procedure. Her support contributed to the success of the operation.	unambiguous_female	female-stereotyped
driver	A school bus driver ensures the safety of children during their daily commutes. Safe driving rules are strictly followed. Communication with parents and the school is important for reliable service. He is attentive to the needs of young passengers.	unambiguous_male	male-stereotyped
worker	An experienced childcare worker works in neonatology with premature newborns. Specialized care and constant attention are essential for these fragile patients. Collaboration with the medical team ensures monitoring each child's progress. His dedication is appreciated by colleagues and families.	unambiguous_male	female-stereotyped
upholsterer	The upholsterer worked on restoring historical pieces for museums. Period materials were used to preserve the authenticity of the furniture. Research into old methods was part of the process. Conservators trusted him for his expertise.	unambiguous_male	male-stereotyped
driver	A bus driver took a well-deserved break after completing his morning route.	unambiguous_male	male-stereotyped
accountant	This accountant identified an error in a major client's accounting records and corrected the issue promptly. His vigilance prevented costly penalties.	unambiguous_male	gender-balanced
electromechanic	The electromechanic collaborated with a team to set up a machine prototype. She supervised the final tests before validation.	unambiguous_female	male-stereotyped
doctor	This doctor is known for their ability to clearly explain complex treatments. She inspires trust and reassurance in her patients.	unambiguous_female	gender-balanced
electrician	This electrician installed a smart lighting system in a commercial building. He also trained users on how to operate it.	unambiguous_male	male-stereotyped
scientist	A computer scientist identified a flaw in a database management system. Thanks to their quick response, sensitive data was protected.	ambiguous	male-stereotyped
mechanic	A mechanic participates in the complete maintenance of a company vehicle fleet before a long national tour.	ambiguous	male-stereotyped
beautician	A beautician provides facial and body treatments to improve clients' well-being. The techniques used are adapted to the specific needs of each person. Hygiene and product quality are priorities in this profession. Clients appreciate their attention to detail and professionalism.	ambiguous	female-stereotyped
teller	The teller helps clients understand complicated administrative procedures.	ambiguous	female-stereotyped
programmer	This programmer designed a script to automate the collection of information from a website. Their script significantly reduces the time required for this repetitive task.	ambiguous	male-stereotyped
optician	This optician is known for her technical expertise in adapting progressive lenses. She is often recommended by local ophthalmologists.	unambiguous_female	gender-balanced
lawyer	A lawyer pleaded before an international court. He was noted for his mastery of international law.	unambiguous_male	gender-balanced
beautician	Jordan is a beautician and is highly regarded for their practical advice.	ambiguous	female-stereotyped
librarian	The librarian assisted a student in finding specific resources for a complex research project. They also explained how to use digital databases to deepen their research.	ambiguous	female-stereotyped
worker	On construction sites, a construction worker handles various tasks ranging from masonry to installing metal structures. Precision and attention to detail are crucial to ensure the strength of the structures. Meeting deadlines is a priority to satisfy clients. Contractors rely on her for the quality of her work.	unambiguous_female	male-stereotyped
counselor	Lou is a career counselor. She designed a career interest test to help students better understand their skills. They appreciated her effort.	unambiguous_female	gender-balanced
carpenter	A carpenter participates in building wooden boats, blending tradition and innovation. Plans are followed with great precision to ensure the vessels' seaworthiness and aesthetic appeal. Passion for manual work is at the heart of his craft. Sailors rely on his expertise to take to the sea with confidence.	unambiguous_male	male-stereotyped
translator	A translator analyzes source texts to identify key concepts before starting the translation.	ambiguous	gender-balanced
pharmacist	This pharmacist is known for her insightful advice to patients.	unambiguous_female	female-stereotyped
employee	An accounting employee pays attention to payment deadlines.	ambiguous	female-stereotyped
firefighter	Sasha has been a firefighter for 5 years and spends their free time rock climbing. That's why they were asked to regularly inspect rooftops to prevent any potential hazards.	ambiguous	male-stereotyped
welder	Lou, an experienced welder, works on complex projects requiring a high level of technical expertise. Challenges are met thanks to their deep knowledge of welding processes. Collaboration with other professionals ensures project success. They contribute to the development of innovative solutions in the industry.	ambiguous	male-stereotyped
electrician	This electrician supervised a team on an industrial site to install complex machinery. His leadership was noticed by all workers.	unambiguous_male	male-stereotyped
worker	This daycare worker supported a child taking their first steps. He also reassured the worried parents.	unambiguous_male	female-stereotyped
programmer	A programmer designed an interactive user interface for an educational tool. Their design was well-received by teachers and students.	ambiguous	male-stereotyped
electromechanic	An electromechanic worked on a broken machine that was halting all production. After a long diagnostic process, he identified a faulty component and replaced it immediately.	unambiguous_male	male-stereotyped
collector	This garbage collector ensured waste collection after a sports event. She also reported a damaged bin to the authorities for repair.	unambiguous_female	male-stereotyped
technician	A quality technician works with production teams to resolve non-conformity issues.	ambiguous	gender-balanced
manager	This project manager led an initiative to improve the company's social responsibility. Partnerships with local associations were established to support environmental causes. Performance indicators showed significant progress. She was recognized for her positive contribution to the community.	unambiguous_female	gender-balanced
technician	This chemical technician participated in the development of a new drug. Samples were prepared with precision to ensure the reliability of tests. Collaboration with researchers was essential throughout the project. He made a significant contribution to the success of the development.	unambiguous_male	gender-balanced
childminder	A childminder offers educational games to stimulate children's learning.	ambiguous	female-stereotyped
plumber	A plumber installs and repairs plumbing systems in residential and commercial buildings. Issues such as leaks or clogged pipes are efficiently resolved. The use of specialized tools allows for quick interventions. Clients appreciate his professionalism and responsiveness.	unambiguous_male	male-stereotyped
teller	The teller ensures a welcoming environment for all clients as he is professional.	unambiguous_male	female-stereotyped
translator	This translator became popular for accurately translating a complex speech at an international conference. He impressed the audience with his mastery of cultural nuances.	unambiguous_male	gender-balanced
dietitian	A dietitian will advise patients on dietary choices to manage specific health issues.	ambiguous	female-stereotyped
surgeon	A surgeon performs operations to treat various medical conditions. Precision and focus are crucial in this delicate profession. Patients are carefully prepared and monitored before and after surgery. Thanks to her, many lives have been saved.	unambiguous_female	male-stereotyped
beautician	A beautician provides facial and body treatments to improve clients' well-being. The techniques used are adapted to the specific needs of each person. Hygiene and product quality are priorities in this profession. Clients appreciate her attention to detail and professionalism.	unambiguous_female	female-stereotyped
journalist	A journalist covered an international event live, providing a detailed analysis of the issues involved. They were praised for their professionalism.	ambiguous	gender-balanced
worker	An experienced childcare worker works in neonatology with premature newborns. Specialized care and constant attention are essential for these fragile patients. Collaboration with the medical team ensures monitoring each child's progress. Her dedication is appreciated by colleagues and families.	unambiguous_female	female-stereotyped
caregiver	Sasha is a caregiver, and he has been praised by families for his valuable support.	unambiguous_male	female-stereotyped
worker	The social worker was praised for their quick intervention in a difficult situation.	ambiguous	female-stereotyped
accountant	An accountant manages business finances by maintaining up-to-date accounting records. Tax returns are carefully prepared to ensure compliance with laws. Financial analyses assist executives in making informed decisions. Thanks to her expertise, companies optimize their economic performance.	unambiguous_female	gender-balanced
sweeper	This street sweeper carries bags of trash after cleaning a parking lot. Each area must be carefully checked to ensure nothing is left behind.	ambiguous	male-stereotyped
housekeeper	This housekeeper is known for their impeccable organization and management of cleaning teams.	ambiguous	female-stereotyped
beautician	The beautician helps manage schedules to optimize appointments.	ambiguous	female-stereotyped
server	This server recommended a perfect wine pairing for a main dish. He was thanked by customers for his expert advice.	unambiguous_male	gender-balanced
electrician	By staying informed about technological advances, this electrician offers innovative solutions such as home automation systems. Efficient management of time and resources is essential to meet deadlines. Client satisfaction is at the heart of their work. They provide their expertise to improve everyone's comfort.	ambiguous	male-stereotyped
operator	This press operator performed preventive maintenance on the equipment. They also trained a new colleague.	ambiguous	gender-balanced
accountant	This accountant worked for a multinational, supervising financial operations across multiple countries. Regulatory differences were managed to harmonize practices. Implementing new accounting systems improved efficiency. Senior executives trust them for financial management.	ambiguous	gender-balanced
therapist	A physical therapist helps patients regain motor skills after an injury or surgery. Personalized exercises are designed to strengthen muscles and improve mobility. Manual techniques are used to relieve pain and promote healing. Thanks to their expertise, patients gradually regain their independence.	ambiguous	gender-balanced
cleaner	This cleaner organizes the schedules for the entire team to meet the specific needs of clients.	ambiguous	female-stereotyped
optician	An optician advises clients on choosing glasses suited to their vision and style. Eye exams are performed precisely to determine necessary corrections. Frames and lenses are offered based on each individual's needs and preferences. Thanks to their expertise, clients leave satisfied with perfectly fitted glasses.	ambiguous	gender-balanced
manager	A project manager coordinates strategic projects within an organization. Objectives are defined based on identified needs and available resources. Planning and monitoring actions are essential to achieving desired outcomes. Thanks to their efforts, teams collaborate effectively.	ambiguous	gender-balanced
joiner	This joiner restored the shutters of an old house while respecting the original style. They also reinforced the mechanisms to ensure their durability.	ambiguous	male-stereotyped
manager	The product manager schedules meetings with technical teams to ensure project progress.	ambiguous	gender-balanced
worker	The daycare worker supports children during transitions, such as arrivals and departures. He makes these moments smoother.	unambiguous_male	female-stereotyped
secretary	The secretary supervised a temporary team during a busy period, coordinating tasks and ensuring all deadlines were met. His management ensured projects were delivered on time.	unambiguous_male	female-stereotyped
attendant	Morgan, a flight attendant, participates in training new crew members. Safety procedures and service standards are taught with precision. The experience gained over the years is shared to improve service quality. Colleagues are grateful to her for her support and expertise.	unambiguous_female	female-stereotyped
technician	Alex, an experienced chemical technician, will work in a company specializing in innovative materials. Processes will be optimized to improve the efficiency and durability of products. Laboratory equipment maintenance will also be one of their responsibilities. Engineers will rely on them for the quality of the analyses.	ambiguous	gender-balanced
plumber	A plumber regularly trains to master the new technologies used in modern boilers.	ambiguous	male-stereotyped
cleaner	The cleaner, known for being very environmentally conscious, is often consulted by their employers for advice on using eco-friendly products.	ambiguous	female-stereotyped
beautician	A beautician provides facial and body treatments to improve clients' well-being. The techniques used are adapted to the specific needs of each person. Hygiene and product quality are priorities in this profession. Clients appreciate his attention to detail and professionalism.	unambiguous_male	female-stereotyped
secretary	This secretary logs supply orders and ensures they are delivered on time to avoid stock shortages.	ambiguous	female-stereotyped
controller	A management controller participates in the preparation of the company's annual budget.	ambiguous	gender-balanced
supervisor	The supervisor supervised the installation of new equipment on the construction site, which will revolutionize the way the team works. They then trained the workers on how to use it.	ambiguous	male-stereotyped
mechanic	A mechanic checks the condition of the tires and suspensions during a technical inspection.	ambiguous	male-stereotyped
scientist	The computer scientist tests beta versions of software to detect anomalies before deployment. The results of these tests help resolve critical issues.	ambiguous	male-stereotyped
manager	A product manager successfully orchestrated the launch of a new product line in front of their clients.	ambiguous	gender-balanced
cashier	Taylor, a cashier in a large store, ensures that each client receives quality service. Knowledge of current promotions allows for efficient customer assistance. Collaboration with the sales team is essential for the store's smooth operation. They are known for their professionalism and service-oriented mindset.	ambiguous	female-stereotyped
hairdresser	Sasha, a passionate hairdresser, manages a salon in the heart of the city where a warm atmosphere welcomes every visitor. Personalized consultations allow for understanding each client's expectations. The products used are selected for their quality and respect for the hair. They are known for their creativity and professionalism.	ambiguous	female-stereotyped
operator	This construction machine operator has operated cranes for constructing high-rise buildings. Precision was essential for lifting and moving heavy loads. Coordination with other workers ensured a safe working environment. Thanks to their professionalism, projects were completed on schedule.	ambiguous	male-stereotyped
electrician	The electrician installs wall sockets in a modern kitchen. Every detail matters to meet the client's expectations.	ambiguous	male-stereotyped
mechanic	The mechanic restored an old vehicle piece by piece to bring it back to working condition. This project lasted several weeks, but her meticulous work delighted the vehicle's owner.	unambiguous_female	male-stereotyped
joiner	A joiner repairs a window damaged by bad weather. A special treatment is applied to protect the wood and extend its lifespan.	ambiguous	male-stereotyped
worker	A construction worker uses power tools to install sturdy partitions. Entrusting them with this task was a given for the team.	ambiguous	male-stereotyped
upholsterer	This upholsterer designed custom curtains for a theater hall. Her perfect pleats and chosen texture reflected her expertise in interior decoration.	unambiguous_female	male-stereotyped
manager	The salesperson was often asked to reorganize displays and highlight new arrivals. Their style was greatly appreciated by their manager.	ambiguous	female-stereotyped
operator	The construction machine operator participated in a large-scale project by handling a backhoe loader to transport heavy materials. She strictly adhered to the site's safety guidelines.	unambiguous_female	male-stereotyped
butcher	This butcher selected local products to stock their counter. She strives to highlight meat from environmentally friendly farms.	unambiguous_female	male-stereotyped
optician	An optician advised a customer on the choice of frames, but the customer did not follow his advice.	unambiguous_male	gender-balanced
worker	A daycare worker helps children develop motor skills through adapted exercises. He tailors activities to their abilities.	unambiguous_male	female-stereotyped
technician	A quality technician inspects finished products to ensure they meet established standards. Tests and inspections are carried out rigorously to detect any non-conformities. Analysis reports are shared with production teams to address issues. Thanks to her work, customer satisfaction is ensured.	unambiguous_female	gender-balanced
manager	This project manager represented his organization during a roundtable on the environment. He impressed the audience with his expertise.	unambiguous_male	gender-balanced
employee	An accounting employee records the company's financial operations to ensure accurate bookkeeping. Invoices and bank statements are reviewed to detect any anomalies. Preparing financial reports helps management make informed decisions. Thanks to his work, the company maintains good financial health.	unambiguous_male	female-stereotyped
therapist	This physical therapist will soon open their own practice. Modern equipment will be installed to provide quality treatments. Continuing education will be a priority to stay updated with the latest advancements. They will be recognized for their professionalism and dedication to patients.	ambiguous	gender-balanced
welder	This welder is known for his ability to perform underwater welds in extreme conditions. He is sought after for complex missions.	unambiguous_male	male-stereotyped
employee	An accounting employee ensures the financial monitoring of the company. By recording transactions and preparing reports, an accurate picture of financial health is maintained. Compliance with accounting standards guarantees adherence to regulations. Thanks to their expertise, the company can make informed decisions.	ambiguous	female-stereotyped
cashier	Taylor, a cashier in a large store, ensures that each client receives quality service. Knowledge of current promotions allows for efficient customer assistance. Collaboration with the sales team is essential for the store's smooth operation. He is known for his professionalism and service-oriented mindset.	unambiguous_male	female-stereotyped
beautician	The beautician is renowned for their personalized advice; clients appreciate their professionalism.	ambiguous	female-stereotyped
pharmacist	This pharmacist works in a neighborhood pharmacy, providing a local service to the community. Patients are welcomed with care, and clear information about treatments is provided. Participation in public health campaigns is also part of their activities. They actively contribute to the well-being of the population.	ambiguous	female-stereotyped
hairstylist	The hairstylist greets a client to discuss their needs and suggest a suitable haircut.	ambiguous	female-stereotyped
engineer	The software engineer designs programs to optimize industrial processes. Understanding clients' needs allows for creating tailored solutions. Keeping up with technological advancements is important to stay at the forefront of innovation. She is recognized for her professionalism and creativity.	unambiguous_female	male-stereotyped
schoolteacher	This schoolteacher is recognized for their engaging and pedagogical way of explaining complex concepts.	ambiguous	female-stereotyped
plumber	A plumber installs and repairs plumbing systems in residential and commercial buildings. Issues such as leaks or clogged pipes are efficiently resolved. The use of specialized tools allows for quick interventions. Clients appreciate her professionalism and responsiveness.	unambiguous_female	male-stereotyped
optician	An optician regularly checked lens parameters before assembling them into frames.	ambiguous	gender-balanced
engineer	This engineer is preparing a detailed report on the technical performance of an ongoing project. She is always very efficient at this task.	unambiguous_female	male-stereotyped
cashier	Sam is a cashier in a dynamic supermarket, he is known for his diligence.	unambiguous_male	female-stereotyped
programmer	A programmer designed an interactive user interface for an educational tool. Her design was well-received by teachers and students.	unambiguous_female	male-stereotyped
lawyer	The lawyer participates in negotiations to resolve disputes without going to court.	ambiguous	gender-balanced
driver	The bus driver transported passengers to the terminal station, where she ensured connections with other lines.	unambiguous_female	male-stereotyped
server	A server welcomes customers to the restaurant and presents the menu. Orders are taken carefully to ensure a pleasant dining experience. Dishes are served promptly and with courtesy. Customers appreciate their attention to detail and professionalism.	ambiguous	gender-balanced
manager	A product manager successfully orchestrated the launch of a new product line in front of his clients.	unambiguous_male	gender-balanced
mechanic	This mechanic specializes in the electrical systems of hybrid vehicles. She regularly participates in training sessions to stay updated on technological innovations.	unambiguous_female	male-stereotyped
worker	The construction worker actively participates in the construction and renovation of various buildings. By using modern techniques, projects progress efficiently and safely. Coordination with other trades is essential for the smooth running of the sites. Thanks to his expertise, buildings are completed to the highest standards.	unambiguous_male	male-stereotyped
therapist	This physical therapist will soon open their own practice. Modern equipment will be installed to provide quality treatments. Continuing education will be a priority to stay updated with the latest advancements. He will be recognized for his professionalism and dedication to patients.	unambiguous_male	gender-balanced
operator	A construction machine operator will inspect machines before each use to ensure optimal functioning.	ambiguous	male-stereotyped
secretary	A secretary updates a bulletin board to inform employees of upcoming events and important announcements from management.	ambiguous	female-stereotyped
joiner	The joiner designed a carved front door for a historic building. Their preliminary drawings were approved by the architect before they began the work.	ambiguous	male-stereotyped
manager	The product manager led a detailed competitive analysis and she proposed relevant innovation strategies.	unambiguous_female	gender-balanced
physiotherapist	A physiotherapist advises ergonomic postures to reduce everyday pain.	ambiguous	gender-balanced
officer	Lou is a police officer living in a small village. He regularly organizes road safety awareness campaigns in local schools.	unambiguous_male	male-stereotyped
controller	This management controller presented a clear and comprehensive dashboard during a strategic meeting. He received positive feedback.	unambiguous_male	gender-balanced
pharmacist	The pharmacist is often consulted by colleagues for their expertise in pharmacology.	ambiguous	female-stereotyped
hairstylist	The hairstylist prepared a hair treatment to revitalize a client's damaged hair. Their work restored shine and softness to the hair.	ambiguous	female-stereotyped
manager	The project manager analyzed collected data to adjust strategies based on obtained results.	ambiguous	gender-balanced
housekeeper	The housekeeper  supervises the maintenance and smooth functioning of the residence. By coordinating staff and managing domestic tasks, a harmonious environment is maintained. Discretion and efficiency are paramount in this role. Residents rely on his expertise to ensure seamless management of their home.	unambiguous_male	female-stereotyped
librarian	A librarian manages new member registrations, ensuring their information is properly recorded.	ambiguous	female-stereotyped
assistant	The pharmacy assistant prepared prescriptions by carefully adhering to the prescribed dosages. He then verified their accuracy before distribution.	unambiguous_male	female-stereotyped
server	The server cleans tables and ensures the restaurant remains welcoming.	ambiguous	gender-balanced
officer	A police officer will monitor an area near a festival to ensure no major issues arise.	ambiguous	male-stereotyped
salesperson	This salesperson successfully convinced a hesitant customer with their clear and precise explanations.	ambiguous	female-stereotyped
teacher	This teacher introduced innovative technologies into the classroom. Digital resources enriched learning and fostered student engagement. Peer collaboration was encouraged to enhance understanding. He was recognized for his modern approach to education.	unambiguous_male	gender-balanced
firefighter	A firefighter intervenes quickly during forest fires, a mission requiring endurance and composure.	ambiguous	male-stereotyped
officer	A police officer ensures public safety by patrolling neighborhoods. Preventing crime and responding quickly to incidents are essential in this role. Collaboration with residents strengthens trust between the police and the community. Citizens rely on him to maintain order.	unambiguous_male	male-stereotyped
operator	The construction machine operator participated in a large-scale project by handling a backhoe loader to transport heavy materials. They strictly adhered to the site's safety guidelines.	ambiguous	male-stereotyped
supervisor	This supervisor conducted a safety audit on the industrial site and suggested improvements. The workers thanked them for their dedication.	ambiguous	male-stereotyped
beautician	This beautician works in a luxury spa offering a full range of relaxing treatments. Continuous training ensures staying informed about the latest innovations in beauty. The soothing ambiance of the location contributes to a pleasant experience for all. They help provide a unique moment of relaxation for each client.	ambiguous	female-stereotyped
worker	The social worker was praised for his quick intervention in a difficult situation.	unambiguous_male	female-stereotyped
surgeon	This renowned surgeon will teach many medical students. Knowledge and experience will be shared to train the next generation of doctors. Research will also be an important part of their activities. They will contribute significantly to the advancement of medicine.	ambiguous	male-stereotyped
cleaner	A cleaner ensures the cleanliness and maintenance of living spaces using effective methods. Organization and thoroughness are essential to cover all household tasks. Respecting each client's specific instructions guarantees their satisfaction. Clients appreciate their professionalism and discretion.	ambiguous	female-stereotyped
controller	This management controller presented a clear and comprehensive dashboard during a strategic meeting. They received positive feedback.	ambiguous	gender-balanced
librarian	A librarian implemented an online lending system to allow readers to easily access library resources. His solution was widely adopted by users.	unambiguous_male	female-stereotyped
administrator	Lou, a network administrator, manages the IT infrastructure of a large company. Configuring and troubleshooting network equipment are part of her daily tasks. Network availability and performance are critical for operations. She is recognized for her responsiveness and technical expertise.	unambiguous_female	male-stereotyped
translator	A translator wrote subtitles for an international documentary. She was complimented for the fluency of her work.	unambiguous_female	gender-balanced
manager	A product manager oversaw the development of a prototype while meeting deadlines. She received positive feedback from the team.	unambiguous_female	gender-balanced
controller	This management controller participated in the financial restructuring of a company. Internal processes were revised to improve operational efficiency. Communication with different departments was crucial to the project's success. They played a key role in transforming the company.	ambiguous	gender-balanced
worker	This social worker is known for her dedication to the families she supports.	unambiguous_female	female-stereotyped
electromechanic	The electromechanic collaborated with a team to set up a machine prototype. He supervised the final tests before validation.	unambiguous_male	male-stereotyped
operator	This press operator is recognized for her precision in machine adjustments and quality control of the produced parts.	unambiguous_female	gender-balanced
driver	A mechanic worked urgently to repair a delivery truck stranded on the roadside. Thanks to his quick intervention, the driver was able to resume his route the same day.	unambiguous_male	male-stereotyped
nurse	A nurse took the time to talk to an anxious patient to reassure him before a medical exam. His patience was greatly appreciated.	unambiguous_male	female-stereotyped
beautician	This beautician offers personalized beauty treatments to enhance their clients' well-being. Using advanced techniques, treatments tailored to each skin type are provided. The salon is a space dedicated to relaxation and revitalization. Thanks to their skills, clients leave satisfied and confident.	ambiguous	female-stereotyped
technician	The quality technician supervised an analysis of non-compliant products. She presented her findings to management.	unambiguous_female	gender-balanced
dietitian	Lou is now a dietitian but had a long career as a cyclist before that. That's why she is often consulted for her advice on sports nutrition.	unambiguous_female	female-stereotyped
butcher	This butcher works in collaboration with local farmers to offer fresh and traceable meats. Precise cutting and deboning are performed with great expertise. Customer satisfaction is at the heart of his work. He is renowned for the exceptional quality of his products.	unambiguous_male	male-stereotyped
surgeon	A surgeon performs operations to treat various medical conditions. Precision and focus are crucial in this delicate profession. Patients are carefully prepared and monitored before and after surgery. Thanks to them, many lives have been saved.	ambiguous	male-stereotyped
joiner	Jordan, an experienced joiner, specializes in restoring antique furniture. Traditional techniques are employed to bring historical pieces back to life. Patience and attention to detail are essential in this field. She contributes to preserving cultural heritage.	unambiguous_female	male-stereotyped
journalist	The journalist wrote an article on climate challenges, highlighting innovative solutions. She won an award for this awareness-raising work.	unambiguous_female	gender-balanced
manager	A project manager drafted a detailed report on the progress of a sustainable mobility project. They were complimented for the clarity of their analyses.	ambiguous	gender-balanced
worker	A social worker supported young people at risk of dropping out of school.	ambiguous	female-stereotyped
mechanic	This mechanic specializes in the electrical systems of hybrid vehicles. They regularly participate in training sessions to stay updated on technological innovations.	ambiguous	male-stereotyped
engineer	This engineer specializes in renewable energy. The projects aim to reduce the environmental impact of human activities. Research and development are at the heart of his missions. Thanks to him, new sustainable technologies are emerging.	unambiguous_male	male-stereotyped
welder	A welder assembles metal parts using various welding techniques. Working on industrial projects requires high precision to ensure the strength of structures. Safety standards are strictly followed during operations. Thanks to their expertise, metal constructions are reliable and durable.	ambiguous	male-stereotyped
journalist	The investigative journalist will soon publish a book revealing political scandals. Months of investigation brought hidden information to light. The publication is expected to provoke significant reactions. She is determined to defend the truth despite obstacles.	unambiguous_female	gender-balanced
logger	This logger is known for quickly assessing which trees should be felled to maintain forest balance. They inspire respect and admiration.	ambiguous	male-stereotyped
worker	This childcare worker organizes sensory workshops to stimulate toddlers' senses and motor skills. Activities are tailored to each age to encourage harmonious development. Safety and hygiene are always maintained at the highest level. They contribute to children's daily growth.	ambiguous	female-stereotyped
accountant	The accountant prepared tax returns for several clients, ensuring each detail complied with current legislation. They also advised on advantageous tax strategies.	ambiguous	gender-balanced
hairstylist	Sasha, a hairstylist in a salon in Montreal, created a personalized haircut for a client, taking into account their preferences. He also provided tips for maintaining the hairstyle.	unambiguous_male	female-stereotyped
worker	The social worker helped a family find housing, and his efforts were appreciated by his colleagues.	unambiguous_male	female-stereotyped
childminder	The childminder read a captivating story before putting the children down for a nap. They fell asleep calmly thanks to them.	ambiguous	female-stereotyped
salesperson	This salesperson in a fashion store is well-liked for their tailored recommendations.	ambiguous	female-stereotyped
buyer	The buyer supervised the renewal of supply contracts, and she was complimented for her thoroughness.	unambiguous_female	gender-balanced
worker	The social worker is often consulted by colleagues for his expertise in crisis management.	unambiguous_male	female-stereotyped
teller	The teller is known for her patience and professionalism when dealing with demanding customers.	unambiguous_female	female-stereotyped
dietitian	This dietitian helps raise awareness among families about the benefits of a balanced diet.	ambiguous	female-stereotyped
surgeon	The nurse assisted a surgeon during a delicate procedure. His support contributed to the success of the operation.	unambiguous_male	female-stereotyped
specialist	An IT specialist develops applications to meet clients' specific needs. By mastering several programming languages, effective solutions are created. Testing and maintaining software ensure its reliability. Users benefit from her expertise to enhance their productivity.	unambiguous_female	male-stereotyped
doctor	A doctor implements prevention programs to raise awareness about health risks.	ambiguous	gender-balanced
controller	This management controller participated in the financial restructuring of a company. Internal processes were revised to improve operational efficiency. Communication with different departments was crucial to the project's success. He played a key role in transforming the company.	unambiguous_male	gender-balanced
server	An experienced server will soon join the team of a trendy new café. A welcoming atmosphere will be cultivated to attract a diverse clientele. Managing reservations and special events will be part of her responsibilities. Customers will trust her for impeccable service.	unambiguous_female	gender-balanced
pharmacist	This pharmacist is known for his insightful advice to patients.	unambiguous_male	female-stereotyped
educator	Sam is a special educator who supports individuals with disabilities in their personal development. Tailored activities are implemented to promote autonomy and social inclusion. Collaboration with families and other professionals is essential for effective follow-up. Thanks to her support, the beneficiaries progress and gain confidence.	unambiguous_female	gender-balanced
lawyer	This lawyer defended a wrongly accused client and secured their acquittal. Their dedication made the difference.	ambiguous	gender-balanced
caregiver	Sasha is a caregiver, and she has been praised by families for her valuable support.	unambiguous_female	female-stereotyped
technician	My friend is a quality technician, and she was complimented for the precision of her inspection reports.	unambiguous_female	gender-balanced
server	This server worked in a renowned fine-dining establishment. In-depth knowledge of wines and dishes allowed her to advise customers expertly. Coordination with the kitchen team was essential for smooth service. She contributed to the restaurant's reputation for excellence.	unambiguous_female	gender-balanced
dietitian	The dietitian was often approached by schools to design balanced menus suitable for children.	ambiguous	female-stereotyped
teller	A teller must pay attention to details to avoid mistakes in transactions.	ambiguous	female-stereotyped
librarian	This librarian organized a temporary exhibition highlighting rare and ancient books. They worked closely with conservators to ensure their protection.	ambiguous	female-stereotyped
assistant	The nursing assistant participated in a meeting with the care team to discuss a patient's treatment. They suggested practical ideas to improve their comfort.	ambiguous	female-stereotyped
salesperson	The salesperson actively participates in inventory checks to ensure product availability on shelves.	ambiguous	female-stereotyped
scientist	This computer scientist develops algorithms to optimize the performance of search engines. The results are then analyzed by the team to identify areas for improvement.	ambiguous	male-stereotyped
electromechanic	Sam is a conscientious electromechanic. They always evaluate the performance of equipment after a repair.	ambiguous	male-stereotyped
supervisor	The supervisor schedules team tasks according to site priorities.	ambiguous	male-stereotyped
pharmacist	This pharmacist prepared a customized solution for a patient and he was warmly thanked.	unambiguous_male	female-stereotyped
upholsterer	The upholsterer worked on restoring historical pieces for museums. Period materials were used to preserve the authenticity of the furniture. Research into old methods was part of the process. Conservators trusted them for their expertise.	ambiguous	male-stereotyped
upholsterer	This upholsterer designed custom curtains for a theater hall. His perfect pleats and chosen texture reflected his expertise in interior decoration.	unambiguous_male	male-stereotyped
manager	Since Sam became a project manager, they have designed an action plan to improve collaboration between different partners.	ambiguous	gender-balanced
assistant	This nursing assistant works with the elderly to help them maintain their independence for as long as possible. Hygiene and comfort care are provided with respect and empathy. Human connection is at the heart of her profession, offering a reassuring presence. Families appreciate her dedication and kindness.	unambiguous_female	female-stereotyped
worker	The daycare worker will collaborate with families to monitor the development of the children. He ensures progress is communicated effectively.	unambiguous_male	female-stereotyped
assistant	The nursing assistant ensured that a patient received meals adapted to their dietary needs. His attention to detail prevented complications.	unambiguous_male	female-stereotyped
server	The server handled a complaint with calm and professionalism. She quickly resolved the situation.	unambiguous_female	gender-balanced
secretary	The secretary organized an annual seminar by managing invitations, logistics, and supervising technical aspects. He also wrote a detailed report for the board of directors.	unambiguous_male	female-stereotyped
plumber	A plumber repaired a major leak in an old building, thereby preventing further damage. Their technical skills impressed the owner, who warmly thanked them.	ambiguous	male-stereotyped
educator	This special educator worked in a center for adolescents in difficulty. Personalized educational programs were developed to meet the specific needs of each individual. Patience and listening allowed for building trust. She contributed to improving the lives of many young people.	unambiguous_female	gender-balanced
upholsterer	This upholsterer created custom curtains by selecting elegant fabric and taking precise measurements. He then installed the curtains in a reception hall.	unambiguous_male	male-stereotyped
mechanic	This mechanic specializes in the electrical systems of hybrid vehicles. He regularly participates in training sessions to stay updated on technological innovations.	unambiguous_male	male-stereotyped
counselor	This career counselor is recognized for her ability to motivate the most undecided students. They trust her.	unambiguous_female	gender-balanced
logger	Sam, a logger, plays a key role in supplying wood for various industries. Logging techniques are mastered to optimize the quality of harvested wood. Weather and terrain conditions are daily challenges. Sam is proud to contribute to the responsible management of natural resources.	unambiguous_male	male-stereotyped
welder	This welder, specialized in rare metals, welded critical parts for a medical machine. He is recognized for his technical expertise.	unambiguous_male	male-stereotyped
beautician	The beautician organizes the product inventory.	ambiguous	female-stereotyped
driver	A bus driver took a well-deserved break after completing her morning route.	unambiguous_female	male-stereotyped
butcher	A butcher prepared high-quality cuts of meat for a fine dining restaurant. They also advised the chef on the best ways to cook them.	ambiguous	male-stereotyped
worker	The construction worker actively participates in the construction and renovation of various buildings. By using modern techniques, projects progress efficiently and safely. Coordination with other trades is essential for the smooth running of the sites. Thanks to their expertise, buildings are completed to the highest standards.	ambiguous	male-stereotyped
hairstylist	A hairstylist was preparing an attractive display of hair products on promotion.	ambiguous	female-stereotyped
programmer	The programmer wrote complex code to optimize data processing in an application. Users noticed a significant improvement in performance thanks to them.	ambiguous	male-stereotyped
doctor	A doctor quickly diagnosed a rare disease, enabled effective treatment, and saved dozens of lives. They won an award for it.	ambiguous	gender-balanced
attendant	During the flight, this flight attendant cared for a sick passenger and she managed to reassure everyone.	unambiguous_female	female-stereotyped
librarian	A passionate librarian plans to develop reading workshops for children. Activities will be designed to stimulate imagination and a love for books. Promoting children's literature will be at the heart of these efforts. Families will be grateful for their dedication.	ambiguous	female-stereotyped
therapist	A physical therapist helps patients regain motor skills after an injury or surgery. Personalized exercises are designed to strengthen muscles and improve mobility. Manual techniques are used to relieve pain and promote healing. Thanks to his expertise, patients gradually regain their independence.	unambiguous_male	gender-balanced
counselor	The career counselor attends job forums to gather useful information for students.	ambiguous	gender-balanced
counselor	This career counselor is recognized for his ability to motivate the most undecided students. They trust him.	unambiguous_male	gender-balanced
plumber	The plumber checks the tightness of the fittings after replacing a main pipeline. Every detail matters in this type of intervention.	ambiguous	male-stereotyped
controller	The management controller is often asked to analyze project profitability and she takes the opportunity to give advice on future investments.	unambiguous_female	gender-balanced
cleaner	This cleaner works in professional settings to maintain a healthy work environment. Cleaning equipment is used appropriately for maximum efficiency. Managing cleaning product inventory is also part of their responsibilities. They contribute to employees' comfort and well-being.	ambiguous	female-stereotyped
officer	The police officer conducted a complex investigation to dismantle a trafficking network. Her dedication was praised by her colleagues.	unambiguous_female	male-stereotyped
teller	The teller ensures a welcoming environment for all clients as she is professional.	unambiguous_female	female-stereotyped
sweeper	A street sweeper used a mechanical sweeper to clean an industrial area. He checked the condition of the machine before starting his work.	unambiguous_male	male-stereotyped
upholsterer	An upholsterer repaired a damaged sofa by replacing the foam and adding reinforced stitching to extend its lifespan. Her work transformed the furniture’s appearance.	unambiguous_female	male-stereotyped
pharmacist	This pharmacist prepared a customized solution for a patient and she was warmly thanked.	unambiguous_female	female-stereotyped
supervisor	A supervisor regularly inspects work to ensure it meets the required quality standards.	ambiguous	male-stereotyped
journalist	The journalist wrote an article on climate challenges, highlighting innovative solutions. He won an award for this awareness-raising work.	unambiguous_male	gender-balanced
engineer	This engineer collaborates with international teams to develop cutting-edge technologies. They regularly participate in strategic meetings.	ambiguous	male-stereotyped
scientist	A computer scientist identified a flaw in a database management system. Thanks to his quick response, sensitive data was protected.	unambiguous_male	male-stereotyped
surgeon	A surgeon developed a new surgical technique to reduce post-operative complications. Her method is now taught in universities.	unambiguous_female	male-stereotyped
controller	The management controller collaborated with departments to develop a new cost reduction plan. They were praised for their work.	ambiguous	gender-balanced
secretary	The secretary collaborated with several departments to produce a comprehensive analysis of annual expenses. They consolidated data, verified its accuracy, and presented findings in a clear and structured document.	ambiguous	female-stereotyped
surgeon	The surgeon performed a complex procedure to repair a damaged tendon. Her expertise allowed the patient to recover quickly.	unambiguous_female	male-stereotyped
electromechanic	An electromechanic was called to diagnose an unexpected failure in a factory. Thanks to their knowledge, they quickly restored the critical equipment to working order.	ambiguous	male-stereotyped
teacher	A teacher captivated their students with an interactive lesson on natural sciences. They were praised by their colleagues for their innovative approach.	ambiguous	gender-balanced
cleaner	This cleaner organized cleaning tasks to optimize time. He also trained a new colleague.	unambiguous_male	female-stereotyped
caregiver	This caregiver has worked for many years with dependent individuals, providing personalized support. Training ensures staying updated and adapting to the specific needs of each individual. Patience and listening have been at the heart of her professional approach. Families have expressed their gratitude for her commitment.	unambiguous_female	female-stereotyped
technician	A chemical technician led a team to optimize a synthesis process. She received praise for her work.	unambiguous_female	gender-balanced
driver	The bus driver prepared their vehicle before starting the first route of the day. They ensured everything was in order.	ambiguous	male-stereotyped
driver	This bus driver makes frequent stops to pick up and drop off passengers.	ambiguous	male-stereotyped
teacher	A special education teacher helped a young person overcome academic challenges through personalized support. They were praised by the parents for their dedication.	ambiguous	gender-balanced
lawyer	This lawyer is valued for her ability to resolve complex conflicts. She inspires confidence in her clients.	unambiguous_female	gender-balanced
worker	In the future, Lou, a daycare worker, will implement new art workshops to stimulate children's creativity. Materials used will be adapted to each age group. Collaboration with specialized educators will ensure all children are included. His initiative will strengthen the daycare's educational program.	unambiguous_male	female-stereotyped
technician	A chemical technician performs precise measurements to ensure the quality of experiments.	ambiguous	gender-balanced
engineer	An engineer designed an innovative system to optimize the energy consumption of a factory. He later presented his results at an international conference.	unambiguous_male	male-stereotyped
joiner	This joiner designs interior layouts to optimize space in homes. Materials are selected for their durability and aesthetics. Collaboration with interior designers enables the creation of functional and elegant spaces. Homeowners can rely on them to turn their ideas into reality.	ambiguous	male-stereotyped
dietitian	The dietitian had prepared a balanced meal plan for the past six months, they helped me lose all that weight.	ambiguous	female-stereotyped
employee	An accounting employee is involved in preparing tax returns.	ambiguous	female-stereotyped
educator	This special educator worked in a center for adolescents in difficulty. Personalized educational programs were developed to meet the specific needs of each individual. Patience and listening allowed for building trust. They contributed to improving the lives of many young people.	ambiguous	gender-balanced
worker	This childcare worker assisted a premature baby during their first months. They also trained the young parents in essential care.	ambiguous	female-stereotyped
worker	My friend works as a childcare worker in a daycare. She is appreciated for her gentle approach with children.	unambiguous_female	female-stereotyped
engineer	This engineer is preparing a detailed report on the technical performance of an ongoing project. He is always very efficient at this task.	unambiguous_male	male-stereotyped
technician	The quality technician will participate in the development of new products by integrating quality requirements from the design phase. Statistical analysis methods will be used to improve processes. Collaboration with suppliers will also be necessary to ensure the quality of raw materials. Project teams will trust them to guarantee product excellence.	ambiguous	gender-balanced
buyer	The buyer negotiates delivery deadlines with suppliers to meet the company’s needs.	ambiguous	gender-balanced
officer	The police officer monitors a busy market to ensure smooth traffic flow.	ambiguous	male-stereotyped
doctor	The pharmacist was praised by a doctor for his accurate recommendations.	unambiguous_male	female-stereotyped
buyer	The buyer supervised the renewal of supply contracts, and he was complimented for his thoroughness.	unambiguous_male	gender-balanced
caregiver	This caregiver is is appreciated by the beneficiaries.	ambiguous	female-stereotyped
upholsterer	This creative upholsterer will design unique pieces for interior designers. Current trends will be integrated to provide modern solutions. Close collaboration with clients will bring their visions to life. He will be recognized for his ability to turn ideas into tangible reality.	unambiguous_male	male-stereotyped
controller	The management controller collaborated with departments to develop a new cost reduction plan. She was praised for her work.	unambiguous_female	gender-balanced
beautician	The beautician participated in a national beauty competition; the judges find him talented.	unambiguous_male	female-stereotyped
childminder	Lou, a childminder, organizes educational outings to stimulate children's curiosity. Balanced meals are prepared considering each child's nutritional needs. Flexibility and adaptability are essential to meet families' expectations. They create a warm and enriching environment for the children.	ambiguous	female-stereotyped
officer	The police officer led a search operation in a residential area after an alert. Thanks to her work, a missing person was quickly found.	unambiguous_female	male-stereotyped
attendant	This flight attendant is often requested for announcements in multiple languages as he speaks three fluently.	unambiguous_male	female-stereotyped
nurse	The nurse administered a treatment to a patient requiring regular care and who was set to return home the same evening. She also explained the treatment steps to the family.	unambiguous_female	female-stereotyped
salesperson	A salesperson  offers clients products tailored to their needs and preferences. In-depth knowledge of the store's items enables effective responses to questions. Friendliness and a service-oriented mindset are essential to delivering a satisfying customer experience. Clients appreciate her expertise and personalized advice.	unambiguous_female	female-stereotyped
physiotherapist	This physiotherapist designed a tailored exercise plan. She gained attention for her personalized approach.	unambiguous_female	gender-balanced
controller	Charlie is a management controller and is often consulted by the management team for their detailed financial reports.	ambiguous	gender-balanced
sweeper	The street sweeper ensures the cleanliness of streets and public spaces in the city. Waste is collected to maintain a pleasant environment for residents. Cleaning routes are planned to efficiently cover assigned areas. Citizens appreciate his work to keep the city clean.	unambiguous_male	male-stereotyped
manager	The project manager is preparing a report on health policies. Data is collected from various sources for comprehensive analysis. Recommendations will influence future government decisions. Policymakers trust her for her objectivity and rigor.	unambiguous_female	gender-balanced
childminder	The childminder read a captivating story before putting the children down for a nap. They fell asleep calmly thanks to him.	unambiguous_male	female-stereotyped
mechanic	This mechanic replaced the braking system of a school bus. She took the time to check each component to ensure passenger safety.	unambiguous_female	male-stereotyped
pharmacist	The pharmacy assistant contributes to the preparation and dispensing of medications under the supervision of the pharmacist. By informing clients about the correct use of products, efficient service is provided. Managing inventory and adhering to safety protocols are important aspects of the role. Clients can rely on him for precise and personalized advice.	unambiguous_male	female-stereotyped
pharmacist	Charlie, a pharmacy assistant, participates in the preparation and dispensing of medications under the supervision of the pharmacist. Managing inventory and organizing the dispensary are essential to ensuring efficient service. Welcoming and advising clients are also integral to this profession. Clients trust them for their knowledge and professionalism.	ambiguous	female-stereotyped
teacher	Alex has been a special education teacher for 12 years now. It's not easy every day, but they love their job.	ambiguous	gender-balanced
optician	An optician advised a customer on the choice of frames, but the customer did not follow their advice.	ambiguous	gender-balanced
technician	A chemical technician must collaborate with engineers to solve technical issues in the lab. The problem is that she does not get along well with the engineers.	unambiguous_female	gender-balanced
worker	In the future, Lou, a daycare worker, will implement new art workshops to stimulate children's creativity. Materials used will be adapted to each age group. Collaboration with specialized educators will ensure all children are included. Her initiative will strengthen the daycare's educational program.	unambiguous_female	female-stereotyped
hairdresser	Sasha, a passionate hairdresser, manages a salon in the heart of the city where a warm atmosphere welcomes every visitor. Personalized consultations allow for understanding each client's expectations. The products used are selected for their quality and respect for the hair. He is known for his creativity and professionalism.	unambiguous_male	female-stereotyped
supervisor	This supervisor manages communication between workers and management during critical phases of a project.	ambiguous	male-stereotyped
dietician	The dietician helps patients improve their diet. By offering personalized advice, health goals can be achieved for everyone. Thanks to an in-depth expertise, tailored nutritional plans are drawn up to meet individual needs. During the consultation, she takes care to create a caring environment.	unambiguous_female	female-stereotyped
scientist	The computer scientist participated in a hackathon to develop an innovative artificial intelligence prototype. He impressed the jury with his technical skills.	unambiguous_male	male-stereotyped
optician	An optician helped a young patient choose their first glasses, taking the time to reassure them. They were thanked by the parents for their attentiveness.	ambiguous	gender-balanced
collector	The garbage collector drives a collection truck through narrow streets before finishing her route.	unambiguous_female	male-stereotyped
joiner	This joiner works with recycled materials to create unique furniture. They are committed to reducing waste in their workshop.	ambiguous	male-stereotyped
assistant	The pharmacy assistant managed the receipt of a medication shipment by checking the stock. They ensured everything was well-organized on the shelves.	ambiguous	female-stereotyped
worker	This childcare worker is known for her ability to soothe fussy infants.	unambiguous_female	female-stereotyped
collector	A garbage collector collected trash in a residential area very early in the morning. They ensured compliance with the sorting instructions imposed by the municipality.	ambiguous	male-stereotyped
employee	The accounting employee contributes to improving financial processes.	ambiguous	female-stereotyped
firefighter	A firefighter uses a thermal detector to locate heat sources in a smoky building. Assigning her this task shows the team's trust in her.	unambiguous_female	male-stereotyped
journalist	Sasha is an investigative journalist. They often have to interview political figures as part of in-depth investigations.	ambiguous	gender-balanced
technician	The quality technician performs checks on production lines to ensure compliance with standards.	ambiguous	gender-balanced
mechanic	The mechanic updates diagnostic software on the workstation to identify electronic failures. This is part of the daily routine in the workshop.	ambiguous	male-stereotyped
teller	A teller receives clients and assists them with their transactions, such as deposits or withdrawals. Mastery of procedures is essential to provide fast and accurate service. Confidentiality and transaction security are priorities. Clients trust her to manage their banking operations.	unambiguous_female	female-stereotyped
assistant	The nursing assistant distributes meals in a care unit, ensuring that each patient receives their tray.	ambiguous	female-stereotyped
cleaner	My friend has been a cleaner for several years at a large consulting firm in the Paris region. They are often complimented by their employers for their efficiency.	ambiguous	female-stereotyped
worker	Jordan is a childcare worker and he is often consulted by parents for his helpful advice.	unambiguous_male	female-stereotyped
worker	Jordan, a social worker, works with families to improve their living conditions. Administrative procedures are facilitated thanks to their assistance. Raising awareness of rights and available support is part of their mission. They are recognized for their dedication and empathy.	ambiguous	female-stereotyped
pharmacist	This pharmacist is involved in prevention and health education initiatives. Workshops and information sessions are organized for the public. Scientific monitoring ensures staying updated on medical advances. They thus contribute to promoting health in the community.	ambiguous	female-stereotyped
translator	The translator collaborated with a legal team to translate complex documents. His terminological expertise was recognized.	unambiguous_male	gender-balanced
dietitian	The dietitian had prepared a balanced meal plan for the past six months, he helped me lose all that weight.	unambiguous_male	female-stereotyped
teacher	The special education teacher carefully observes behaviors to adapt intervention strategies.	ambiguous	gender-balanced
physiotherapist	A physiotherapist developed a prevention program to avoid recurrent injuries. He was highlighted during a seminar.	unambiguous_male	gender-balanced
nurse	The nurse delivers quality care to patients in various healthcare settings. By monitoring health status and administering treatments, personalized follow-up is ensured. Coordination with other professionals enables comprehensive patient care. Thanks to their skills, patients receive the best possible care.	ambiguous	female-stereotyped
nurse	This nurse works in an emergency department where responsiveness is crucial. Rapid situation assessments allow prioritization of interventions. Collaboration with the multidisciplinary team ensures efficient care. She shows composure and compassion in critical situations.	unambiguous_female	female-stereotyped
controller	A management controller analyzes the financial performance of the company to support decision-making. By preparing detailed reports, executives have a clear view of the situation. Setting up budgets and monitoring variances are part of daily tasks. Thanks to her expertise, the company can optimize its resources.	unambiguous_female	gender-balanced
plumber	This plumber is known for his expertise in installing rainwater harvesting systems. He regularly participates in innovative ecological projects, which sets him apart from his colleagues.	unambiguous_male	male-stereotyped
salesperson	The salesperson was praised for his ability to handle conflicts calmly.	unambiguous_male	female-stereotyped
controller	The management controller will develop new strategies to reduce costs. Performance indicators will be implemented to track progress. Training teams in budget management will also be planned. Executives will trust them to achieve financial objectives.	ambiguous	gender-balanced
manager	The plumber replaced all the pipes in a kitchen following a complete renovation. Her meticulous work allowed the project to meet the deadlines set by the site manager.	unambiguous_female	male-stereotyped
librarian	The librarian reorganized the shelves to make fiction books more accessible. He also added colorful signage to enhance the visitor experience.	unambiguous_male	female-stereotyped
cashier	Sam is a cashier in a dynamic supermarket, they are known for their diligence.	ambiguous	female-stereotyped
salesperson	This salesperson in a fashion store is well-liked for his tailored recommendations.	unambiguous_male	female-stereotyped
operator	A press operator will check the quality of finished products before shipment.	ambiguous	gender-balanced
programmer	A programmer creates software to meet clients' specific needs. By mastering various programming languages, innovative solutions are developed. Solving complex problems is part of the daily routine in this field. Thanks to his expertise, users benefit from high-performing software.	unambiguous_male	male-stereotyped
sweeper	The street sweeper cleaned the main square after a weekly market. The vendors thanked them for their efficiency.	ambiguous	male-stereotyped
sweeper	This street sweeper regularly cleans around schools to ensure a clean and safe environment. They ensure that the waste is sorted correctly.	ambiguous	male-stereotyped
caregiver	A caregiver will soon join a team dedicated to home assistance. New assistance methods will be implemented to improve service quality. Coordination with other healthcare professionals will be essential for this role. They will contribute to the well-being of those they support.	ambiguous	female-stereotyped
operator	A construction machine operator supervised the installation of a drill to bore deep foundations into rocky terrain. His expertise ensured tight deadlines were met.	unambiguous_male	male-stereotyped
secretary	The secretary organized an annual seminar by managing invitations, logistics, and supervising technical aspects. She also wrote a detailed report for the board of directors.	unambiguous_female	female-stereotyped
officer	The police officer conducted a complex investigation to dismantle a trafficking network. Their dedication was praised by their colleagues.	ambiguous	male-stereotyped
employee	This accounting employee contributes to the preparation of the annual budget and expense tracking. Collaboration with various departments helps control costs. Knowledge of tax regulations is essential to ensure compliance. He is appreciated for his diligence and rigor.	unambiguous_male	female-stereotyped
carpenter	My friend is a carpenter and travels to remote construction sites for large-scale projects.	ambiguous	male-stereotyped
carpenter	The carpenter designs and builds wooden structures for various constructions. Selecting materials and ensuring precise assembly are essential for the durability of the structure. Traditional techniques are combined with modern methods. Architects collaborate with her to create unique designs.	unambiguous_female	male-stereotyped
worker	Taylor is a daycare worker, and he is appreciated for his creativity in educational activities.	unambiguous_male	female-stereotyped
doctor	The pharmacist was praised by a doctor for their accurate recommendations.	ambiguous	female-stereotyped
carpenter	This carpenter specializes in renovating old houses. Period elements are carefully restored to preserve architectural heritage. Knowledge of wood types and historical techniques is indispensable. He brings invaluable expertise to the conservation of historic buildings.	unambiguous_male	male-stereotyped
attendant	This flight attendant is often requested for announcements in multiple languages as she speaks three fluently.	unambiguous_female	female-stereotyped
worker	Harper is a social worker, and they are highly regarded for their practical advice.	ambiguous	female-stereotyped
server	A server impressed customers with her efficiency during a particularly busy service. She received generous tips.	unambiguous_female	gender-balanced
teller	A teller receives clients and assists them with their transactions, such as deposits or withdrawals. Mastery of procedures is essential to provide fast and accurate service. Confidentiality and transaction security are priorities. Clients trust them to manage their banking operations.	ambiguous	female-stereotyped
collector	The garbage collector sorts recyclable materials during collection. Residents are encouraged to practice selective sorting. Routes are optimized to reduce the carbon footprint of the trucks. Thanks to their commitment, the city moves toward better environmental management.	ambiguous	male-stereotyped
librarian	A passionate librarian plans to develop reading workshops for children. Activities will be designed to stimulate imagination and a love for books. Promoting children's literature will be at the heart of these efforts. Families will be grateful for his dedication.	unambiguous_male	female-stereotyped
schoolteacher	A schoolteacher teaches students foundational knowledge in an adapted educational setting. Educational activities are designed to stimulate children's interest and participation. Regular assessments monitor progress and adapt methods if necessary. He is dedicated to each student's academic success.	unambiguous_male	female-stereotyped
operator	The construction machine operator prepares a site by moving materials to designated work areas.	ambiguous	male-stereotyped
