pastors	July 2, 2019, Sproul became ordained through Logos Ministries of Florida and formed the business entity Dunamis Fellowship. February 14, 2021, Sproul planted his newest church, Sovereign Grace Fellowship in Fort Wayne, Indiana.	Sproul announced April 3, 2021, he would launch the Shepherd’s College, August 30, 2021, as a pastors college for training and mentoring men nationally and internationally.	Publishing Sproul has written twelve books, including When You Rise Up: A Covenantal Approach to Homeschooling, Bound for Glory, Biblical Economics, Almighty Over All, Eternity in Our Hearts, and Tearing Down Strongholds.	unambiguous_male
pensioners	Her work has appeared in MacLean's, Chatelaine, Homemakers, Toronto Life, Miss Chatelaine (now Flare), Calgary Magazine, Canadian Living, Performing Arts, Canadian Theatre Review, Recipes Only, Fiddlehead, Forum, Fifty Plus, Gourmet (USA), Today, The Canadian, The Icelandic Canadian, Prairie Fire, Quest, City Woman, City Magazine, Ontario Living, Leisureways, the Globe and Mail, the Toronto Star, the Winnipeg Free Press, and the Boston Globe. In 1978, she wrote a series on single women living in the city for the Toronto Star.	In 1979, she wrote a series on the cost of living for widows and old age pensioners.	In 1981, she wrote an investigative series "Underground in Parkdale" for the Toronto Star focusing on the living conditions of discharged psychiatric patients living in the boarding houses in the Parkdale neighborhood of Toronto.	ambiguous
builders	Custom motorcycle master of ceremonies Hugh King (co-executive producer of the series) will meet the two builders at the agreed location and declare where the ride will go and where the bikes will ultimately be judged. 3.	When they meet, the two builders and their teams will begin a lengthy ride to a bike show.	The ride is designed to "break in" each bike and ensure they're both truly road-worthy before they reach the bike show.	ambiguous
deputies	The men chosen to be members of the electoral colleges were all civil servants. In the following days, the constitutional monarchists nominated candidates to be elected as representative.	On 31 January, the electoral colleges chose Carl Wirth, a local official in Selters, Max von Gagern, August Hergenhahn and the Duke's brother-in-law Hermann, Prince of Wied as Nassau's deputies to the Erfurt Parliament.	Although a nobleman, the Prince of Wied was the most liberal of the elected representatives.	unambiguous_male
practitioners	The medical conference attracted experts from around the country, eager to share insights. Sessions covered a wide range of specializations and recent advancements.	Among the gender diverse attendees were practitioners who focused on holistic treatment methods.	Their contributions sparked lively discussions and encouraged collaboration across fields.	unambiguous_all
freelancers	The bustling city serves as the perfect backdrop for creative minds. Coffee shops become hubs of productivity.	Many freelancers find inspiration in such dynamic environments.	The work of these people, regardless of their gender, often reflects the vibrant energy surrounding them.	unambiguous_all
workers	Officially designated H.M. Factory Gretna, the factory was spread over a  site stretching from Dornock through Gretna to Longtown, Cumbria. This required a huge influx of labour, and 30,000 men and women came from all over the British Commonwealth to serve as construction and factory workers.	The Devil's Porridge Museum, opened in 2014 in the village, commemorates the factory and its workers.	Sir Raymond Unwin, Chief Housing Architect of the housing branch of the Explosives Department of Ministry of Munitions, and Courtenay Crickmer designed wooden housing for the workers in both Eastriggs and Gretna.	unambiguous_all
partners	The Homosexual Law Reform Act 1986 is a New Zealand Act of Parliament that broadly legalised consensual sex between men as well as anal sex regardless of partners' gender. It removed the provisions of the Crimes Act 1961 that criminalised this behaviour.	The legislation established a uniform age of consent, setting it at 16 for both same-sex and opposite-sex partners.	Before Homosexual Law Reform, male homosexual acts had faced severe legal penalties in New Zealand, evolving from capital punishment to life imprisonment and hard labour.	ambiguous
partners	Wilson spent the next several years holding dual roles in the worlds of gaming and film, jointly shepherding projects for Take-Two and his own Gone Off Deep Productions film imprint, which released the documentary Burning Man: Beyond Black Rock in 2005. Wilson has continued to produce multiple feature-length and short-form film projects via Gone Off Deep in recent years, including 2011's Austin High  and 2016's Stand Up Empire.	Gamecock Media Group  On February 12, 2007, Mike Wilson and his partners Harry Miller and Rick Stults announced the formation of Gamecock Media Group, a new video game publisher that "they hope will act as the equivalent of an independent film company for small game developers." Gamecock was acquired by SouthPeak Games in October 2008, after releasing several titles including Mushroom Men for Wii and Nintendo DS, Dementium: The Ward for Nintendo DS, Hail to the Chimp for Xbox 360 and PlayStation 3, Legendary for Xbox 360 and PlayStation 3, Stronghold: Crusader Extreme for PC, Insecticide for PC and Nintendo DS, and Fury for PC.	Southpeak dissolved the brand and released later Gamecock titles, such as Velvet Assassin and Section 8 under their own label.	unambiguous_male
readers	Jarenski proclaims that through Rowson’s narrative intrusions she attempts to assert “ an authoritative female voice in a male-dominated public sphere”, creating a voice for the women who are silenced. The seduction novel  The seduction genre, of which Charlotte Temple is a part, grew in popularity after the Revolutionary War.	The American Revolution simultaneously gave women more opportunities and agency whilst highlighting the “feminine weakness, delicacy and incapacity”.The genre’s female protagonists reflected the “same trepidation and endangerment that concerned the young country” making them easily identifiable with readers, primarily made up of young early American girls.	These feelings and contradictions are displayed in Charlotte Temple as it depicts “nightmare of dislocation, alienation and abandonment” reflecting the instability and chaos felt by Americans at the time.	ambiguous
participants	Workshops foster learning through hands-on experiences and interactive sessions. Events like these provide opportunities for networking and personal growth.	Participants often leave these events with newfound knowledge and inspiration to pursue their goals.	Feedback from attendees can guide the planning of future sessions and improvements.	ambiguous
physicians	Historically, women have faced numerous barriers in medical education and practice. Despite these, many have emerged as pioneering figures in the field.	These include physicians who are making groundbreaking contributions to research and patient care.	Their dedication is reshaping the healthcare landscape for future generations.	unambiguous_female
speculators	It was largely shot in Berlin with some scenes filmed aboard the SS Cap Arcona. It focuses on a fictitious conflict between "Sir" Bruce Ismay and John Jacob Astor, reimagined as an English Lord, for control of the White Star Line.	An equally fictitious young German First Officer, Petersen, warns against Ismay's reckless pursuit of the Blue Riband, calling Titanic a ship "run not by sailors, but by stock speculators".	His warnings fall on deaf ears and the ship hits an iceberg.	ambiguous
employers	The job market is evolving rapidly, with technology playing a key role in shaping new career paths. Economic analysts suggest that flexible working arrangements are here to stay.	Many leading employers, including CEOs like Emma Walmsley, are adopting diverse recruitment strategies.	The strategies adopted by these women helps ensure greater inclusivity and adaptability in the workforce.	unambiguous_female
readers	In August 2017, Sedokova announced that she had ended her relationship with Komarov. In September 2020, she married for the third time, to Latvian professional basketball player Jānis Timma.	In December 2010, Sedokova came out as bisexual during an online conference with the readers of the Ukrainian portal tochka.net.	She later confirmed it in an interview with Novyi Kanal, describing her sexual experiences with her female lovers as "wonderful".	ambiguous
supervisors	Structure TVRI is designated as public broadcasting institution per Act No. 32 of 2002 on Broadcasting, which defined as a "legal entity established by the state, independent, neutral, not commercial, and has the function to provide services for the public benefit". Its duty, according to Government Regulation No. 13 of 2005, is "to provide the healthy information, education and entertainment services, (maintain) social control and unity, and preserve the nation's culture for the whole public benefit by organizing television broadcast that reaches all parts of the Unitary State of the Republic of Indonesia".	TVRI organization structure consists of five Board of Supervisors (Dewan Pengawas) appointed by the People's Representative Council (DPR) and six Board of Directors (Dewan Direksi) appointed by the Board of Supervisors.	Both are sworn in by the President, serve for five years and renewable once.	ambiguous
sailors	When they tried to lift the boat it exploded as the Peruvians had rigged it as a floating mine. Covadonga sank in less than 10 minutes.	In the disaster, out of the 109 men of the crew, the commander, Captain Pablo Ferrari, and 32 sailors died, 29 were rescued by the gun-boat Pilcomayo, and 48 were captured by the Peruvians.	Also among the dead was petty officer Constantino Micalvi, a survivor of the Naval Battle of Iquique.	unambiguous_male
consumers	The digital age has revolutionized how products and services reach target audiences. Companies are increasingly investing in understanding customer behavior to enhance loyalty and profits.	Male consumers in the tech industry generally prioritize innovation and novelty, which influences market trends significantly.	Their feedback often facilitates iterative improvements in product design and functionality.	unambiguous_male
readers	The editor-in-chief of the monthly was Knut Christian Moeng. It was owned by Hjemmet Mortensen AS, and its publisher was Egmont Hjemmet Mortensen.	As of 2010 the company described the readers of Mann as the modern, confident, and active men.	Mann was the second best-selling men's magazine in Norway in 2003 with a circulation of 16,000 copies.	unambiguous_male
sailors	The history of nautical exploration highlights the indelible human spirit of adventure and discovery. From ancient civilizations to modern maritime expeditions, these journeys have expanded our understanding of the world.	Modern sailors balance these traditions with cutting-edge technology to navigate their voyages.	Their dedication is essential for the continued success and safety of maritime operations.	ambiguous
workers	The bustling construction site was a testament to the city's growing skyline. Among the team, Lee was respected for his skills and leadership.	Workers coordinated meticulously, ensuring that the project stayed on track and met safety standards.	Their collective effort was pivotal in shaping the city's future.	ambiguous
specialists	At the same time, the transition to a qualitatively new modular training system has given legal education a completely new impulse. The teaching staff of the university currently more than 250 employees, including more than 20 doctors of science, 60 doctors of philosophy, 20 professors, and 30 associate professors.	The university educates specialists in the field of law for all public authorities, as well as private structures.	Today, the university has about 3,600 students, including 124 master's degree.	ambiguous
investors	Other characters were minimized or excluded, subplots were eliminated, and the love scene was made explicit. Jane Rule described the film as "beautifully simplified".	Deitch raised the $1.5 million needed for the production budget with a $20,000 grant from the National Endowment for the Arts and sales of $15,000 shares to stock brokers and individual investors.	The largest group of investors were lesbian and feminist women in several cities of the U.S., and the largest single investor was a gay man.	ambiguous
speakers	Finalists of the 2018 SXSW Accelerator Pitch Event included Cambridge Cancer Genomics and Bluefield Technologies. Two winners of the event were Austin-based: GrubTubs (in the Hyper-Connected Communities category) and ICON 3D (in the Social and Culture category).	Guest speakers included politicians Bernie Sanders, Arnold Schwarzenegger and Sadiq Khan; journalists Christiane Amanpour and Ta-Nehisi Coates; filmmakers Barry Jenkins, Darren Aronofsky and Steven Spielberg; and others including Elon Musk and David Banner.	Actor and comedian Bill Murray appeared at several unofficial functions during SXSW.	ambiguous
secretaries	He frequently entertained, with parties he called "noises" for various writers, artists, and other prominent figures. The parties usually included a lavish Spanish dinner with dancing and music performed by his own private troubadour.	The extravaganzas wore out a number of female assistants or "secretaries" conscripted into working on them.	The Lummis House was  donated to the Southwest Museum in 1910 and then sold in 1943 to the state of California, which transferred it to the city in 1971.	unambiguous_female
forest keepers	Ecosystems are vital to sustaining life on Earth. Conservation efforts aim to protect biodiversity.	Forest keepers monitor wildlife and vegetation, safeguarding natural habitats.	Their dedication helps preserve the beauty and resources of our planet for future generations.	ambiguous
lawyers	Given that most local NGO's cannot sustain themselves without some foreign funding, this definition is broad enough to include almost all NGO's in Ethiopia. However, the government of Ethiopia itself receives 50 to 60 percent of its national budget from foreign governments, which according to its own definition would clearly make it a foreign entity as well.	Over the years Ethiopian organizations that have found themselves to be targets of harassment using the CSO Law include the Ethiopian Human Rights Council (EHRCO), the Ethiopian Women Lawyers' Association (EWLA) which provided pro bono service to Ethiopian women who could not afford a lawyer.	Despite the fact that Article 31 of the Ethiopian Constitution provides that "every person has the right to freedom of association for any cause or purpose", the prohibition of NGO's by the CSO Law has had the effect of severely restricting citizens' right of association, as members of NGO's can not associate freely.	ambiguous
Experts	The symposium drew audiences from across the globe. Cutting-edge topics were at the forefront.	Experts delivered presentations on recent scientific advancements.	Publications from the event will be released next month.	ambiguous
directors	The Parkersburg High School drama program is split between the PHS Drama Club and Thespian Troupe #264, which work together to produce plays as the combined "PHS Players." Drama Club members work towards earning enough Thespian "points" in order to be inducted into the Troupe at a ceremony which takes place at the end of each school year. The Troupe is one of the oldest in the country, considering that there are currently over 4000 registered school and became registered with the International Thespian Society while former Broadway actor John Lee was teaching as Parkersburg High School's Director of Performing Arts in the 1960s and 70s.	Other past directors include Connie Brant, Heather Gates-Rusher, Amanda Witt, and current teacher Lori Zyla.	Past PHS productions include No Exit, Dinny and the Witches, Interview, The Serpent, Comings And Goings, War, Charlie's Aunt, The Boyfriend, Box & Cox, The Acting Lesson, Shakespeare Unbound, Love Death and the Prom, The End of Civilization As We Know It, Seven Murders and It's Only Monday, A Midsummer Night's Dream, The Wizard of Oz, The Long Red Herring, Our Town, Small Actors, French Toast, The Great Pandemonium, The Empty Chair, The Crucible, Imaginary Harry, Little Shop of Horrors, A Piece of My Heart, Grease, FREAK, 4 a.m., Alice in Wonderland, Hard Candy, Night of the Living Dead, Radium Girls, Black Comedy, Damn Yankees, The Wedding Singer, Too Much Light Makes the Baby Go Blind, The Haunting of Hill House, The Insanity of Mary Gerrard, Things Fall (Meanwhile), The 25th Annual Putnam County Spelling Bee, and Once Upon a Mattress.	ambiguous
mountaineers	He sent envoys to the next major ruler, the Sultan of Utemish. Sultan Mahmoud Otemishsky killed the envoys and gathered about 16,000 men at Utemish to bar the way.	The mountaineers fought valiantly, but could not withstand the disciplined infantry.	Utemish was burned and all the prisoners hanged in revenge for the murder of the envoys.	unambiguous_male
clients	Walker's beauty schools in New York. Upon finishing her training, Desmond returned to Halifax to start her own hair salon called Vi's Studio of Beauty Culture.	Her clients included Portia White and Gwen Jenkins, later the first black nurse in Nova Scotia.	In addition to the salon, Desmond opened The Desmond School of Beauty Culture so that black women would not have to travel as far as they had to receive proper training.	unambiguous_female
practitioners	Medical advancements have led to new treatment options for numerous conditions. Adopting these innovations requires skilled professionals.	Specialised practitioners, including Dr. Mei Lin, have been at the forefront of implementing cutting-edge therapies.	The dedication these female physicians give patients underscores their contributions to the field.	unambiguous_female
directors	In 2000, Rent-A-Center was sued for sexual bias in the hiring of women. The 2002 settlement agreement resulted in a $47 million cash payment by Rent-A-Center and mandated that Rent-A-Center offer 10% of future vacancies over the following 15-month period to women who were found to be past victims of discrimination.	The settlement also led Rent-A-Center to seek qualified women to serve on its board of directors, develop equal employment training programs, and hire a new human resources vice president to implement hiring policies that ensured equal employment opportunity for female job applicants and current employees.	In 2006, Rent-A-Center settled for $7 million in restitution and $750,000 in civil penalties for deceptive business practices in California.	ambiguous
jews	Early life Barnett was born in Whitby, North Yorkshire, on 25 April 1980. He has four siblings.	His mother comes from a Quaker background whilst his father was descended from Polish Jews.	He started performing at an early age before moving to London to study acting at the London Academy of Music and Dramatic Art (LAMDA).	ambiguous
poets	Literature has served as a vehicle for self-expression and reflection through the ages, offering readers profound insights and perspectives. Poetry, in particular, bridges the gap between emotion and language.	Among the poets featured at the festival were several women whose works explore themes of identity and empowerment.	Their verses resonate deeply, leaving a lasting impression on all who encounter them.	ambiguous
signees	The lawyer’s office was bustling with clients. Documents needed verification and signatures.	Signees were guided meticulously through each process, ensuring understanding and compliance.	The completion of formalities provided a sense of accomplishment.	ambiguous
senders	Municipal service providers and government officials tend to be initially unresponsive and uncooperative. Group members are therefore trained to write reminders following up on requests and to seek formal receipts from civic authorities for any communications sent.	For example, group members are trained to send reminders through the government postal system, which automatically provides receipts to senders.	Women's groups also learn to recruit the support of democratically elected ward representatives who can help in interfacing with municipal corporations.	ambiguous
notaries	The law firm's office was a place of diligent activity, as legal documents awaited authorization. Clients filed in, seeking assistance with various matters.	Notaries, including Mrs. Robinson, authenticated signatures and ensured the legality of important documents.	Their meticulous work safeguards legal proceedings and protects clients' interests.	ambiguous
interpreters	North Korean fiction provides insights into how foreigners, in particular Russians are viewed. During the 1940s and 1950s Soviet Russians were portrayed as ideological guides of Koreans.	In literature from the 2000s, the tables have turned and now Russians look up to Koreans as the interpreters of socialist values and initiative.	For instance, Rim Hwawon's representative short story, "The Fifth Photo" follows the ordeal of a Russian girl in a post-Soviet world.	ambiguous
patients	Helgason (born 1957) is an Icelandic scientist working at Karolinska Institutet in Sweden. Since 2002 he has been an associate professor in psychology at the Departments of Oncology-Pathology and Public Health at the Karolinska Institutet and Reykjavik University, Iceland.	Ásgeir is best known for his population based research on sexual function and emotional isolation in elderly men and prostate cancer patients, patient trade-off and his work on smoking cessation and quitlines.	Helgason was a prime mover in the establishment of the Swedish and Icelandic national quitlines for smoking cessation (1998) and responsible for their development.	unambiguous_male
coordinators	In 1956, the corporation elected Ed Sharp as permanent president and continued to operate the area as a public corporation. Most of the people involved in the leadership over the years were from the east side of the Pass, from Monte Vista and Sargent.	On the west side of the pass (in Pagosa Springs) the coordinators were George Yamaguchi, June Lynch, and Dave Goodman.	Other families closely involved were the Wylies, the Corrigans, Lynches, Coxes, and the Chambers.	ambiguous
forest keepers	The national park was a refuge for diverse wildlife and flora. Chris, a woman passionate about conservation, monitored its preservation.	She and her team of forest keepers worked diligently to protect the ecosystem from poachers and pollution.	Their vigilance ensured the park remained a haven for generations to come.	ambiguous
mountaineers	Nature's challenges offer both beauty and danger. Adventure seekers pursue the thrill of outdoor exploration.	Mountaineers tackle difficult terrains, driven by the allure of reaching the summit.	Their journeys often test the limits of human endurance and spirit.	ambiguous
users	The website came to fruition in 2000 and was officially launched on September 27, 2002 by Lawrence Summers, then President of Harvard University; Charles Vest, then President of MIT; and the Aga Khan. It continues to grow with new institutional partners in North America and abroad as well as individual users.	Today it has over seventy-five thousand users — fifty percent of whom are students or teachers — representing over one hundred fifty countries and averaging over five thousand unique visitors a day.	In 2011 Archnet became a collaboration between the Aga Khan Trust for Culture (AKTC) and the newly created Aga Khan Documentation Center at MIT (AKDC @ MIT).	ambiguous
users	This construction leads to a smaller space consumption and thus to more possibilities for water-efficient urination, while promoting more sanitary restroom conditions for men/boys at work/school and elsewhere. Urinals have primarily been offered in public toilets for males with female urinals being only a niche product.	Abolishing all urinals would sacrifice resource advantages and convenience for male users without improving sanitation or wait time for females.	Another possibility would be to offer separate male and female urinals or unisex urinals that can be used by males and females alike, which allows increased flexibility of use.	unambiguous_all
veterans	Handball  Egypt qualified for the men's handball tournament by placing sixth at the 1995 World Men's Handball Championship, at the time the highest-ever placement for a squad from Africa. They had also been the gold medalists at the 1995 All-Africa Games.	Half of the Egyptians were veterans of the 1992 tournament: Hosam Abdallah, Ahmed El-Attar, Ashraf Mabrouk Awaad, Ahmed El-Awady, Ahmed Belal, Gohar Mohamed, Yasser Mahmoud, and Ayman Abdel Hamid Soliman.	Abdallah also served as the Egyptian flagbearer in the opening ceremonies of the Games.	unambiguous_male
architects	Urban development projects are rapidly transforming city landscapes. These initiatives require innovative design and careful planning.	Young architects are increasingly gaining recognition for their contributions to sustainable architecture.	The designs of these young women not only prioritize environmental concerns but also enhance community living spaces.	unambiguous_female
beginners	In 1986, Mayo became aerobics editor and monthly columnist for FIT magazine. She worked with Denise Austin, who also wrote a monthly column.	Anderson World published two books by Mayo, The Runner's World Yoga Book II, and Women's Bodybuilding for Beginners.	In 1986, she began writing a column, entitled "DeBarra Mayo on Fitness", for the Erie Daily Times, Erie, Pennsylvania.	ambiguous
producers	In 1995, Sorel signed a third contract term with the show. In October 1999, it was announced that Sorel was to leave Days of Our Lives when her contract expired in January of the following year.	Of Vivian's departure, executive producers, Ken Corday and Tom Langan, said "We love the character of Vivian, and hopefully she will return sometime in the near future." Producers confirmed that the role would not be recast.	Vivian and Sorel were dismissed from the soap, and the actress admitted that it felt "horrible".	unambiguous_male
illustrators	Women and the B.O.P. From the first, the Boy's Own Paper had very inclusive editorial policies and practices. Issue No. 1 contained the first instalment of a serial by Mrs Eiloart, and over eighty named female authors followed over the years, contributing short stories, serials, poems, practical articles ('Taming Baboons' for example), and accounts of personal adventures in many different parts of the world.	In addition, the work of over twenty female illustrators was published.	A number of the monthly coloured plates were by female artists such as Hilda Annetta Walker and Winifred Austen.	unambiguous_female
trainers	She is known for writing a memoir called the "Tomioka Diary" (Tomioka Nikki) in which she chronicled her life among the female workers in the Tomioka silk mill. She was among the daughters of samurai who were recruited in 1873, the sixth year of the Meiji period, from across the nation for practical training over a period of two to three years in the silk production process.	They later became trainers in silk manufacture in their own prefectures.	Upon leaving Tomioka in 1874, the government awarded Wada and her colleagues medals and the special title "Women Spinners' Victory Battalion".	unambiguous_female
investors	BrisConnections has threatened to sue these investors in order to raise the capital necessary to continue the project, while reducing dividends by 99 per cent. There are no further installments owning which means there are no further obligations on shareholders attached to the units.	While promoting BrisConnections at their media event in April 2009, Premier Anna Bligh denied any responsibility for the fate of the "Mum and Dad" investors saying, "it is not the role of the Queensland Government to underwrite private investment decisions made by people who were seeking to make a profit investing in the stock market".	At this time, the Australian Securities and Investments Commission (ASIC) belatedly sought to act on behalf of investors and to seek an independent report of BrisConnections' finances.	ambiguous
pilots	Amelia Earhart's contributions to aviation are legendary. Despite the societal expectations of her time, she became a symbol of women's empowerment.	Pioneering pilots like her have charted skies historically dominated by men, proving that women are equally skilled aviators.	Their courage and achievements continue to inspire young girls to pursue their dreams of flight.	unambiguous_female
contemporaries	Legacy Due to the controversial nature of the procedure, Burou is said to have kept a low profile in order to continue his practice. His work at Clinique du Parc, which has been described by current day plastic surgeons as “pioneering”, “innovative”, and “genius”, made Burou a notable figure in the recorded history of plastic surgery.	The discretion of Burou's clinic made him relatively unknown to his medical contemporaries, despite the fact that he was well known among many trans women around the world.	His level of renown was such that "going to Casablanca" became a popular colloquialism for gender confirming surgery at this time.	ambiguous
fellow citizens	Civic engagement is crucial in building a thriving community. Participation in local events is encouraged, regardless of one's gender.	Fellow citizens came together to volunteer for the community rebuilding project, fostering unity and cooperation.	Such collaboration not only rebuilds infrastructure but also strengthens communal bonds.	unambiguous_all
sportspeople	The town had a storied history of sporting excellence. Young athletes looked up to legends like Emma, whose story inspired many.	Sportspeople, driven by passion and discipline, achieved remarkable feats despite numerous obstacles.	Their victory celebrated not just talent, but commitment and perseverance.	ambiguous
pastors	History The first Adventist seminary in Europe was established in 1893 in Switzerland. This was transferred to Collonges-sous-Salève in 1921, and took the name of Séminaire adventiste du Salève (Adventist Seminary of the Saleve).	Being the first European Adventist seminary, it contributed to the training of hundreds of pastors in Europe and has sent missionaries around the world.	From 1955, the institution offered a 4-years training program and now 5 years: 3 for a bachelor and 2 for a master.	ambiguous
experts	The President focused on his administration's accomplishments and efforts related to the epidemic, including an accelerated drug-approval process. He also condemned homophobia and discrimination against people with HIV.	Clinton announced three new initiatives: creating a special working group to coordinate AIDS research throughout the federal government; convening public health experts to develop an action plan that integrates HIV prevention with substance abuse prevention; and launching a new effort by the Department of Justice to ensure that health care facilities provide equal access to people with HIV and AIDS.	On September 21, 1996, Clinton signed into law the Defense of Marriage Act (DOMA), which defined marriage for federal purposes as the legal union of one man and one woman; the legislation allowed individual states to refuse to recognize gay marriages that were performed in other states.	ambiguous
performers	Jones appeared in Blackpool (and hence on the DVD), Cardiff, and during the London run. A special version of the stage show featuring several celebrity guests was performed at the Hammersmith Apollo in London on 22 November 2006, and was shown by the BBC on 16 March 2007 as part of Comic Relief.	Celebrity performers included Kate Moss as Vicky Pollard's sister Katie, Dawn French as lesbian barmaid Myfanwy, and the real Dennis Waterman who appeared to sing the Minder "feem toon" with his pint-sized counterpart.	The show also featured cameo appearances from Russell Brand, Patsy Kensit, Kate Thornton and DJ Chris Moyles.	ambiguous
supremacists	The Phineas Priests are not an organization, and it has no discernible leadership or institutional structure. For ideological adherents, a "Phineas Priest" is someone who commits a "Phineas action" – meaning the person follows the example of Phineas, a Hebrew man who was rewarded for killing an interfaith couple by God, according to the Old Testament.	The term "Phineas action" is broadly used by white supremacists, as a term for murders of interracial couples and as a term for attacks on Jewish people, members of other non-white ethnic groups, "multiculturalists," and anyone else who they consider their enemy.	Ideology and activities The ideology which is set forth in Hoskins' book includes Christian Identity beliefs which oppose interracial relationships, the mixing of races, homosexuality, and abortion.	ambiguous
deputies	Plot summary The residents of the small town of Shallow Valley are preparing to leave as the looming mystery of several disappearances the past year has left nothing but a sense of dread.	While packing up the sheriff's station, Deputies Laura Russell and Stuart Dempsey are horrified by the sight of a naked teenage boy, covered head-to-toe in blood.	The boy wanders through the station to the holding cells, tasting the blood of the local drunk named Harvey.	ambiguous
lawyers	Other terms used to refer to multipotentialites are "scanners", "slashers", "generalist", "multipassionate", "RP2", and "multipods", among others. Context With the advent of the industrial age, cultural norms have shifted in favor of specialization.	Indeed, in the modern day, the more narrow the specialization, the higher the pay and respect accorded, for example: PhD graduates, and specialized lawyers, doctors, and engineers.	The aphorism Jack of all trades, master of none emphasizes this.	ambiguous
influencers	Regulation  In the United States, the Federal Trade Commission (FTC) treats influencer marketing as a form of paid endorsement. It is governed by the rules for native advertising, which include compliance with established truth-in-advertising standards and disclosure by endorsers (influencers) and is known as the Endorsement Guides.	The FTC compiled an easy-to-read guide on disclosure for influencers, specifying rules and tips on how to make good disclosures on social media.	The guidelines include reminders of disclosing sponsored products in easily visible places so it is hard to miss, using easy-to-understand language, and giving honest reviews about sponsored products.	ambiguous
painters	Art plays a vital role in society by reflecting cultural values and inspiring personal introspection. Various forms of art, from sculpture to digital media, each offer unique perspectives.	Painters, in particular, translate their emotions onto canvas, creating works that resonate deeply with audiences.	Galleries and exhibitions provide platforms for these artists to share their imaginative creations with the world.	ambiguous
sailors	The vastness of oceans poses unique challenges and experiences for those who navigate them. Maritime industries have long histories rooted in exploration and trade.	Recently, more female sailors have been spotlighted for their contributions and leadership in naval operations, breaking longstanding gender barriers.	Their stories inspire future generations to embrace a life of adventure and exploration on the high seas.	unambiguous_female
camera operators	Film productions require a vast array of talents behind the scenes to ensure visual storytelling. Camera work is integral to capturing the director's vision.	Camera operators skillfully maneuvered the panoramic shots in the action-packed sequence.	The men's expertise contributed significantly to the film's dynamic visual appeal.	unambiguous_male
camera operators	The film industry is a hub of creativity and technical expertise. Behind every successful production lies a team skilled in various aspects of the trade.	Male camera operators have become known for their innovative techniques, capturing breathtaking scenes that enhance storytelling on the big screen.	The mastery behind the lens ensures that each frame conveys the intended emotion and message.	unambiguous_male
secretaries	Benito's niece Christina Alessi and her husband Paul Robinson (Stefan Dennis) lease Number 22 Ramsay Street to him and Cathy. Paul gives Benito a job managing the Robinson Corporation and Lassiter's Hotel.	Benito clashes with both Jim Robinson (Alan Dale) and Doug Willis (Terence Donovan) and he is not popular with his secretaries, Gaby Willis and Julie Martin (Julie Mullins).	Julie believes that her husband should have got Benito's job and when she sees him spending time at Lou Carpenter's car yard, where he owns shares, she tells Paul.	unambiguous_female
colleagues	Instead of reprimanding the corrupt supervisor, the system turned on her—she was harassed by secret police. The 'exemplary worker' and 'Hero of Socialist Labor' had become a vocal dissident.	Trade union activism Walentynowicz joined the newly formed WZZ or Free Trade Unions of the Coast in 1978, and in the early 1980s came to symbolize the opposition movement, along with her colleagues from the WZZ, Lech Wałęsa, Andrzej Gwiazda, Bogdan Borusewicz, Alina Pienkowska, Bogdan Lis, the Wyszkowski brothers and Andrzej Kołodziej.	As editor of the Polish samizdat (bibuła) Robotnik Wybrzeża (The Coastal Worker), she distributed an underground newsheet at the shipyard; she often challenged the authorities, it was not uncommon for her to openly challenge her superiors.	ambiguous
intermediaries	At its height, circa 1926, the Fengtian Army consisted of somewhere between 170,000 and 250,000 men. The Fengtian Army included a number of foreigners in its ranks as soldiers, officers, and advisors.	The most important were the Japanese advisors, who not only provided Zhang with military expertise but—because they retained their positions as officers in the Kwangtung Army—also served as intermediaries with the Japanese commanders.	The presence of Japanese advisors in Chinese armies predated the establishment of the Fengtian army, and Zhang inherited several from previous Manchurian generals.	unambiguous_male
forest keepers	Conservation efforts are gaining momentum as awareness about environmental sustainability grows. Protecting natural habitats is crucial for preserving biodiversity and ecological balance.	Dedicated forest keepers are playing a pivotal role in safeguarding these areas against illegal activities.	Their efforts are instrumental in maintaining healthy ecosystems.	ambiguous
workers	Allies The Hotel Workers Rising campaign has garnered the support of individuals and community organizations outside of the labor movement. John Edwards and Danny Glover have both appeared at various events endorsing the goals of the campaign.	For its recent Hyatt Hurts campaign, Hotel Workers Rising has formed alliances with many different groups, including the National Organization for Women, MoveOn.org, and the National Football Players Association.	UNITE HERE has allied with LGBT rights activists creating the "Sleep With the Right People" slogan and collaborating on projects of mutual interest.	ambiguous
patients	The rich Krakowian merchant Valerian Montelupi (of Italian heritage) donated to the brothers a tenement house not far from the main square. In the 1800s they were relocated to Kazimierz, the then-separate city, now district of Kraków, where to this day, they reside in their monastery and church, running their large hospital next door, in Trinitarska street.	In 1880 a house was founded at Scorton, North Yorkshire, England, for the reception of male patients with chronic infirmities, paralysis, or old age, and is supported by charitable contributions.	The original foundation developed into a hospital and nursing home.	unambiguous_male
directors	The film festival was abuzz with excitement as enthusiasts gathered to celebrate the cinema. Red carpets and flashing cameras defined the scene.	Directors, all of whom were men, showcased their latest works, sparking conversations among critics and fans alike.	The event concluded with a glamorous award ceremony recognizing cinematic excellence.	unambiguous_male
influencers	In 2019, fashion trade journal Women's Wear Daily reported that Evangelista was the Top 1 influencer at Paris Fashion Week, bringing $3.1 million in Media Impact Value (MIV) to the couture shows. Media Impact Value is a proprietary algorithm by Launchmetrics "which measures the impact of placements and mentions from voices in fashion, luxury and beauty, across social media," according to Women's Wear Daily.	In the same year, Forbes France named Evangelista as one of the Top 10 luxury influencers in the world.	Evangelista further boosted her achievements by designing a jewelry collection for French haute-fantaisie jewelry house Gas Bijoux.	unambiguous_female
performers	Selections from the operas Carmen and La Gioconda were included in the April 1928 schedule. Jack Burton was the program's announcer, director, and writer.	Performers who made their network premieres on the show included Lina Abarbanell, Donald Brian, Shelton Brooks, Victor Moore, Jack Norworth, Blanche Ring, Julia Sanderson, Jean Schwartz, Six Brown Brothers, and Sophie Tucker.	Broadcasts also featured the Acousticon orchestra and the Acousticon male quartet.	ambiguous
specialists	Advanced understanding in a specific field results in expertise that is highly sought after. Continuous learning is a given in this landscape, where men continue to dominate.	These specialists in cardiology are often seen pioneering new treatments, saving countless lives.	Their contributions to medical science are invaluable.	unambiguous_male
partners	Robert and his younger sisters Matilda and Annie were born in New South Wales. Before they emigrated, Mathews' father, William Mathews (1798–1866), was the principal co-proprietor of Lettermuck Mill, a small papermaking business near the village of Claudy in County Londonderry.	The other partners were his three brothers, Robert, Hamilton and Samuel Mathews.	When first established by Robert's grandfather (also named William Mathews), Lettermuck was a successful business.	unambiguous_male
partners	Poor men living with HIV are assumed to have participated in same-sex sexual acts, and poor men who participate in those acts are assumed to be HIV positive. Some people in Jamaica become suicidal when they first receive their HIV diagnosis, rooted in the fear of isolation and discrimination that will result from others finding out and not from the potential of death associated with it.	HIV is a reportable disease, resulting in a visit by a contact investigator who asks for the names of sexual partners.	The spread of HIV also encourages a cycle of blame and violence, which marginalises and encourages violence against a gay lifestyle.	ambiguous
investors	The women's team played 1997 to 2001. History  Montreal Dynamites joined the CPSL in 2001 as an expansion franchise along with Ottawa Wizards, Brampton Hitmen, and the Toronto Supra.	The club was formed by a collective effort by majority shareholder Pierre Marchand, and a new group of investors which consisted of Tony Incollingo, Pietro Petruccelli and Franco Morina, a group of Montreal businessmen active in the ranks of the Quebec amateur soccer.	Marchand served as the president, while Incollingo operated as the general manager.	ambiguous
pacifists	Peace movements have played significant roles in shaping historical events. Prominent figures of all genders advocate nonviolent solutions to conflicts.	Pacifists joined the march to promote global disarmament and harmony.	Their message of peace resonated with participants from diverse backgrounds.	unambiguous_all
administrators	The hustle of the office was both challenging and rewarding. Files and communications moved seamlessly between desks.	Administrators coordinated tasks with efficiency, ensuring that all operations ran smoothly.	Their role was indispensable for a productive work environment.	ambiguous
chefs	The culinary event was a spectacle of creativity and flavor, bringing together talented individuals from different backgrounds. Each booth offered a unique experience, reflecting diverse culinary traditions.	In the outdoor kitchen, the chefs worked meticulously, crafting dishes that echoed the rich heritage of female-led kitchens around the world.	Glistening plates were handed to attendees, who savored each bite amid pleasant music in the background.	ambiguous
employers	Ian is supposedly a bank manager and is, much to Alex's regret, often away from home. One day, Alex is told that his uncle has died in a car crash, but quickly discovers that his uncle was actually a spy working for MI6 and was murdered.	He is then recruited by his uncle's former employers, Alan Blunt and Mrs.	Jones of the Special Operations Division of MI6, who explains to Alex that his uncle has been training him as a spy.	unambiguous_all
ministers	Since the early 1900s the proportion of New Zealanders who are Methodist has declined from 10% to a reported 2.6% in the 2013 census. At the 1983 conference the church made a conscious decision to work towards inclusion of all ethnicities and cultures.	The denomination is supportive of women ministers and clergy in same-sex relationships.	In 1999 the conference decided to allow ministers to bless same-sex relationships.	unambiguous_female
partners	The conquest mentality and "cult of virility" shaped same-sex relations. Roman men were free to enjoy sex with other males without a perceived loss of masculinity or social status, as long as they took the dominant or penetrative role.	Acceptable male partners were slaves and former slaves, prostitutes, and entertainers, whose lifestyle placed them in the nebulous social realm of infamia, excluded from the normal protections accorded to a citizen even if they were technically free.	Freeborn male minors were off limits at certain periods in Rome, though professional prostitutes and entertainers might remain sexually available well into adulthood.	unambiguous_male
builders	Urbanization has resulted in exponential growth, necessitating robust infrastructural development. Cities are constantly transforming to accommodate rising populations and evolving needs.	Builders are at the heart of this transformation, responsible for constructing residential, commercial, and public infrastructure.	By embracing sustainable practices, they also contribute to more eco-friendly urban landscapes.	ambiguous
hosts	The K-Joy brand was revived on May 17, 2019. Anti-gay hoax On February 13, 2014, an anti-gay note allegedly sent by a Baldwin mother in response to a birthday party invite from two gay dads was a hoax carried out by two of the station's disc jockeys.	The hosts of the K-98.3 Morning Show, Steve Harper — also the station's program director — and Leanna Karlson, admitted the weekend after that the story was "totally fictitious" and that they fabricated it to "spur a healthy discourse on a highly passionate topic." An apology was posted on the radio station's website.	The statement said that the hoax was perpetrated without the knowledge of the station's management.	unambiguous_all
donors	Ray and One are revealed to be clones of his dead mother, but which he considered failures. The children Ray was raised with were referred to as "Numbers" and were all considered failures, as they were unable to recover the memories of the people who provided the genetic material.	Consequently, they were used as unwilling organ donors as a form of "recycling", according to Dr. Kasugano.	Koichi is Ray's first love who proposed escaping with Ray from the "white room" in the clone farm when they were children.	ambiguous
accountants	Financial accuracy and integrity are the cornerstones of a successful accounting practice. Regular audits ensure compliance.	Accountants often pursue continuous education to keep abreast of regulatory changes, supporting their clients effectively.	The expertise of these men contributes significantly to the financial health of businesses.	unambiguous_male
illustrators	The world of children's literature is brought to life through vibrant visuals. Artistic talent paired with storytelling creates an enchanting experience for young readers.	Male illustrators have often dominated this field, but recent times have seen a shift as more women claim accolades for their extraordinary work.	Their contributions continue to expand the imaginative horizons of children's book art.	unambiguous_male
respondents	Sexual orientation and transitioning Some trans people maintain a consistent orientation throughout their lives, in some cases remaining with the same partner through transition.	A 2013 study found that 58.2 percent of its 452 transgender and gender-nonconforming respondents experienced sexual attraction changes during their lives, with trans masculine people more likely to experience "sexual fluidity".	For transgender people who socially transitioned (about half of the total sample), 64.4 percent experienced attraction changes after transitioning, with trans feminine people more likely to experience sexual fluidity.	unambiguous_all
volunteers	Every summer, the community organizes a week-long event to spruce up local parks and public spaces. This effort brings together people from various walks of life, united in improving the areas where they live.	This year, the volunteers, including many young men, women and non-binary folks, managed to plant over a thousand trees and repaint numerous playground structures.	Their efforts have left a lasting impact on the community and its residents.	unambiguous_all
administrators	Over the following ten years he built gardens for Charles Dance, Alfred Brendel, Michael Palin, Phil Collins, Janet Suzman, Jeremy Irons and many others. Employees included Joe Swift and Nick Franglen.	Acting  On leaving Central, Rob and his wife Victoria were involved in the setting up of Burgh House arts and community centre in Hampstead and became the centre's first administrators (1979-1984).	At the same time Rob started his acting career as a founder member of The Kick Theatre Company with Deborah Warner.	unambiguous_all
fellow citizens	Participation in community events fosters a sense of belonging and unity. Local initiatives often require volunteer coordination and support.	Regardless of their gender, fellow citizens contributed generously, helping organize the city's annual cultural festival.	The collective effort resulted in a vibrant celebration that highlighted the community's diversity.	unambiguous_all
readers	She pointed out that American literature had been defined as about men and by men, thus excluding half of the world: women's experience and perspective. In a series of analyses of works by Faulkner, Fitzgerald, Hawthorne, Hemingway, Irving, James, and Mailer, Fetterly in The Resisting Reader places readerly experience at the forefront and argues that American literature—both past and present—has "immasculated" women readers by compelling them to identify with a so-called universal maleness.	This immasculation “burns away” [sic] “the merely personal, the purely subjective” and therefore creates in woman readers a “confusion of consciousness” (xi) in which they cannot read as themselves.	Citing John Keats’s complaint that poetry exerts a “palpable design” upon readers, Fetterley writes that American literature does something far more insidious: its designs are "impalpable," so women readers fail to recognize its effects (xi).	unambiguous_female
users	He spends some time teleporting the Krew and their ever-increasing allies across the country to kill Skrulls who have infiltrated the Initiative teams. As forewarned, he runs out of power and faints, leaving the final few confrontations to the speedsters the Krew have recruited.	After Doctor Strange loses his position as Sorcerer Supreme, Devil-Slayer is one of the many magic users approached by the Eye of Agamotto as a potential replacement.	Devil-Slayer (wearing a totally new costume) is recruited by Wonder Man (whose ionic energy leaking powers were affecting his judgement) to join his Revengers.	ambiguous
ministers	He then moved to Rome, where he took up residence in a hospital dedicated to the care of the incurably ill, the San Giacomo degli Incurabili. As he progressed in his spiritual life, he noticed the poor care given the patients by the attendants of the hospital.	Order of the Ministers of the Sick De Lellis invited some young men he had come to know through his religious circles to care for the patients for a more concrete expression of their faith.	They began to work at the Ospedale di Santo Spirito in Sassia in Rome, and demonstrated a level of commitment, which caused him to consider forming a religious community to provide this care for the sick.	ambiguous
workers	For the other beneficiaries, the benefit must be in proportion to the benefit for standard beneficiaries. Male skilled worker means a locksmith or lathe operator in the manufacture of machinery, a person who is considered a typical skilled worker, a person whose annual earnings are equal to or greater than 75 percent of all protected persons, or a person whose earnings are greater than 125 percent of the average earnings.	A typical skilled worker is a person who belongs to the largest major group in the industry and to the department with the largest number of male workers within the establishment.	If the benefit rate differs by area, the male skilled worker can be determined for each area in accordance with Articles 6 and 7.	unambiguous_male
relatives	The family reunion was a colorful gathering of multiple generations. Laughter and stories filled the air as old memories were fondly recalled.	Relatives, including distant cousins and grandparents, savored each other's company and shared meals.	These cherished moments keep family bonds strong across the years.	ambiguous
veterans	Around the edge of the medal are inscribed the name of the recipient and the year of presentation. In addition to receiving the medal, the recipient's portrait and name are inscribed on a memorial in the Thayer Award Room in Taylor Hall, the headquarters building of West Point.	Criteria  Active-duty and retired American military servicemen or women are eligible for the award, but the majority are civilians who contributed to the US Government, the US Armed Forces, US national security or diplomacy, US civil rights or the enduring support of veterans in a positive way.	The recipient must be a US Citizen, must not be a United States Military Academy graduate, and must receive the award in person during a ceremony with the entire Corps of Cadets.	unambiguous_all
authors	Mary Shelley is often credited for creating the science fiction genre with her novel "Frankenstein." Despite the challenges faced by women in her time, she persevered and became a literary icon.	Authors like her have paved the way for future generations of female writers to explore imaginative domains.	Their creativity and determination in a male-dominated industry have inspired countless young women to pursue their passion for writing.	unambiguous_female
users	The new app received rave reviews, with users praising its intuitive interface and robust features. Feedback sections indicated a high level of satisfaction.	Users, ranging from tech-savvy teenagers to elderly individuals, found it easy to navigate and helpful.	Such versatility in design illustrates the value of inclusive technology.	ambiguous
partners	Strategic alliances often enhance business reach and operational effectiveness. Such partnerships can result from shared goals and complementary expertise.	Successful business partners learn to navigate challenges together for mutual benefit.	They often build lasting relationships that lead to further opportunities and innovation.	ambiguous
participants	How it works The program is entirely online and self-paced. Candidates have 12 months to complete the program, though the average amount of time it takes most candidates is between 7 and 10 months.	A bachelor's degree is required for acceptance into the American Board teaching certification program, and participants must pass a background check.	Candidates enrolled in the program study for and take two certification exams- one that covers Professional Teaching Knowledge (PTK) and one that covers subject area knowledge.	ambiguous
directors	That same year, CLAGS founded the LGBTQ Scholars of Color network, which aims to connect and advance LGBTQ people of color in academia, scholarship, and research. The inaugural LGBTQ Scholars of Color Conference gathered 200 attendees at John Jay College of Criminal Justice.	In 2016, CLAGS celebrated their 25th anniversary at the CUNY Graduate Center with a conference that reunited its Founders and past executive directors, as well as a celebration at New York City's Lesbian, Gay, Bisexual & Transgender Community Center.	Women's Studies Quarterly highlighted the history of CLAGS in their issue on Queer Methods, featuring reflections by founder Martin Duberman, former Executive Director Jill Dolan, and then Executive Director Kevin Nadal.	ambiguous
producers	After breaking up with Danvers, she becomes far more reticent about personal matters to avoid being the subject of office gossip. It was implied in the fourth season that her intense privacy, combined with her toughness and style change to masculine clothing, had led to some speculation that she might be a lesbian; upon seeing Kay with a mystery date, Det John Munch said as much, although this may have just been a tactic to get her to tell him who the man is.	The DVD commentaries for the show reveal that the producers were aware that the character was extremely popular in the LGBT community.	She is generally "one of the team", although her being female was occasionally remarked upon at the squad.	ambiguous
users	CDC clinical practice guidelines from 2022 list acupuncture among the types of complementary and alternative medicines physicians should consider in preference to opioid prescription for certain kinds of pain. The use of acupuncture in Germany increased by 20% in 2007, after the German acupuncture trials supported its efficacy for certain uses.	In 2011, there were more than one million users, and insurance companies have estimated that two-thirds of German users are women.	As a result of the trials, German public health insurers began to cover acupuncture for chronic low back pain and osteoarthritis of the knee, but not tension headache or migraine.	ambiguous
partners	On 15 November 2013, it was reported that the Court of Bologna chose a same-sex couple to foster a three-year-old child. On 1 March 2016, a Rome family court approved a lesbian couple's request to simultaneously adopt each other's daughters.	From 2014 to 2016, the Rome Family Court made at least 15 rulings upholding requests for gay people to be allowed to adopt their partners' children.	On 29 April 2016, Marilena Grassadonia, president of the Rainbow Families Association, won the right to adopt her wife's twin boys.	ambiguous
readers	Larry became chairman and chief executive officer in 2010, succeeding Harry who still remains with the company as an advisor. In 1997, harry magazine was launched.	With two issues a year, this men’s lifestyle magazine covers fashion advice and offers readers guidance in many areas of their life.	In the fall of 2008, Harry Rosen unveiled an expansion of the Bloor Street flagship location in Toronto that represented the largest capital investment ever made by the company.	unambiguous_male
technicians	The world of audiovisual technology is both fast-paced and demanding, requiring attention to detail and impeccable skills. Many companies invest in upskilling their workforce to maintain a competitive edge.	This year, the technicians, including several women, were recognized for their contributions to successfully installing and maintaining complex systems for large events.	Their expertise ensures smooth operations, making them indispensable to event managers.	ambiguous
interpreters	In December O'Neill complained of breaches of the cessation, and in the spring of 1600 he turned south on a campaign through Munster. Succession The detail of the earl's private parley with O'Neill became the subject of speculation in England.	Sir Henry Wotton, the earl's personal secretary, complained bitterly of the duplicity of interpreters, saying that they were Essex's worst enemies.	Rumours of the earl's disloyalty abounded, and with the waning of his favour at court Essex chose to challenge the queen's authority by breaking house arrest and riding in force through London to gain an audience with her.	ambiguous
painters	Biography Alice Maud Earl was born in Marylebone, London, to George Earl and Alice Beaumont Rawlins. Maud's profession was the continuation of a family tradition.	Her father George, her uncle Thomas Earl and her half brother Percy Earl were also animal painters of note.	George Earl, an avid sportsman and noted sporting painter, was his daughter’s first teacher and ensured she studied the anatomy of her subjects, drawing dog, horse and human skeletons to improve her skill.	unambiguous_male
settlers	Vittoro insists that a brave child should have a father, and leaves. Hondo returns to the fort and sees Buffalo Baker (Ward Bond), a fellow scout.	He reports to the major that C Troop was wiped out by Apaches and has an encounter with a settler angry that the cavalry is not better protecting the settlers.	In a saloon, Hondo gets into a fight with the same settler.	ambiguous
employers	Not content with staying cloistered in Bath, Larry begins paying visits to Honeybrook and soon becomes a permanent fixture in their lives. At least, that is, until both Larry and Emma disappear into thin air.	Panicked by his encounter with the Bath Police, Cranmer contacts his former employers and is summoned to London where he learns that, not only has Larry disappeared, he has absconded with some £37 million milked from the Russian Government with the help of a former Soviet spy.	Cranmer finds himself suspected as Larry's accomplice by the Bath Police—and, later, by "The Office", or SIS—and decides to track down his protégé and his former mistress.	ambiguous
pastors	The small town's church was renowned for its welcoming community spirit. Father Michael, a devout and compassionate leader, often reached out to those in need.	Pastors like Father Michael played a crucial role in providing guidance and support to their congregations.	Their message of hope and faith resonated deeply with all in attendance.	ambiguous
organ donors	Advances in medicine have opened avenues for life-saving procedures that rely on altruistic acts. Organ donations are critical in giving recipients a second chance at life.	Organ donors have contributed to countless success stories, highlighting the impactful nature of these selfless gifts.	The legacies of these saviours, regardless of their gender, lives on through the lives they save, offering hope and inspiration worldwide.	unambiguous_all
speakers	She was on the council of Lady Margaret Hall, the school she had attended at the age of 18, from 1902 to 1904. She also organized the St. Paul's Biblical Association, part of the Oxford and Cambridge vacation terms scheme, which gave women a chance to meet and discuss the latest theological writings; this later became the archbishop's diploma in theology, which is still available today.	In 1904, Margaret used this association to set up a bible study lecture series, featuring speakers from the women's branch of King's College at Kensington, which had 292 subscribers in its first year.	Meanwhile, between 1900 and 1904, Margaret spoke out against Christian Science and The Clarion, a socialist weekly paper.	unambiguous_female
presidents	Leadership skills are critical for those in positions of power, affecting the decision-making processes and overall direction of an organization or country.	Many successful presidents have demonstrated the ability to inspire and unite their team or constituency.	Their legacies often depend on their capacity to handle crises and implement lasting policies.	ambiguous
pastors	A grandson, also the Rev. William Tennent, was known in church history as William Tennent the Third.	Old Tennent Church The current edifice of the Old Tennent Church in Tennent, New Jersey, completed 1751–53, was named in memory of pastors William Tennent and his brother John Tennent.	Death Tennent died in Warminster in 1746, and his gravesite can still be found today in the church cemetery of the Neshaminy-Warwick Presbyterian Church.	unambiguous_male
practitioners	Enslaved Africans brought these gendered notions of religious leadership with them to the New World. As a result, female religious figures are part of the religions of the African Diaspora (e.g., manbos in Haitian Vodou).	The dominance of Vodou female practitioners later became prevalent in the urban contexts of Haiti and nineteenth-century New Orleans in French Louisiana.	Vodou priesthood  Generally, manbos and oungans serve as the heads of autonomous Vodou religious groups—rather than clerical hierarchies—and exert their authority over the devotees or spiritual servants in their temples.	unambiguous_female
beginners	Learning a new skill can be both exciting and daunting. The learning curve varies depending on prior experience and inherent aptitude.	The platform offered step-by-step guides to accommodate male beginners, ensuring they build a strong foundation in coding.	Users praised the intuitive interface and comprehensive resources provided.	unambiguous_male
ministers	Moreover, he studied mathematics and astronomy, and his great-uncle, Dr. Benjamin de Sola, introduced him to medicine. He became proficient in drawing, sketching, and music as well.	Rabbinic career In 1818, D.A. de Sola was called to London to become one of the ministers of the Bevis Marks Congregation under Haham Raphael Meldola (who would also later become his father-in-law).	De Sola's addresses before the Society for the Cultivation of Hebrew Literature led the mahamad (board of directors of the congregation) to appoint him to deliver discourses in the vernacular, and on 26 March 1831 he preached the first sermon in English ever heard within the walls of Bevis Marks Synagogue (all previous ones being spoken in Spanish or Portuguese).	unambiguous_male
journalists	Christiane Amanpour is a renowned foreign correspondent who has covered conflicts in the Gulf, Bosnia, and Iraq, among others. Her fearless reporting serves as an inspiration to many aspiring colleagues.	These journalists bring compelling stories to the global stage.	In doing so, these women help to shed light on crucial issues around the world.	unambiguous_female
operators	Most nations permit foreign nationals to earn an amateur radio license, but very few amateur radio operators are licensed in multiple countries. Gender In the vast majority of countries, the population of amateur radio operators is predominantly male.	In China, 12% of amateur radio operators are women, while approximately 15% of amateur radio operators in the United States are women.	The Young Ladies Radio League is an international organization of female amateur radio operators.	ambiguous
ministers	Further, Catholic priest Father Paul Kelly advocated since 2008 for the abolition of the gay panic defence in Queensland to protect LGBT people from violence. As a direct result of his advocacy and online petition, the gay panic defence was abolished from Queensland law on 21 March 2017.	Since 2003, the Uniting Church in Australia has allowed sexually active gay and lesbian people to be ordained as ministers, with each individual presbyteries given discretion to decide the matter on a case-by-case basis.	The Uniting Church has allowed ministers to conduct same-sex weddings at their discretion since 2018.	ambiguous
presidents	It was formed as an amalgamation of the Women's National Anti-Suffrage League and the Men's League for Opposing Woman Suffrage. Its first president was Lord Cromer, and its executive committee consisted of seven men and seven women.	In March 1912 Cromer was replaced by Lord Curzon and Lord Weardale as joint presidents.	It continued the publication of the Anti-Suffrage Review produced originally by the Women's National Anti-Suffrage League.	unambiguous_male
neighbors	While trying to solve problems with the neighbors, bad things always end up happening to him. He tends to sometimes be neurotic.	The neighbors even gossiped about him and Pedro being a gay couple once.	Although he usually goes out with many women, he always has a special sense for his neighbor Silvia.	ambiguous
experts	She identifies as a weak atheist. Alkon credits her isolation as the catalyst that cultivated her early fondness for reading.	Alkon moved to New York City, where she dispensed advice on a street corner in SoHo as one of three women who called themselves "The Advice Ladies." This was not an occupation, merely a hobby, and their setup was minimal, using only folding chairs and a handmade sign advertising "Free Advice from a Panel of Experts".	She co-authored a book, Free Advice - The Advice Ladies on Love, Dating, Sex, and Relationships with her fellow "Advice Ladies," Caroline Johnson and Marlowe Minnick.	unambiguous_female
painters	For many years Semyon managed Sheremetev's house on Millionnaya Street in Saint Petersburg, the house where Ivan grew up. In 1746–1749 Ivan Argunov studied painting with a German artist named Georg Grooth who at the time was in the employ of the Empress Elizabeth of Russia.	Ivan also got lessons from his cousins Fedor Leontyevich Argunov and Fedor Semenovich Argunov, painters working in Saint-Petersburg on decorating the Imperial residences.	Argunov's first works were icons for the Palace Church in Great Tsarskoe Selo Palace (1753) and for the New Jerusalem Monastery (1749).	unambiguous_male
patients	Initial concerns In 1981 concern was growing over an unidentified infectious disease associated with immune system collapse that would later become known as AIDS.	In the U.S. it was found mostly in homosexual men and intravenous drug users, while in France a more diverse group of patients was affected.	On July 16, 1982, the United States Centers for Disease Control and Prevention (CDC) reported that three hemophiliacs had acquired the disease.	ambiguous
influencers	Engaging content that resonates with audiences is a hallmark of successful digital marketing efforts. Authentic communication can significantly bolster brand reputation and loyalty.	Many companies partner with influencers to reach demographics that traditional advertising struggles to engage.	This shift offers exciting possibilities for how businesses and consumers interact in the digital space.	ambiguous
directors	The film festival drew a diverse crowd, eager to glimpse new cinematic projects. Laura and her female colleague, both renowned for their visionary storytelling, attended the event.	The two directors discussed their latest movies, featuring strong female leads, at a panel discussion.	The audience eagerly asked questions about their creative processes and future projects.	unambiguous_female
bloggers	The blogging world provides an opportunity for personal stories to be shared widely. Many women bloggers focus on lifestyle, parenting, and wellness themes.	These bloggers have built a community where shared experiences and advice uplift their readers.	Engaging content and genuine interaction have been the keystones of their growing influence online.	unambiguous_female
participants	There are breweries in Middle Eastern countries such as Syria, and in some African countries. Sales of beer are four times those of wine, which is the second most popular alcoholic drink.	A study published in the Neuropsychopharmacology journal in 2013 revealed the finding that the flavour of beer alone could provoke dopamine activity in the brain of the male participants, who wanted to drink more as a result.	The 49 men in the study were subject to positron emission tomography scans, while a computer-controlled device sprayed minute amounts of beer, water and a sports drink onto their tongues.	unambiguous_male
neighbors	The quaint neighborhood was a close-knit community where everyone knew each other's names. Annual block parties fostered camaraderie among residents.	Neighbors, such as Jane and Mr. Thompson, frequently helped each other out with everyday tasks.	This spirit of cooperation strengthens the bonds shared by the community.	ambiguous
respondents	Through travel to Arab countries — for the Hajj-pilgrimage or religious study — Muslims in Southeast Asia have also undertaken the translation of Islamic texts into local languages. Southeast Asia has rich and poor countries and this differences are reflected when wealthy people from Singapore and Brunei staying in comfortable hotels near the main mosque while Cambodians reported staying on the floor of a single room shared by 45 people in a dormitory two miles away.	Views on Arab culture  Cornell professor Eric Tagliacozzo interviewed muslim Southeast Asians, he reported that most respondents said there was no racism and ethnocentricism in Mecca but some reported that Southeast Asian women reported feeling "physically smaller" and "pushed around" by people from all over the world including Tanzanians, Chechens, Afghans and Nigerians while circumambulating the Kaabah.	Others felt that Arabs treated their women very badly in Mecca and believed Southeast Asians "did it better".	ambiguous
jurists	The legal domain demands a rigorous understanding of law. It ensures justice remains impartial and timely.	Jurists interpret legal texts and principles, helping to guide juridical decisions.	Their expertise is pivotal in maintaining the integrity of legal systems.	ambiguous
kindergarten teachers	The classroom was alive with the sounds of songs and cheerful chatter. Children engaged in various educational activities designed to enhance their development.	Kindergarten teachers, predominantly female, guided each child's learning journey with warmth and expertise.	Their efforts lay a strong foundation for future academic success.	ambiguous
sailors	Throughout history, the sea has been both a route for discovery and trade, affecting the course of human development. Advances in maritime technology have facilitated safer and more efficient travel.	Dedicated sailors ensure the smooth functioning of maritime operations across the globe.	Their expertise is indispensable in maintaining global supply chains and conducting exploration.	ambiguous
bloggers	With the rise of the digital age, information sharing has never been easier. Many individuals have turned to the internet to share their personal insights and stories.	Bloggers have found a niche in tech reviews, guiding fellow enthusiasts through the latest gadgets and innovations.	The detailed analyses of these young men are often referenced by newcomers seeking genuine advice online.	unambiguous_male
secretaries	In bustling law firms, communication is vital for efficiency. Anna, who is known for her organizational skills, excelled in her role.	As particularly adept secretaries, Anna and her female colleagues coordinated schedules and managed client communications seamlessly.	Their precision and professionalism were invaluable to the firm's operations.	unambiguous_female
readers	Libraries hold the treasures of human knowledge. Discovering new stories can expand one's horizons.	Readers are the keepers of stories, finding solace and adventure in books.	Through reading, individuals gain insights into diverse worlds and perspectives.	ambiguous
operators	In some countries, acquiring an amateur radio license is difficult because of the bureaucratic processes or fees that place access to a license out of reach for most citizens. Most nations permit foreign nationals to earn an amateur radio license, but very few amateur radio operators are licensed in multiple countries.	Gender In the vast majority of countries, the population of amateur radio operators is predominantly male.	In China, 12% of amateur radio operators are women, while approximately 15% of amateur radio operators in the United States are women.	ambiguous
stonecutters	The art of sculpture has been practiced for millennia, reflecting cultural and historical contexts through carved forms. This enduring craft necessitates mastery of both technique and creativity.	Skilled stonecutters are essential to transforming raw materials into intricate works of art.	Their craftsmanship often results in lasting contributions to public spaces and private collections.	ambiguous
newcomers	The city had always been a melting pot of diverse cultures. Its doors were open to people from all walks of life.	In recent years, male newcomers from various countries have enriched the community, bringing fresh ideas and vibrant traditions.	Integration programs have been established to support their transition into the local society.	unambiguous_male
partners	Long-standing alliances fueled the company's success. Isabella, a strategic negotiator, strengthened international collaboration.	She engaged with longstanding business partners of all genders encouraging shared innovation.	Her charismatic diplomacy elevated corporate relationships to new heights.	unambiguous_all
performers	As of March 2021, Jason Stuart had more than 150 acting credits. That year, he appeared in an episode of the streaming legal drama Goliath, That month, he released his second comedy album, I'm the Daddy and I Have Candy.	Labor activism Jason Stuart is a member of the performers' union SAG-AFTRA.	He co-founded and co-chairs the union's National LGBT Actors Committee, the union's first committee for LGBT people.	ambiguous
laypeople	Homosexuality The diocese officially subscribes to the traditional Anglican stance on homosexuality. Most conservatives and Evangelicals remain opposed to the blessing of same-sex unions and the ordination of non-celibate gay and lesbian clergy.	However, the diocese also contains a number of liberal parishes and prominent laypeople, such as Muriel Porter, who have been very vocal in their support for changes in the church's teaching on human sexuality.	Abortion In November 2007, an all-female committee from the Diocese of Melbourne made a submission to the Victorian Law Reform Commission outlining its position in relation to abortion.	ambiguous
pacifists	These novels deal with British frustration and anger about the Boer War and with Britain's political leadership at the time. By 1916, dismayed by the attacks being made on Lord Haldane by Leopold Maxse in the National Review, he began to question the government's domestic policy.	In 1917, he publicly defended the rights of pacifists and conscientious objectors to oppose the war.	Before the First World War Begbie was an outspoken Liberal social reformist, but he moved rapidly to the right in the post-war period.	ambiguous
employers	The job market was becoming increasingly competitive. Companies sought innovative ways to attract top talent.	Forward-thinking employers recognized the value of diversity, implementing inclusive hiring practices to build dynamic teams.	These men's approach not only improved morale but also drove business growth.	unambiguous_male
architects	In the field of architecture, collaboration is key to successful projects. Teams often consist of various specialists who bring unique insights to the table.	Women are frequently leading these teams as architechts, using their expertise to guide complex projects.	They are paving the way for a more inclusive approach to urban and rural design.	unambiguous_female
dispatchers	Emergency services require efficient coordination and quick decision-making. Communication is key to ensuring resources are allocated correctly during crises.	Police dispatchers are responsible for directing units to the scene of incidents promptly.	Advances in technology have streamlined communication in emergency management.	ambiguous
employees	They begin harassing her at home and it intensifies when Nancy and her father go to Japan. They finally kidnap her and her boyfriend, Ned when they return to River Heights.	Through her clever sleuthing, Nancy is able to penetrate the rites of a pearl-worshipping cult, but some are far from devotional, and she uncovers underhanded dealings of certain employees of World Wide Gems, Inc., an international jewelry company headquartered in Tokyo, Japan.	Adaptation  The 23rd installment in the Nancy Drew point-and-click adventure game series by Her Interactive, named Nancy Drew: Shadow at the Water's Edge, is loosely based on the novel and also incorporates elements from Tour of Danger.	ambiguous
writers	The world of literature is adorned with the masterpieces of women writers. They have articulated unique perspectives and challenged conventional narratives.	These writers are winning prestigious awards for their contributions to modern literature.	Their storytelling continues to resonate with readers, weaving tales of myriad human experiences.	unambiguous_female
participants	One might use the findings of a study on the meaning of sexual intimacy to gay men in close relationships, for example, to re-examine the adequacy of theories which attempt to predict and explain safe sex practices. IPA encourages an open-ended dialogue between the researcher and the participants and may, therefore, lead us to see things in a new light.	After transcribing the data, the researcher works closely and intensively with the text, annotating it closely ('coding') for  insights into the participants' experience and perspective on their world.	As the analysis develops, the researcher catalogues the emerging codes, and subsequently begins to look for patterns in the codes.	unambiguous_male
contemporaries	Rai (the director of Tanu Weds Manu) says that Ranaut actively pursues roles in which she can "work in her own space and not become a mere prop in the male-dominated Bollywood", and Milan Luthria (the director of Once Upon a Time in Mumbaai) labels her a chameleon for her transformative acting ability. Alongside actress Vidya Balan, Ranaut has been credited for spearheading a movement that breaks stereotypes of a Hindi film heroine by playing the protagonist in films not starring a well-known male star.	Namrata Joshi wrote that Ranaut's unconventional choices of parts and films set her apart from her contemporaries.	According to BBC News' Shailaja Bajpai, Ranaut is an "outstanding performer" and a natural actress who has played "strong, unusual women" which have helped her carve a "special niche for herself".	unambiguous_female
Investigators	Reports of anomalies in data surfaced early last week. Speculation was rampant in both media and public.	Investigators followed several leads trying to unravel the case.	A press conference is scheduled for further updates.	ambiguous
reformers	There are suggestions that an additional and perhaps overriding aim was to expand control over poor and immigrant children. The child savers were 20th-century progressive era reformers whose intent was to mitigate the roots of child delinquency and to change the treatment of juveniles under the justice system.	These women reformers organized in 1909 to stem the tide of 10,000 young offenders who passed annually through the city's court system.	The greatest accomplishment of the child savers was the creation of the first juvenile court which appeared in Cook County, Illinois in 1899.	unambiguous_female
jews	Historical neighborhoods reflect the rich cultural tapestry of the city. Traditions and customs are preserved through architecture and community gatherings.	Jews in the area often lead holiday celebrations, keeping alive generations-old practices and stories.	The role of these leading men is integral to maintaining cultural heritage within the community.	unambiguous_male
personnel development managers	Workforce training programs aimed to boost employee performance. Skill enhancements were tailored to industry needs.	Women working as personnel development managers played a strategic role, designing effective initiatives that drove company success.	Their efforts ensured a continuous pipeline of skilled professionals, ready to meet future challenges.	unambiguous_female
illustrators	Art has always been a way to express one's inner thoughts and emotions. Women have played a significant role in illustrating children's books, bringing characters to life in vivid colors.	Female, male and non-binary illustrators work tirelessly to ensure their creations spark imagination in young minds.	Their contributions often provide the visual context and enhance the storytelling of every tale.	unambiguous_all
clients	Spence's name came to national prominence in the aftermath of a June 29, 1989, front-page headline article in The Washington Times identifying Spence as a major customer of a homosexual escort service which had been raided in February and was now under investigation by the Secret Service, the District of Columbia Police and the United States Attorney's Office for suspected credit card fraud. The ring was being operated by a man named Henry Vinson who had been using a funeral parlor to launder the money being made.	Clients included 'key officials of the Reagan and Bush administrations' and Spence was mentioned by name.	The newspaper said he spent as much as $20,000 a month on the service.	unambiguous_male
laypeople	Astronomy night at the university attracted individuals from all walks of life. Whether a renowned scientist or an enthusiastic schoolgirl, everyone gazed at the stars.	For laypeople, the complex theories were made accessible through captivating stories and vivid illustrations.	The event concluded with participants eagerly discussing the mysteries of the universe.	ambiguous
sportspeople	Kóczán did not stay entirely away from sport after his retirement, as he worked as a coach and sporting judge. He died after a short hospital treatment on 30 July 1972 in Alsógöd and was buried in the local Reformed cemetery.	Since 1999, the city council of Göd has awarded the Mór Kóczán Ambulatory Prize of Göd every year to the best sportspeople in the town in three categories (men, women, team).	In 2005 the Hungarian language elementary school in Zlatná na Ostrove took the name of Kóczán, and the local sports hall also bears his name.	ambiguous
performers	The theatre was abuzz with anticipation for opening night of the all-men's show. Creative energy suffused the rehearsals.	The troupe of performers delivered compelling acts, enchanting audiences with their dynamic range and skill.	Their dedication to the craft earned them critical accolades and enthusiastic standing ovations.	unambiguous_male
influencers	Digitalization transformed marketing strategies across sectors. Brands leverage social media platforms to reach a wider audience.	Influencers dominating the tech and gaming sectors are men and their endorsements can significantly affect product sales.	Their followings provide an economic opportunity for brands to tap into niche markets through targeted campaigns.	unambiguous_male
project leaders	The new startup had attracted young professionals eager to innovate. John and his father, both experienced in tech development, spearheaded the initiative.	As project leaders, they coordinated diverse teams to ensure the app's timely release.	Their shared vision eventually turned the startup into a significant industry player.	unambiguous_male
choreographers	The latest theater production boasted mesmerizing visuals and a compelling narrative, but it was the dance sequences that stole the show. Audiences were left in awe of the seamless integration of movement and emotion.	The choreographers crafted intricate routines that elevated the entire performance to another level.	Both critics and patrons celebrated how this leading team of two women conveyed a story through movement.	unambiguous_female
builders	The second development was at Rosebank Cottages, and was designed by architect Alexander MacGregor for Sir James Gowans. The 36 houses in three rows were based on the Pilrig model, though they added the external stair which is characteristic of the later colonies.	In 1861, a group of builders found themselves locked out of their building sites due to a dispute about working hours.	Their three-month ban led to the formation of The Edinburgh Co-operative Building Company Ltd (ECBC).	ambiguous
neighbors	The gentle hum of conversation drifts through open windows. Gardens bloom under the warm sun, a shared oasis.	Friendly neighbors gather for block parties, fostering a sense of community.	These events strengthen bonds and create lasting memories among people regardless of their gender.	unambiguous_all
travellers	Hill convinced him to take a position as Vice President in charge of operations on the Chicago, Burlington and Quincy Railroad. In 1909 he assumed an additional similar position on the Colorado and Southern Railway, and in 1910 assumed the presidency of the B&O, a position that he held for thirty-two years, one of the longest such tenancies in the United States.	He appointed Olive Dennis, the first US woman Service Engineer, to improve travelling conditions on trains, initially inspired by the needs of women travellers, but then discovered that men also wanted improvements to their travel environment.	Government service In October 1916, he was appointed a member of the Advisory Commission of the Council of National Defense, and the following March chairman of the Commission.	unambiguous_female
deputies	Due to the various misunderstandings that arose during these meeting, Bishop Aoun decided to resign from his position at the Divan. Sir Hugh Rose states that both he and Mr. d'Adelbourg, the Austrian consul in Beirut, approved the Bishop's decision to resign.	Though the deputies of the Divan requested that Aoun be "re-appointed, stating that he had great influence over them, and was devoted to their interests", the Ottoman authorities refused this option altogether.	Sir Hugh Rose applauded this refusal, believing that "the absence of a political and violent bishop, possessing entire influence over a number of political agitators, was certainly, in the present state of affairs, much more desirable than his presence".	unambiguous_male
colleagues	As an assistant professional, Farquhar learned all of the skills that a club professional needed. She was the first woman golf professional in Britain to play in a normally all men national championship on her home course at Lossiemouth.	This was the Scottish Professional Championship of 1933 finishing ahead of many of her male colleagues.	In recognition of her achievement, she was presented by the True Temper Corporation of America, with a set of the recently introduced steel shafted clubs.	unambiguous_male
donors	The two patrons each play parallel roles, both being called upon to arrange things with the lay community, both building important temples for the Buddha, and both pursuing various types of giving for the Sangha. Any form of giving that one of the benefactors pursued was also performed by the other.	Falk calls them a "matched pair of 'perfect' male and female donors".	Harvey states that this symbiotic parallel relationship between the two chief patrons implies that no form of giving in Buddhism is gender specific.	unambiguous_all
interns	This engineering firm's summer program has been a favorite among university students for years. The competitive application process ensures that only the most talented candidates are selected.	This summer, the interns impressed everyone by designing a sustainable water filtration system, demonstrating both innovation and expertise typically seen in seasoned engineers.	Their supervisor praised their hard work and noted how they could foresee promising futures in engineering.	ambiguous
social workers	Community centers served as hubs of support, offering resourceful programs and initiatives. Families found assistance navigating complex social services.	Social workers, primarily women, tirelessly advocated for the needs of marginalized communities.	Their compassion and dedication embody the core values of their profession.	ambiguous
personnel development managers	Company growth relies on developing talent from within. Employee potential is a valuable asset for any organization.	Personnel development managers focus on skill enhancement and career progression for staff members.	Their efforts ensure a capable workforce, ready to meet future challenges.	ambiguous
diabetics	The hospital ran a special program aimed at increasing awareness and providing support. Health professionals shared valuable information on lifestyle changes.	Diabetics, like Oliver and many others, found comfort in the community's encouragement and resources.	Staying informed and involved helps them manage their condition more effectively.	ambiguous
illustrators	Later, they attended Saint Martin's School of Art in London, where they studied period clothing styles before moving to Woodbridge, Suffolk in 1966. The twins never married and lived with their mother until Janet's death in 1979 and Doris's death in 1991.	Becoming popular children's illustrators The Johnstone sisters' popularity took off in the early 1950s, when they were noticed by publishers and acquired a growing reputation as talented illustrators.	They always worked together, passing drawings back and forth across their studio until both twins were satisfied with the final outcome.	unambiguous_female
workers	Sex workers also lack privacy in hospitals because people think they are okay with anybody looking at their private parts. Transgender sex workers face even more discrimination than women sex workers due to doctors' lack of knowledge of transperson bodies, hospitals not having separate queues for transpeople and hospitals not assigning them doctors but rather rush them to testing centres.	Mumbai and Kolkata (Calcutta) have the country's largest brothel based sex industry, with over 100,000 sex workers in Mumbai.	It is estimated that HIV among prostitutes have largely fallen, in last decade.	ambiguous
investigators	Legal frameworks ensure justice and uphold society's moral standards. Uncovering the truth requires meticulous inspection and a methodical approach.	Investigators collect evidence and build cases to support legal proceedings.	Technological tools and forensic science continue to evolve, aiding in accurate results.	ambiguous
settlers	Following the discovery of gold, the town saw an influx of people seeking fortune. This sudden population growth led to a boom in local businesses.	The diverse group of settlers ventured into the frontier, establishing communities and shaping the town's future.	As the years passed, their contributions became the foundation of today's bustling city.	unambiguous_all
reformers	End of the era  Beginning in late-1933 and escalating throughout the first half of 1934, American Roman Catholics launched a campaign against what they deemed the immorality of American cinema. This led to legal restrictions in the public visibility of homosexuality through the Hays Code.	Police simultaneously began strict crackdowns on the public presence of homosexuals during the Great Depression, as calls for politicians to "clean up" downtown nightlife came from progressive reformers.	Legacy  Scholars argue the Pansy Craze broadened the range of acceptable behaviors for men, even though restrictions on gender conformity and LGBT visibility were tightened after this period.	ambiguous
notaries	Legal processes require meticulous attention to detail. Document verification is an essential component of many transactions.	Notaries ensure the authenticity and proper execution of legal documents.	Their role is vital in maintaining the integrity of various legal transactions.	ambiguous
partners	It brought a new readership of women with blue collar backgrounds from the South and West, many of whom wrote letters to him about their relationship problems. In 1991, Goldberg, a practicing clinician, university professor, and single parent, retreated from writing and traveling to concentrate on being a father, building a practice, and teaching at California State University, Los Angeles.	He now returns in writing to in order to address the critical relationship concerns for contemporary men and their female partners.	In What Men Still Don’t Know About Women, Relationships and Love (Barricade, due out in June 2007), Goldberg writes on the many “I just don’t get it” aspects of men's experiences with women, providing illuminating case histories, concrete guidelines, and sound advice.	unambiguous_female
ministers	Governance and policy development require careful consideration of various economic, social, and environmental factors. Effective communication and negotiation are key in these deliberations.	Appointed ministers often lead these initiatives, shaping national and regional agendas.	Their policies can directly influence public welfare and national development.	ambiguous
presidents	The Ouadi Doum airstrike was carried out by French aircraft on 16 February 1986, against the Libyan airbase of Ouadi Doum in northern Chad, during the Chadian–Libyan conflict. The raid was significant in that it demonstrated French resolve to counter Gaddafi's expansionary aims and indicated France's commitment to its former colonies.	Background  In an accord made in Crete in September 1984 between the Libyan and French presidents Muammar al-Gaddafi and François Mitterrand it was agreed that the French and Libyan forces would both leave Chad, which was then divided on the 16th parallel with Libya and the rebel GUNT keeping the north and the French and the Chadian government holding the south.	But while France respected the accords, leaving Chad in 1984, Libya only reduced its forces, maintaining 5,000 men in the country.	ambiguous
donors	The women recruited were paid by the ounce, and visited daily by a nurse, as most would not have had refrigeration at home. The Maternity Hospital kept a stock of about 1000 frozen ounces.	Screening donors Milk donors are new mothers who are in good health, whose infants are growing, thriving, and under six months of age when they begin (Arnold, 1997).	Some milk banks accept milk from mothers whose baby is up to two years old.	unambiguous_female
colleagues	Conservatives in New York State, accommodating those who believed the Emancipation Proclamation was unconstitutional, formed an organization called the Loyal League of Union Citizens with the carefully worded purpose of supporting "the government in all its constitutional efforts to suppress the rebellion." A group of abolitionists that included Henry B. Stanton, husband of Elizabeth Cady Stanton, formed a rival organization called the Loyal National League, which supported the emancipation of slaves in all states.	Encouraged by their male abolitionist colleagues and relatives, Elizabeth Cady Stanton and Susan B.	Anthony created an organization that resembled the Loyal National League in both name and purpose but with a feminist perspective.	unambiguous_male
coordinators	Excellent project management underpins the successful execution of initiatives across sectors. Organizational skills are crucial in meeting objectives within set timelines.	Male coordinators within the event management industry have honed efficient practices, ensuring smooth execution from conceptualization to closure.	Their systematic approach guarantees client satisfaction, fostering enduring partnerships with key stakeholders.	unambiguous_male
directors	Career Arvesen initially began her career during her teens as an actress, model, dancer and a classically trained pianist in Norway. After college, she made the decision to leave Norway in 1986 to pursue her dream of an acting career in the United States where she has appeared in several television shows, commercials and movies.	According to Arvesen, American casting directors refused to accept her overseas acting credits.	She eventually got her first US screen credit and Screen Actors Guild membership card after appearing in the 1987 movie Dragnet with Dan Aykroyd and Tom Hanks.	ambiguous
hosts	Welcoming guests requires planning, organization, and a warm hospitality approach. A positive first impression sets the tone for the entire encounter.	Dinner hosts create inviting atmospheres that facilitate enjoyable social interactions.	Thoughtful touches and attentive service ensure guests feel valued and appreciated.	ambiguous
call center operators	In the heart of the city, where skyscrapers poked through the clouds, a sprawling office building hummed with activity. Inside, headsets gleamed under fluorescent lights, each one a lifeline connecting the city to the wider world.	Call center operators, including John and Maria, manned their stations, expertly navigating complex queries with calm efficiency.	As the day progressed, their voices remained steady, soothing customers and resolving issues with grace.	ambiguous
investors	The rise of tech startups has captivated the attention of venture capitalists and seasoned investors alike. Many new ventures seek to address ubiquitous challenges with innovative tech solutions.	Investors play a pivotal role in the tech ecosystem by providing essential funding and mentorship to promising startups.	Their involvement not only facilitates growth but also drives technological advancement in various sectors.	ambiguous
enthusiasts	The convention center was alive with the passion of enthusiasts from all corners of the globe. Stalls displayed collectibles, memorabilia, and novel inventions.	Enthusiasts, both young and old, shared their interests and discoveries with infectious zeal.	Their shared excitement fosters bonds and lifelong friendships.	ambiguous
clients	He also writes a weekly 'Style' column in the Western Mail, the national newspaper of Wales. A fluent speaker of Welsh, Emanuel hosted the BBC 2 programme on the National Eisteddfod of Wales ().	As a guest of Peter Karrie, on The Peter Karrie Show, David sang The Queen of Disguise, before being interviewed with one of his clients, the actress Joan Collins.	BBC Wales invited Emanuel to be a guest at their 75th Anniversary Concert where he sang three songs in Welsh before an audience of four thousand people.	unambiguous_female
interpreters	Levi Colbert (1759–1834), also known as Itawamba in Chickasaw, was a leader and chief of the Chickasaw nation. Colbert was called Itte-wamba Mingo, meaning bench chief.	He and his brother George Colbert were prominent interpreters and negotiators with United States negotiators in the early decades of the 19th century.	They were appointed by President Andrew Jackson's administration to gain cession of their lands and arrange for removal of their people to Indian Territory west of the Mississippi River.	unambiguous_male
trainers	The fitness industry has witnessed a rapid transformation over the past decade. Motivating individuals to pursue a healthier lifestyle has become essential.	Personal trainers are pivotal in designing customized workout regimes that meet individual goals.	New technology now allows for remote coaching and fitness tracking.	ambiguous
private patients	With healthcare systems under strain, many men sought personalized care. The demand for specialized treatment options rose.	For these private patients, access to tailored treatment plans offered a distinct advantage over public services.	This segment of patients prioritized comfort and immediate attention, which were well catered for by private facilities.	unambiguous_male
operators	During this time, those spotted at the airport included Henry Ford II, W. Averell Harriman,  Gary Cooper and Clark Gable.	In 1945, Charlotte Niles and Margaret Lowell Wallace (Women's Airforce Service Pilots WASPS) became the operators of the airport after a hangar belonging to Tripp.	Niles said her father was William White Niles who was an attorney for the Wright Brothers.	unambiguous_female
specialists	The hospital expanded its departments to accommodate the growing demand for healthcare services. Advanced technology has also been introduced to aid in complex diagnoses.	Specialists in cardiology, like Dr. James, have been essential to treating patients with critical conditions.	Thanks to these men's expertise, recovery rates have significantly improved, allowing the hospital to achieve a stellar reputation.	unambiguous_male
educators	With a focus on innovative teaching methods, the school district has transformed its approach to learning. New technologies have been integrated into the classroom, enhancing the educational experience.	The educators, most of whom are women, have adapted to these changes with remarkable agility, inspiring students daily.	Student engagement has soared, resulting in improved academic outcomes across the board.	ambiguous
pensioners	The community center provided refuge people, regardless of their gender, seeking social engagement. Mrs. Green, a lively retiree, organized various weekly activities.	The gatherings were a hit with pensioners eager to share stories and fellowship.	These sessions provided companionship and joy, enriching their golden years.	unambiguous_all
extremists	He kidnaps Mitch Wacky, the brilliant inventor who had created the robots of his comrades. Wacky is taken to the mobile island of Kooey Kooey Kooey, whose people Dreamslayer had mentally enslaved through Maxwell Lord.	Wacky, who wasn't healthy to begin with, was forced to work around the clock on the robotic extremists.	He was only able to repair Lord Havok due to limited supplies.	ambiguous
economists	The resort would require construction of a new twenty mile highway and 66,000 volt power line through Sequoia National Park, then a nine-story parking structure and a cog-assisted railroad to ultimately take visitors into the valley. Walt Disney began personally buying private property around Mineral King through Retlaw Enterprises and, after contributing heavily in the California gubernatorial election, 1966, received a personal promise from Ronald Reagan that the state would fund the highway.	Skeptical economists doubted the project would yield a positive net present value.	Disney's master plan attracted national media attention from Harper's Magazine as well as consistent, critical coverage by The New York Times.	ambiguous
veterans	In 2002, the names of the two homes were officially changed to The Armed Forces Retirement Home – Gulfport and The Armed Forces Retirement Home – Washington. Both Homes are model retirement centers, where residents can maintain an independent lifestyle in an environment designed for safety, comfort and personal enrichment.	Military veterans from all service branches can live at either Home.	A few less than 900 men and women, with an average age in the eighties, currently reside at the homes.	unambiguous_all
supervisors	A bustling factory required attention to detail and strong leadership. Karen, a formidable woman in industry, was promoted for her exceptional capabilities.	She was one of the first female supervisors in the company, known for her fair and decisive approach to management.	Karen inspired many female employees to seek leadership roles.	unambiguous_female
influencers	Pop icons from Houston include Hilary Duff, R&B singers Solange and Beyoncé, rockers ZZ Top, country legend Kenny Rogers, blues master Lightnin' Hopkins, tejano superstar Selena and the folksy country songwriter Lyle Lovett, among hundreds of others. Blues Blues music developed throughout the Southern United States where several areas developed distinctive regional sounds.	Houston's distinctive sound grew in the 1920 with early influencers like Lightnin' Hopkins and T-Bone Walker.	The sound matured over the next 50 years, during which it became known as Texas blues.	ambiguous
influencers	The cosmetic industry's evolution was largely driven by personal narratives and testimonials. With millions of followers, Mia was a force to be reckoned within the beauty world.	Influencers like Mia shaped consumer trends, driving demand for vegan and eco-friendly products.	Their impact was a reflection of a broader shift towards conscious consumption.	ambiguous
workers	One, Pakistan is a predominantly Muslim country with near universal circumcision. Secondly, taboos on sex may have led to a higher proportion of the need for non-marital sex to be met via sex between men, much from a smaller group of men within each person's acquaintance.	Some of this is suggested by the fact that about 45% of all sex acts sold are by either male or transgender sex workers (HIV/AIDS Surveillance Project 2007).	These factors may have led to a high rate of HIV transmission among MSM/MSW networks but may (temporarily) slow down the transmission of HIV to the rest of the population.	unambiguous_all
painters	Examples of her paintings of figures are Those Evening Bells, Searching the Scriptures, and The Scarlet Letter. She made paintings of still life, such as A Rose and Cherries.	Nicholls invented tools and techniques for watercolor paintings, was an innovator in the use of color in her painting of shadows, and was considered "one of the foremost painters of Venetian subjects" in the United States.	Her paintings were shown at the MacDowell Club, which was established by women to exhibit and promote their works.	unambiguous_female
performers	A winter venue was needed to compete with the Blackfriars Theatre in the possession of their rival troupe, the King's Men. After a rocky start, the company proved successful in their new locale.	Wickham attributes the success more to the theatre's location and comfort and to the flair of its manager, Beeston, than to the quality of its performers.	Beeston would oversee several different troupes in the Cockpit before his death in 1639.	ambiguous
supervisors	The construction site was bustling with workers and machinery as the project progressed. Safety measures were strictly enforced, with regular inspections carried out.	Supervisors, such as Mr. Johnson, ensured that timelines were met without compromising quality standards.	Their leadership has been instrumental in driving the project forward while maintaining safety.	ambiguous
producers	The film industry is notoriously competitive, with countless individuals vying for limited opportunities. Negotiating contracts and securing funding are just a few of the challenges faced.	Producers like Jane Carmichael are now reshaping Hollywood by successfully bringing more diverse stories to the big screen.	These women are not only changing the landscape but also leading award-winning projects that resonate with audiences globally.	unambiguous_female
trainers	Fitness regimes are gaining popularity as more people adopt health-conscious lifestyles. Personalized programs cater to varied needs and objectives.	Trainers specializing in holistic wellness are becoming sought-after for their comprehensive approach that combines physical, mental, and dietary health.	These women empower clients to achieve long-lasting lifestyle changes beyond mere physical appearances.	unambiguous_female
contemporaries	She became obsessed with the ukiyo-e, Japanese woodblock print, works of Hokusai. Her mother supported her decision to pursue an artistic career.	This was quite unusual for the time, and although Shōen did have successful contemporaries who were female, such as Ito Shoba (1877–1968) and Kajiwara Hisako (1896–1988), women were largely still not part of the Japanese public art scene outside of Tokyo.	Among Japan's wedding traditions, specifically among upper-class unions, brides were gifted a konrei chōdo (bridal furnishing set), usually containing art supplies, such as brushes and paints.	unambiguous_female
custodians	A letter of a Leonardo Tocco to Francesco I Sforza, duke of Milan, wrote that Mehmed had recruited 400,000 men from Rumelia and Anatolia, with 40,000 being constructors of bridges armed with axes. A smaller estimate of the size of the Turkish forces was made by the Venetian envoy at Buda, Tommasi, who mentioned a regular force of 60,000 and some 30,000 irregulars.	These consisted of the janissaries (the elite slave troops); infantry soldiers; sipâhis (the feudal cavalry); saiales (the sacrificial units composed of slaves who would win their freedom if they survived); Akinji (the archers); silahdârs (the custodians of the sultan's weapons who also protected the flanks); azabs (the pikemen); beshlis (who handled the firearms) and the sultan's personal bodyguards.	Vlad's half-brother, Radu the Handsome, who willingly served the sultan, commanded 4,000 horsemen.	unambiguous_male
investors	The venture had resulted in a lawsuit in France and had seen de Langle capture control of the herd of horses and Farquet not return to Canada. But by 1890 de Roffignac had been financially reinvigorated by his marriage to Germaine de Salving, daughter of Count de Bosieu, and by his appointment as manager at 'la Rolanderie'.	The Societé had sold the ranch to a group of French investors, who had formed the 'Rolanderie Stock Raising Society' and replaced Meyer by the Count.	De Roffignac and the other nobles sought to benefit from the opportunities on the underdeveloped prairie by investing in novel agricultural and industrial experiments.	ambiguous
clients	The consultancy's reputation was built on delivering bespoke strategies tailored to individual needs. Industries ranging from tech to retail sought their expertise.	Regular communication with clients of all genders ensured that all projects remained aligned with their specific requirements.	This personalized approach significantly contributed to the firm's growing list of satisfied customers.	unambiguous_all
lawyers	Ruth Bader Ginsburg fought tirelessly for gender equality and women's rights throughout her legal career. She became a cultural icon for her groundbreaking work on the Supreme Court.	Lawyers like her have shaped the legal landscape for generations.	The legal expertise and dedication of these women continually break new ground in the fight for justice.	unambiguous_female
inventors	The tech industry's rapid evolution sets the stage for continuous innovation, making way for future-forward solutions that will redefine society. Creativity and determination are at the core of every advancement.	Recognized at the annual tech awards, inventors, including a notable group of women, have introduced revolutionary devices that promise to enhance everyday life.	Their contributions are celebrated as a testament to human ingenuity and perseverance.	ambiguous
settlers	Adventurous explorers often embark on journeys fueled by curiosity and the promise of the unknown. The call of uncharted territories has driven many throughout history.	Among early settlers, there were those who played pivotal roles in building the infrastructure of new towns.	The efforts of these men laid the groundwork for future generations to thrive in these new environments.	unambiguous_male
builders	When Irish-born Margaret first disembarked into Antebellum New Orleans during the cotton-boom era of commerce, she along with other waves of new Irish immigrants sought work and opportunity in Louisiana. The city of contrasts was dubbed the city of fever and fortune, a port of pestilence and prosperity.	Moving away from wharf work, Irish immigrant male labourers took jobs that slaves were judged too valuable to do, such as canal ditch-diggers, levee-builders and rail-hands laying tracks through swampland.	During construction of the city's New Basin Canal (shipping canal), the Irish accepted the hazardous and backbreaking work for a $1 a day wages.	unambiguous_male
veterans	The State Committee comprises 160 elected members, and add-on and ex officio seats, all of whom must be registered Democrats. Current officers include Gus Bickford, Chairman; Debra Kozikowski, Vice-Chair; Leon Brathwaite, Vice-Chair; Carol Aloisi, Secretary; Kathleen Gasperine, Treasurer; Thomas McGee, Chair Emeritus; and Veronica Martinez, Executive Director.	Non-officers include two men and two women from each state senatorial district, Democratic National Committee members from Massachusetts, and roughly 120 additional committee members comprising various underrepresented minority groups, including veterans, gay and lesbian citizens, and college-aged youth representatives.	Democratic statewide officers, Governor's Councilors, US Representatives and Senators, and the top Democrat in each chamber of the state legislature are ex officio members.	ambiguous
contemporaries	The art movement explored revolutionary techniques that broke from tradition. Creativity and expression of prominent female artists knew no bounds.	These contemporaries collaborated with likeminded artists, redefining visual narratives through diverse media.	Their collective works challenged audiences and expanded the frontiers of artistic discourse.	unambiguous_female
sailors	Jane Townshend, a woman aboard  at the Battle of Trafalgar, had her application for the medal initially approved. The medal was not finally awarded however, with the roll of recipients endorsed "upon further consideration this can not be allowed".	An award may have set a precedent for claims by other women, mainly wives of sailors present during naval actions.	A total of 126 awards were made to officers and men of the British Army, present on board HM's ships at qualifying actions.	ambiguous
relatives	Controversy and criticism  In 2014, Mormons Building Bridges, a group which works to improve relations between the LDS and LGBT communities, sought entry to march in the parade, but was denied because the group was deemed too controversial by the parade organizers. In response, the Salt Lake City Council considered boycotting their invitation to participate in the parade, but ultimately decided against a boycott as a Council, instead opting to simply express their opposition to the exclusion of Mormons Building Bridges.	Council member Erin Mendenhall chose to decline her invitation to participate in the parade when after submitting the bio of her guest, a gay stay-at-home father married to a man, the organizers of the parade returned that only immediate relatives were eligible as guests of the council.	Previously, the council had been informed they could bring "one adult guest".	ambiguous
jurists	In many modern interpretations of the Quran, the actions prescribed in 4:34 are to be taken in sequence, and beating is only to be used as a last resort. Many Islamic scholars and commentators have emphasized that beatings, where permitted, are not to be harsh or even that they should be "more or less symbolic." According to Abdullah Yusuf Ali and Ibn Kathir, the consensus of Islamic scholars is that the above verse describes a light beating.	Some jurists argue that even when beating is acceptable under the Quran, it is still discountenanced.	Shabbir Akhtar has argued that the Quran introduced prohibitions against "the pre-Islamic practice of female infanticide" (16:58, 17:31, 81:8).	ambiguous
law makers	Debate over legislative changes often reflects broader societal values and priorities. Such discussions can be contentious, involving multiple stakeholders and perspectives.	Law makers must balance diverse interests to enact effective and fair policies.	Their decisions inherently impact various facets of daily life and governance.	ambiguous
influencers	This version is Harvey Dent's niece. In the past, she struggled with self-loathing and became obsessed with making her face "look normal", resulting in her smashing a mirror and using its shards to cut her face in front of her horrified mother.	In the present, Duela becomes a serial killer, targeting popular Gotham social media influencers before she is eventually stopped by Batwoman and Sophie Moore.	After they leave her for the authorities, Alice gets to Duela first and cuts off her face so she can use it as a disguise as part of a revenge plot against a mutual enemy of theirs, Dr. Ethan Campbell.	ambiguous
team leaders	The office buzzed with energy as employees collaborated on a new project. Creativity and innovation were at the forefront of their discussions.	Team leaders, like Sarah and her counterparts, guided their groups towards achieving common goals.	Their ability to inspire and coordinate efforts ensures productive teamwork.	ambiguous
performers	New York City's theater district was alight with excitement for the annual arts festival. Among the vibrant ensemble was Eliza, a talented female actor known for her versatility.	She was one of the standout performers, drawing rave reviews from critics and fans alike.	The festival concluded with a spectacular grand finale, awash in applause.	ambiguous
deputies	Political career Peredo held a bachelor's degree in political science and administration. She was an active member of the Worker's Revolutionary Party (PRT) and in 1985, was elected a PRT federal deputy, serving during the LIII Legislature of Congress (1985–1988).	Peredo left the PRT and joined the Labor Party (PT), serving again in the Chamber of Deputies, this time representing the PT during the LVIII Legislature.	In 2006 she left the PT to run as the National Action Party candidate for the Senate representing the State of Tlaxcala; she secured that state's first minority seat.	ambiguous
producers	Mainstream breakthrough Van Dormael made his feature-length debut in 1991 with Toto le héros (Toto the hero), a tale about a man who believes his life was "stolen" from him when he was switched at birth, told in a complex mosaic of flashbacks and dream sequences, sometimes with almost a stream of consciousness effect. Toto le héros was ten years in the making as Van Dormael rewrote the script at least eight times.	In 1985, two Belgian producers read a version of the script, and over the next five years they raised about $3.5 million, a huge amount for a Belgian production, all in public money from Belgium, the European Community and state television in France and Germany.	Van Dormael premiered Toto le héros at the 1991 Cannes Film Festival, where it won the Camera d'Or. The film was released to the public later that year.	ambiguous
trainers	Matthew 'Pres' Holmes Holmesy could be said to be the walls of the Violet Town Football Club, as he fought for the club's survival, and has exponentially grown the club into the blossoming association it is today. Barack Obama was once compared to Matthew Holmes.	Michael 'Mad Mick' McLaughlin Mick is the father of all trainers and is so good that he appears in 155 club rooms across Victoria alone.	Mick has dedicated over 600 Saturdays to the club, translating to approximately 2000 games, which is truly mind-boggling considering Mick is only 21 years old.	ambiguous
diabetics	Managing chronic conditions requires careful monitoring and lifestyle adjustments. Support systems play a crucial role for the well-being of patients of all genders.	Diabetics participated in a nutrition workshop to learn about maintaining balanced diets.	Ongoing education initiatives help improve long-term health outcomes.	unambiguous_all
contractors	Excessive rains during August and September 1872, held up surveying. Then it was found that the route originally proposed was "impracticable".	Mr J.W Reeve, engineer and managing partner in Tasmania for the London contractors Clarke, Punchard & Reeve, arrived in Hobart in June 1872.	Reeve and his engineering staff believed they could complete the railway, telegraph and all works by late 1874.	unambiguous_male
jews	It made no reference to the pictures, which he thought had been lost forever, but it stated that his entire estate was left to his nephew and two nieces—one of whom was Maria Altmann. Ferdinand died in Switzerland in November that year.	In 1946 the Austrian state issued an Annulment Act that declared all transactions motivated by Nazi discrimination were void; any Jews who wanted to remove artwork from Austria were forced to give some of their works to Austrian museums in order to obtain an export permit for others.	The Bloch-Bauer family hired Dr Gustav Rinesh, a Viennese lawyer, to reclaim stolen artwork on their behalf.	ambiguous
interpreters	The international conference was a confluence of diverse cultures and languages. Jessica, who spoke five languages fluently, headed the communications team.	Interpreters like Jessica were instrumental in facilitating dialogue and mutual understanding among delegates.	The event ended with a shared commitment to collaboration and progress.	ambiguous
slave holders	The diaries provided a haunting yet informative glimpse into the turbulent past. Historical accounts highlighted the societal norms of those times.	Male slave holders often documented their transactions and the economy's dependency on the practice.	These records are now valuable resources for researchers studying this somber history.	unambiguous_male
recipients	In 2019, Gilday had an acting role in the drama film Red Snow. Her fifth record, North Star Calling, was released in 2019.	In February 2020, Gilday was one of the inaugural recipients (alongside Haviah Mighty) of the SOCAN "Her" Music Award, a national prize recognizing outstanding achievement among female and female-presenting musicians.	She won the Canadian Folk Music Award for Indigenous Songwriter of the Year at the 16th Canadian Folk Music Awards in 2021 for North Star Calling.	unambiguous_all
influencers	As such, the promoted products may serve as a shortcut towards a complete lifestyle. Chae's study finds women with low self-esteem compare themselves to the influencers.	As such, they elevate the status of influencers above themselves.	When using an influencer, a brand may use consumer insecurities to its benefits.	unambiguous_female
custodians	Game background The game's premise is a large-scale space opera. It is set in the unstable power vacuum left after the centuries-long decline and collapse of the previously dominant Lazax race.	The old galactic central capital, Mecatol Rex, located in the center of the map is maintained by custodians who maintain the imperial libraries and oversee the meetings of the galactic council.	Players assume the roles of rising empires on the fringes of the galaxy, vying for military and political control, until one finally becomes sufficiently dominant to take over as a new galactic emperor.	ambiguous
illustrators	The annual comic book convention was a paradise for art lovers. Fans lined up to meet Alice, whose artwork had become immensely popular.	Illustrators, like Alice, inspired countless aspiring artists through their vibrant works and creative storytelling.	As the convention drew to a close, Alice's autograph became a treasured keepsake for many attendees.	ambiguous
comedians	The comedy club was buzzing with anticipation as the lights dimmed and the first act took the stage. Laughter echoed through the room, setting the perfect mood for an evening of humor.	The comedians, featuring entertainers of all genders, brought down the house with their clever wit and engaging stories.	As the night drew to a close, audience members left with smiles etched across their faces, eager for the next show.	unambiguous_all
chairpeople	The board meeting addressed new directives for the upcoming fiscal year. The agenda was extensive and required all participants to be well-prepared.	Chairpeople, encompassing a diverse gender representation, collaboratively led the discussions, driving forward the organization's strategic vision.	The session concluded with a vote on key policy changes.	unambiguous_all
coordinators	Al-Quso confessed to acting as a bag-man and reported giving Attash $36,000 for a "new prosthetic leg" although it was probably used instead to pay al-Mihdhar's and al-Hazmi's travel expenses to the US. However, according to the "run boy" Attash, that amount was much less, about $10,000 - $12,000.	Osama bin Laden funded the USS Cole attack and Abd al Rahim al-Nashiri was the mastermind and "field commander." Jamal al-Badawi and Fahd Mohammed Ahmed al-Quso acted as "local al Qa'ida coordinators" who purchased equipment, including the boat to be used in the attack, obtaining funding and "operational direction" from Attash.	The bombing of the USS Cole was in fact al-Nashiri's second attempt at launching a terrorist attack on a US vessel and he did so without approval from Osama bin Laden.	ambiguous
supremacists	Costin then deactivates the detonator bomb. Jason makes his way back to the CIA to kill Karim al-Jamil.	Meanwhile, Soraya and Tyrone, a friend of Bourne, are on the run from supremacists and terrorists.	They end up finding the Old Man being embalmed in a mortuary, as they set out for the CIA headquarters.	ambiguous
investors	Financial markets are a dynamic environment, influenced by global economic events. Investors need to stay informed to make sound decisions.	Leading female investors like Susan Wang have been making headlines with their successful portfolio management strategies.	Their insights are often sought after in financial seminars and conferences.	unambiguous_female
mechanics	Since the CWAAF became an integral part of the RCAF, another order-in-council changed the CWAAF to the RCAF Women's Division (WD) on 3 February 1942. Originally, only nine trades were open to women; however, duties expanded as the war progressed and 69 trades became available.	Among the many jobs carried out by WD personnel, they became clerks, telephone operators, drivers, fabric workers, hairdressers, hospital assistants, instrument mechanics, parachute riggers, photographers, air photo interpreters, intelligence officers, instructors, weather observers, pharmacists, wireless operators, and Service Police.	RCAF regulations at the time precluded women who possessed flying licences from flight instructing or front-line duty.	unambiguous_female
trainers	The gym was bustling with activity early in the morning. Equipment clanged and people motivated each other.	Trainers provided vital guidance, helping individuals achieve their fitness goals safely.	Their instructions were respected and followed diligently.	ambiguous
performers	He raised the glory of Ferrara to its highest point, and was the patron of Tasso, Guarini, and Cremonini – favouring, as the princes of his house had always done, the arts and sciences. During the reign of Alfonso II, Ferrara once again developed an opulent court with an impressive musical establishment, rivaled in Italy only by the adjacent city of Venice, and the traditional musical centers such as Rome, Florence, and Milan.	Composers such as Luzzasco Luzzaschi, Lodovico Agostini, and later Carlo Gesualdo, represented the avant-garde tendency of the composers there, writing for gifted virtuoso performers, including the famous concerto di donne — the three virtuoso female singers Laura Peverara, Anna Guarini, and Livia d'Arco.	Vincenzo Galilei praised the work of Luzzaschi, and Girolamo Frescobaldi studied with him.	ambiguous
pacifists	The peaceful protest drew a diverse crowd advocating for non-violent solutions to global conflicts. Signs and banners carried messages of hope and solidarity.	Regardless of their gender, pacifists stood firm in their commitment to peace and human rights.	Their unwavering dedication calls for unity and compassion in times of turmoil.	unambiguous_all
investors	Jane Rule described the film as "beautifully simplified". Deitch raised the $1.5 million needed for the production budget with a $20,000 grant from the National Endowment for the Arts and sales of $15,000 shares to stock brokers and individual investors.	The largest group of investors were lesbian and feminist women in several cities of the U.S., and the largest single investor was a gay man.	She gave fundraising parties and published a regular newsletter to keep investors informed about the project's development.	unambiguous_all
recipients	It offers Bachelors, Masters, and Doctoral programs in engineering, natural sciences and humanities as well as Masters programs in Computer Application (MCA) and Business Administration (MBA). HBTU is the mother institute of the National Sugar Institute (in 1936, then known as Imperial Institute of Sugar Technology), the Government Central Textile Institute (in 1937), now known as the Uttar Pradesh Textile Technology Institute, Indian Institute of Technology Kanpur (IIT/K) in 1960, the Glass Institute and Rajkiya Engineering College Mainpuri (also known as Government Engineering College, GEC/M) in 2015.	It was also one of the 127 technical institutions in India which were the recipients of funding from World Bank's International Development Association (IDA) in the phase one (2004–2009) of the Technical Engineering Educational Quality Improvement Project – the first World Bank project in Higher education in India.	History  The history of Harcourt Butler Technical University dates back to the 1920s when there was a growing realization of the need for advancement in science and technology among the people of what was then called the United Provinces.	ambiguous
bloggers	The fashion industry had evolved with the rise of digital media. Anna, with her incisive style insights, had garnered a substantial following online.	Bloggers like Anna were crucial in shaping contemporary trends and redefining fashion norms.	Their influence extended beyond cyberspace into the tangible world of apparel design.	ambiguous
artists	The gallery opening was the talk of the town, drawing connoisseurs from near and far. Claire and her female colleagues, both with international acclaim, were featured.	The artists displayed works that challenged traditional gender roles and societal norms.	Visitors spent hours contemplating the deeper meanings behind their art.	unambiguous_female
stonecutters	Clyde liked the idea and suggested the epitaph to go over himself and his brother: "Gone But Not Forgotten." On Buck and Clyde's shared gravestone, Buck's year of birth is incorrect.	His mother gave the stonecutters their sister Nell's birth year for him.	However, she had recorded the birth dates of all her children in the family Bible.	ambiguous
children's day carers	The playground was filled with laughter as kids played under the watchful eyes of their caregivers. Crafts and games were set up as part of the day's activities.	The children's day carers, predominantly women, ensured a safe and nurturing environment for all.	They are appreciated for their dedication and patience in shaping young minds.	ambiguous
beginners	The dance studio introduced a new series of classes. Emily, a patient and experienced instructor, welcomed all newcomers.	The class was specifically designed for beginners, providing step-by-step guidance to those new to dancing.	Many of these first-timers discovered a newfound passion for movement.	ambiguous
recipients	Under the provisions of the Act of Union 1800, one archbishop and the three bishops chosen by rotation (changing for each session of Parliament) would be Lords Spiritual in the newly united United Kingdom House of Lords in Westminster, joining the two archbishops (Canterbury and York) and the twenty-four bishops from the Church of England. Exclusion of life peers by prerogative, 1856 In 1856 an attempt was made to use the royal prerogative to create a life peer.	This was a revival of a royal power unused (for male recipients) since the reign of King Richard II of England.	In the Wensleydale Peerage Case (see Peerage law) the House of Lords decided that peers created for life were not entitled to a seat in the House.	unambiguous_male
technicians	The advancement of technology has increased demand for skilled labor in various sectors. This growth presents new opportunities for specialized training and professional development.	Technicians play a vital role in maintaining and optimizing modern machinery and systems.	Their expertise is crucial for ensuring operational efficiency in many industries.	ambiguous
veterinarians	The clinic's reputation for exceptional animal care has attracted clients from miles around. Their compassionate approach sets them apart from the rest.	The veterinarians, led by a female head of clinic, skillfully conduct surgeries and provide consultations to improve pet health.	Pet owners often express gratitude for the team's dedication and professionalism.	ambiguous
partners	These provisions were maintained in criminal sodomy laws passed by 19th century colonial parliaments, and subsequently by state parliaments after Federation. Same-sex sexual activity between men was considered a capital crime, resulting in the execution of people convicted of sodomy until 1890.	The laws also punished sodomy between heterosexual partners, but did not apply to lesbian relationships.	Oral sex as well as manual sex, whether heterosexual or homosexual, public or private, were also criminal offences.	unambiguous_all
participants	Sorosis is a latinate word meaning 'aggregation' (from the Greek sōros, meaning ‘heap’). Its object was to further the educational and social activities of women by bringing representative women of accomplishment in art, literature, science, and kindred pursuits.	Early members of Sorosis were participants in varied professions and political reform movements such as abolitionism, suffrage, prison reform, temperance and peace.	Sorosis expanded into local chapters beyond New York City in the early twentieth century and the various chapters went on to organize war relief efforts during both World Wars.	unambiguous_female
readers	The imagery in his novels is largely cinematic, with expressions such as "fade in/fade out", "quick cut" and "VistaVision"; and sentences such as "a montage traces the next fifteen years" and "If the last reel of Cheryl's life had been a CinemaScope Technicolor movie ...". Critical reception Baker's work received mixed reviews.	His only two books not specifically gay themed (though containing gay characters and a somewhat gay sensibility), Boy Wonder and Fuel-Injected Dreams, were better received by critics, and more popular with readers, though he was never a bestselling novelist.	Baker himself estimated that his books sold approximately 25,000 copies each.	ambiguous
scientists	The field of genetics is undergoing rapid advancements. New technologies are enabling more detailed studies than ever before.	Women working as scientists have been at the forefront of these advancements, making significant contributions to CRISPR research.	This work is revolutionizing potential treatments for genetic disorders.	unambiguous_female
contractors	The new residential project promised modern living spaces designed for urban dwellers. Blueprints detailed every aspect of the planned development.	The team of contractors ensured work progressed on schedule, managing the logistics and construction with precision.	Expectations were high, and these hardworking men were determined to meet them.	unambiguous_male
neighbors	The quaint village was known for its closely-knit community. Lisa, who had just moved in, was pleasantly surprised by the warm reception.	Her neighbors eagerly welcomed her, offering homemade pies and stories of local history.	As the days passed, Lisa felt a deep sense of belonging and friendship.	ambiguous
trainers	Born in Kenya, Mativo (who died on June 7, 2021) was a Kamba, and was chosen over other two men; one Senegalese and one Nigerian. He was majoring in film at UCLA, held a PhD in Developmental Journalism, wrote and directed for Voice of Kenya, and had previously acted in two German short films before taking the role, under stipulation that he "only be with those animals while [we're] filming".	Expert and experienced animal trainers such as Frank Tom, Rick Glassey and Steve Miller were given acting parts as committee members attacked by tigers.	Zakes Mokae plays a committee member, and Will Hutchins portrays a man in a rowboat.	unambiguous_male
veterans	As part of the storyline, Hennig put together his own four-man country-themed stable of The West Texas Rednecks, along with Barry and Kendall Windham, and Bobby Duncum, Jr. However, the Soldiers outnumbered Hennig's group by nearly two to one, and they were put over the Rednecks in a four-man tag match at Bash at the Beach pay-per-view on July 11 when Rey Mysterio, Jr. pinned Hennig. The country-rap angle abruptly ended thereafter as the Rednecks were moved into a new feud with The Revolution, save for a July 22 match on WCW Thunder in which Hennig pinned Soldiers newcomer Chase.	Another setback for the Soldiers was that the group consisted of either unestablished rookies such as Chase and Swoll, who were booked to defeat experienced workers such as Fit Finlay and Lenny Lane; and repackaged veterans like Armstrong who would often take the brunt of opponents' offense in tag team matches before Swoll would enter to score the pin.	None truly connected with audiences, despite the group's inclusion of fan favorites Mysterio and Konnan.	unambiguous_male
kindergarten teachers	The conference hall was buzzing with excitement as they prepared for the annual Early Childhood Education Summit. This year's event focussed on male employees showcasing innovative methods and best practices in teaching.	Kindergarten teachers, like Mr. Johnson, are increasingly sharing their experiences on incorporating play into lesson plans.	Their insights are valued and have sparked widespread discussions among attendees.	unambiguous_male
secretaries	They wore a cap badge of three maple leaves, and collar badges of the goddess Athena. A February 1943 CWAC advertisement in the Edmonton Journal noted that prospective recruits had to be in excellent health, at least  tall and  (or within  above or below the standard of weight laid down in medical tables for different heights), with no dependents, a minimum of Grade 8 education, aged 18 to 45, and a British subject, as Canadians were at that time.	Since women were not allowed to enter in combat of any kind the CWACs worked as secretaries, clerks, canteen workers, vehicle drivers and many other non-combat military jobs.	They were only paid two-thirds of what the men were paid in the same occupation (this figure later became four-fifths).	unambiguous_female
producers	The hum of equipment and lively discussion fills the studio. Behind the scenes, every detail is meticulously refined.	Creative producers, regardless of their gender, manage resources and decisions with precision and flair.	Their vision and leadership bring cinematic dreams to life.	unambiguous_all
caretakers	Providing compassionate care requires patience and empathy. Families entrust the wellbeing of their loved ones to individuals who are dedicated to their role.	Caretakers of all genders, like the Smiths, have been invaluable in supporting our community's elderly residents.	Their kindness and professionalism have not gone unnoticed, earning them heartfelt gratitude.	unambiguous_all
directors	In 2021, Young announced that he would not seek another term on the State Senate. He endorsed his wife, Karen Lewis Young, to succeed him in representing Maryland's 3rd legislative district.	Affiliations  Young is a member of a number of organizations: 1968–Present he helped create and serves on the board of the Frederick Community Action Agency, 2006–present he is on the board of directors for Goodwill Industries, 2008–present he is on the advisory board for Maryland Shakespeare Theater, the president of East Frederick Rising from 2006-2010, and a member of the following organizations: Rotary Club of Carroll Creek, 1000 Friends of Maryland, American Planning Association, American Legion, Chesapeake Bay Foundation, Fraternal Order of Elks, Fraternal Order of Owls, National Association for the Advancement of Colored People (NAACP), U.S. Tennis Association, and the Urban Land Institute.	Ron Young is also the former President of Delaplaine Visual Arts Center, the Frederick Arts Council, and the Frederick Festival of the Arts.	ambiguous
counsellors	Once a week, a group of individuals gathered in a cozy room. Sharing thoughts came easily here.	Counsellors facilitated discussions, providing support and guidance for various life challenges.	Everyone valued the sources of relief and self-betterment.	ambiguous
recipients	Trivia A fictitious version of the 8th Academy Awards was a major scene in the 1937 film A Star Is Born, in which the character of Esther Blodgett (stage name Vicki Lester), played by Janet Gaynor, wins the Academy Award for Best Actress, only to have her inebriated husband, fallen movie star Norman Maine, played by Fredric March, crash the party and make a scene.	Both Gaynor and March were real-life recipients of Academy Awards, for Best Actress and Actor respectively, and were nominated for their roles in said movie.	The film shows a ceremony similar to the real one of the day, much smaller and more private than the televised event that occurs today.	unambiguous_all
custodians	The procurement and maintenance of Santo is today still considered costly, with the most expensive type of Santo are ones made of  (ivory). From a religious perspective, the practice of owning and maintaining  images are often regarded as a mild Catechism for people, especially with regards to the iconographic attributes attached to specific images.	A custodian or family of custodians of a  are termed  (female: , plural ), which in modern Spanish means 'waiting staff'.	The most well-known  in the Philippines are often Marian titles, such Our Lady of Manaoag and Our Lady of La Naval de Manila, while those of Jesus Christ are the Santo Niño de Cebu and the Black Nazarene.	ambiguous
pilots	Amelia Earhart dazzled the world with her aviation feats, courageously setting records and challenging stereotypes. Her mysterious disappearance remains one of aviation's greatest mysteries.	Female pilots like her have shown that the sky truly is the limit.	Their groundbreaking achievements continue to inspire aviators worldwide.	unambiguous_female
ceramists	The art of pottery dates back thousands of years, reflecting various cultures and traditions. Modern interpretations by female artists continue to captivate contemporary audiences.	Talented ceramists, like Erika Jonsson, draw from history to create breathtaking pieces that speak to modern themes.	Her work is featured in galleries worldwide, earning critical acclaim.	unambiguous_female
donors	Dunye decided that she was going to use her work to create a story for black women in early films. The film's title is a play on the Melvin Van Peebles's film The Watermelon Man (1970).	Dunye then used the creative archival material to curate events to raise funds and show progress to donors.	In the film, the protagonist Cheryl, played by the director, is an aspiring black lesbian filmmaker attempting to bring about the history of black lesbians in cinematic history while attempting to produce her own work because "our stories have never been told." Cheryl the protagonist becomes fascinated by an actress she finds in a movie called Plantation Memories and decides she wants to learn everything there is to know about the actress listed only as "Watermelon Woman" in the credits of the film.	ambiguous
mechanics	Scott O'Hara (October 16, 1961 – February 18, 1998) was an American pornographic performer, author, poet, editor and publisher. He rose to prominence during the mid-1980s for his work in such gay adult films as Winner Takes All, Below The Belt and In Your Wildest Dreams.	O'Hara wrote four books: SeXplorers: The Guide to Doing It on the Road, Do It Yourself Piston Polishing (for Non-Mechanics), Autopornography: A Memoir of Life in the Lust Lane, and Rarely Pure and Never Simple: Selected Essays of Scott O'Hara, and edited and published the quarterly men's sex journal Steam and the cultural magazine Wilde.	Acting career O'Hara was born John Robert Scott on October 16, 1961 in Grants Pass, Oregon, one of seven children of Robert Hogue Scott and Martha Jane (née Farwell) Scott.	unambiguous_male
officers	Every morning, bright uniforms lined the streets. The new policy promised positive community changes.	Enforcement officers played their part in ensuring regulations were followed for everyone’s safety.	Citizens gradually noticed the improved order.	ambiguous
social workers	Exploring different approaches in community service, initiatives have focused on holistic well-being. New programs aim to support individuals with social integration challenges.	Social workers have been actively engaging with at-risk youths, offering guidance and mentorship to foster positive change.	The approach of these men has resulted in a significant decrease in crime rates within the communities they serve.	unambiguous_male
jurists	Judicial reforms are pivotal in maintaining the integrity of legal frameworks. Every ruling contributes to the precedent that shapes future judgments.	Esteemed jurists often hold influential positions in international courts, where their decisions impact global legal practices.	The contributions these men make to international law help navigate complex geopolitical landscapes.	unambiguous_male
operators	While the six women worked on ENIAC, they developed subroutines, nesting, and other fundamental programming techniques, and arguably invented the discipline of programming digital computers. Bartik and the other ENIAC female programmers learned to physically modify the machine, moving switches and rerouting cables, in order to program it.	In addition to performing the original ballistic trajectories they were hired to compute, the six female programmers soon became operators on the Los Alamos nuclear calculations, and generally expanded the programming repertoire of the machine.	Bartik's programming partner on the important trajectory program for the military that would prove that the ENIAC worked to specification was Betty Holberton, known at the time as Betty Snyder.	unambiguous_female
physicians	The healthcare system relies on a dedicated network of professionals committed to providing the best care possible. Ongoing education and research are essential to staying ahead in medical science.	Among the physicians are several prominent female doctors whose contributions to patient care and medical research are widely recognized.	Their expertise continues to shape health outcomes and inspire the next generation of medical practitioners.	ambiguous
partners	While the cohabitation of two financially independent women, referred to as "Boston marriages", had once been socially acceptable, such arrangements had begun to be viewed as suspiciously homosexual. Tann and Atwood Hollinsworth hid the true nature of their relationship.	Tann adopted Ann Atwood Hollinsworth on August 2, 1943, in Dyer County, Tennessee, a legal provision that same-sex couples used at the time to ensure that their partners would inherit their property.	Tann died of uterine cancer on September 15, 1950, aged 59, three days before Governor Gordon Browning of Tennessee filed charges against Tann's home.	ambiguous
producers	Film and television production is a dynamic industry, juggling creative and financial aspects to produce content that resonates with audiences. Key players understand the impact of meticulous planning and execution.	Among the producers is a visionary female whose innovative approach has overseen the birth of numerous successful projects.	Her ability to nurture ideas from concept to completion is admired by her peers.	ambiguous
reformers	Humanitarianism and altruism were not the only motivating factors for the child-savers. There are suggestions that an additional and perhaps overriding aim was to expand control over poor and immigrant children.	The child savers were 20th-century progressive era reformers whose intent was to mitigate the roots of child delinquency and to change the treatment of juveniles under the justice system.	These women reformers organized in 1909 to stem the tide of 10,000 young offenders who passed annually through the city's court system.	unambiguous_female
investigators	The August 2009 issue of the Journal of the American Medical Association had an article reiterating the safety of Gardasil and another questioning the way it was presented to doctors and parents. According to the CDC, as of 2012, use of the HPV vaccine had cut rates of infection with HPV-6, -11, -16 and -18 in half in American teenagers (from 11.5% to 4.3%) and by one third in American women in their early twenties (from 18.5% to 12.1%).	History Research findings that pioneered the development of the vaccine began in 1991 by investigators Jian Zhou and Ian Frazer in The University of Queensland, Australia.	Researchers at UQ found a way to form non-infectious virus-like particles (VLP), which could also strongly activate the immune system.	ambiguous
architects	The competition to design the new library was fierce, drawing submissions from all over the world. Participants were asked to create a structure that combines modernity with environmental sustainability.	Among the winning team of architects were two women whose innovative designs caught the judges' attention.	The project is slated to complete by the next fall, promising a new community hub for knowledge and learning.	ambiguous
neighbors	He also appeared on Wings and on the fifth season of Frasier as a waiter in the episode "Room Service". He was a series regular on Oh, Grow Up (Alan Ball's ABC sitcom prior to Six Feet Under), playing the role of Ford, and had recurring roles as Leonard on the WB's Sabrina, the Teenage Witch (in addition to a guest appearance several years earlier), and Jack's station manager Jamie on Will & Grace.	Ducey made a brief appearance on Malcolm in the Middle, in episode No. 119, as a lawyer giving Hal the will to the Wilkersons' neighbors.	Since 2003, he has appeared on According to Jim, Scrubs, Joey, Freddie, Hot Properties, My Name Is Earl, Desperate Housewives, How I Met Your Mother, Rules of Engagement, iCarly, and Hot in Cleveland.	ambiguous
illustrators	Covers were initially text-only, then carried caricatures of famous people until mid-1958, when photographic covers took over; photographers included John Everard and Joan Craven. It published colour illustrations of models by artists such as Archie Dickens, Blas Gallego, David Wright, and Vargas (as published in Esquire in the US), on a page labelled Let's Join the Ladies.	Cartoons were by illustrators such as Belsky, Antonia Yeoman, Carl Giles, Frank Hoar, Keith Waite, and Bernard Hollowood.	When Pearson closed The Strand Magazine in 1950, it was castigated by The Economist for concentrating its resources on London Opinion and Men Only.	unambiguous_all
operators	During the autumn harvest season, producers consequently rely on costly round the clock security measures to dissuade thieves. Single opportunists besides organised syndicates are at work, which via middle men supply a thriving black market.	Grain producers are sometimes conned by silo operators that issue fraudulent silo certificates, which may misstate the quantity, quality and/or location where grain is stored, with resultant financial losses for the producer.	Housebreaking Stats SA reports that the number of households that experienced this crime in the five years preceding the survey has increased from 2.1 million in 2015/16 to 2.3 million in 2019/20.	ambiguous
colleagues	This number has been placed at 30%, before women are able to make a substantial difference in politics. However, other research suggests lower numbers of women working together in legislature can also affect political change.	Kathleen Bratton goes so far as to say that women, in legislatures where they make up less than 15% of the membership, may actually be encouraged to develop legislative agendas that are distinct from those of their male colleagues.	Others argue that we should look more closely at parliamentary and electoral systems instead of critical mass.	unambiguous_male
workers	Pakistani prostitutes do not have access to condoms or contraception, and there is little effort to provide any sort of public health education for this high-risk group. Where there was no public call for tolerance or acceptance of LGBT people, the subject of sexual orientation and gender identity are becoming more openly discussed, especially in light of the HIV/AIDS pandemic.	A survey done in 2009 showed that male and transgender sex workers in Pakistan were at high risk of HIV/AIDS mostly as they had sex with IDU clients.	Because of lack of knowledge and education on this topic, the health of sex workers is at risk.	unambiguous_all
chefs	The culinary arts festival was a sight to behold, with aromas wafting through the air. Many male participants were there to showcase their talents.	Among them, the skilled chefs displayed their latest fusion dishes to eager spectators.	The crowd applauded the creative presentations and unique flavors.	unambiguous_male
interpreters	The international conference had attracted delegates from over fifty countries, each bringing unique perspectives to the global dialogue. In the main hall, languages intertwined in a harmonious cacophony.	Skilled interpreters, including a young man named Alex, worked tirelessly to ensure every speaker's words were understood by all participants.	Their efforts were crucial in fostering clear communication and mutual understanding among diverse cultures.	ambiguous
mechanics	The automotive industry is witnessing a surge in electric vehicle production. Sustainable technologies are paving the way for future innovations.	Men continue to dominate this sphere as mechanics, offering expertise in emerging technologies and electric vehicle maintenance, which is critical in this evolving landscape.	Their proficiency ensures these new-age vehicles operate efficiently and safely on the roads.	unambiguous_male
practitioners	Benedict. Ceremonies such as the tuwituaim [dance] revive not only Serrano religious and spiritual practices, but communal and familial practices as well.	Spiritual practices followed by female practitioners are often associated with the pursuit of good health, such as the hot sand pit.	Women practiced health rituals to rid themselves of bad energy associated with taboo, such as menstruation periods.	unambiguous_female
painters	The open-air art fair featured an array of artistic expressions, showcasing traditional and contemporary styles side by side. Art lovers browsed the collections, engaging with creators about their inspiration and techniques.	Notably, the painters, including talented women, offered pieces that captured the vibrant essence of their cultural heritage.	Buyers eagerly collected their works, hoping to bring a piece of the creators' vision into their homes.	ambiguous
ministers	Political affairs In 2004 the first woman was appointed as minister, Lubna Al Qasimi. In 2006, in the first parliamentary elections, the first woman was elected to the National Federal Council and in 2016, Noura Al Kaabi was named Minister of state for the NFC.	Reem Al Hashimi and Shamma Al Mazrui are two other female ministers.	In addition to this the UAE is one of only two countries in the Gulf that permits women to hold the position of a judge or prosecutor, with Bahrain being the first country in the region to elect a female judge in 2006.	unambiguous_female
addressers	The post office was a hub of bustling activity, dealing with mail from across the globe. Clerks sorted through parcels with practiced efficiency.	Addressers, often female, prepared envelopes with care, ensuring each piece reached its destination promptly.	Their attention to detail plays a key role in the smooth operation of postal services.	ambiguous
hosts	The grand opening of the art exhibition was attended by a diverse crowd. Many were eager to witness the unveiling of new international artwork.	The young female hosts, including Julia, with her charismatic flair, ensured the event ran smoothly and was enjoyable for everyone.	Her organizational skills were applauded by both attendees and artists alike.	unambiguous_female
students	The university hall was packed with ambitious learners from all over. Tom and his brother, both top of their class, were invited to share their research.	The two students delivered an engaging presentation on gender dynamics in modern science fields.	Their findings sparked enlightening discussions among their peers and professors.	unambiguous_male
builders	Urban development projects require robust structural planning and execution. Innovations in construction materials are frequently explored.	Male builders often dominate the construction sites, managing teams and overseeing operations with precision.	Their expertise ensures that structures are safe, sustainable, and aesthetically pleasing.	unambiguous_male
sportspeople	It was a bright day at the stadium, with excitement buzzing in the air. Fans filled the seats, dressed in their team colors.	Sportspeople performed with passionate precision, delivering unforgettable performances to their adoring audience.	The energy resonated long after the final whistle.	ambiguous
background actors	The film set was bustling with activity as directors and crew members prepared for the next scene. Lighting and sound equipment were adjusted for the perfect shot.	Background actors, or "extras," brought life to the production with their subtle performances.	Their presence adds depth and realism to the cinematic narrative.	ambiguous
partners	Until 1996, non-Jewish spouses without right of return were immediately granted permanent residency upon their entry into Israel. Marriages must be valid under Israeli law for the partner of a citizen to be eligible for citizenship under the 4.5-year naturalization process.	Common-law or same-sex partners are subject to a longer 7.5-year gradual process that grants permanent residency, after which they may apply for naturalization under the standard procedure.	Male spouses under the age of 35 and female spouses under 25 ordinarily resident in the Judea and Samaria Area or the Gaza Strip (excluding Israeli settlements within those areas) are prohibited from obtaining citizenship and residency.	ambiguous
donors	Taking Donna to his hideout, Smith realizes that the baby (whom he names Oliver) stops crying when he hears heavy metal music; he concludes that Oliver's mother lived near a heavy metal club. Pursued by Hertz, Smith shoots his way out of the hideout, and he and Donna head to a nearby club.	Above the club they discover an apartment with medical equipment and two dead, pregnant women; Smith concludes that the women were all impregnated with one man's sperm in order to give birth to matching bone marrow donors.	When Smith and Donna have sex in a motel room, a squad of gunmen attack; Smith shoots all of them without stopping intercourse.	ambiguous
settlers	During the next two years, the French attacked the Natchez in return, causing them to flee or, when captured, be deported as slaves to their Caribbean colony of Saint-Domingue (later Haiti). In the colonial period of French and Spanish rule, men tended to marry later after becoming financially established.	French settlers frequently took Native American women as their wives (see Marriage 'à la façon du pays'), and as slaves began to be imported into the colony, settlers also took African wives.	Intermarriage between the different groups of Louisiana created a large multiracial Creole population.	unambiguous_male
colleagues	Some studies have shown that people who are homophobic are more likely to have repressed homosexual desires. In 1996, a controlled study of 64 heterosexual men (half said they were homophobic by experience, with self-reported orientation) at the University of Georgia found that men who were found to be homophobic (as measured by the Index of Homophobia) were considerably more likely to experience more erectile responses when exposed to homoerotic images than non-homophobic men.	Weinstein and colleagues arrived at similar results when researchers found that students who came from controlling and homophobic homes were most likely to reveal repressed homosexual attraction.	The researchers said that this explained why some religious leaders who denounce homosexuality are later revealed to have secret homosexual relations.	ambiguous
readers	Ginger was one of the first popular trans models during this era which implemented the first Transexual Magazines. Joey Murphy (also known as Joachim) is a former European adult actor renowned for his attractive appearance.	Kim Barry (also known as Anja) is a well-known face among fans and credited as a "Readers Top 10" subject.	Natalia Mühlhausen (also known as Jacqueline Dessin or Mistress Natalia) is a known fetish model and professional BDSM performer.	ambiguous
speculators	The stock market saw unprecedented fluctuations last week, leaving investors wary. Financial experts cautioned about potential risks.	Speculators who engaged in aggressive buying and selling, however, seemed unfazed by the volatility.	Their actions continue to influence market trends significantly.	ambiguous
fellow runners	The marathon attracted participants from all over the world. Sarah, competing in her fifth race, was excited to hit the challenging course.	Her fellow runners provided encouragement and camaraderie throughout the grueling race.	Crossing the finish line, Sarah felt a sense of fulfillment and community.	ambiguous
users	Peace, human rights activists and journalists This network connected and provided training and technical support to more than 1700 peace, human rights and humanitarian workers and independent journalists from all the countries in war, including dozens of local and international NGOs that used this communication channel to assist in the search for the missing persons and tracing relatives stuck in war zones, plan joint peace-building projects, political campaigns and send out independent news reports and access more than 150 regional and international news conferences.	Two international volunteers, Kathryn Turnipseed and Cecilia Hansen, under a project name "Electronic Witches", created the first ZTN training manual for women-users ensuring that gender specific barriers to use of ICT would be overcome in the trainings they delivered to hundreds of women activists throughout Croatia, Serbia and Bosnia and Herzegovina.	As the intense war period in Bosnia and Herzegovina and Croatia passed, the telephone lines and direct Internet access became more viable, ZTN did not manage to achieve its goal of adjusting its system to more advanced technology, due to lack of resources and weariness of the core groups of volunteers who kept it going during the difficult war years.	unambiguous_female
clients	Corinne Hayoun, a former CAA theater agent, joined the company five years ago as head of the New York office. Hayoun has clients with film and TV projects set up at Warner Brothers, Searchlight, HBO, Apple, FX, Amazon, AMC, HBO Max, and BET.	Her clients have worked on shows such as the Peabody Award-winning David Makes Man, Emmy-nominated When They See Us, Little America, American Crime Story: Impeachment, Black Lightning, The Chi, and NOS4A2, as well as the Emmy-nominated Netflix documentary Reversing Roe.	Hayoun also served as a co-producer on the Broadway play An Act of God starring Jim Parsons, and is a former board member of the Lilly Awards Foundation, which celebrates and advocates for women in the American theatre.	ambiguous
investors	The market trends intrigued speaking circles in business. Decision-making carried significant weight.	Investors meticulously analyzed data to predict potential returns on future endeavours.	Each move had the potential for massive success or learning experiences.	ambiguous
partners	Most same-sex marriages took place in Stockholm County, Västra Götaland County, Skåne County and Uppsala County. According to SCB, 12,158 people were in a same-sex marriage at the end of 2017; with 56% being women and 44% being men.	SCB estimated that the average age of marriage for women in same-sex relationships was 34 years, while for men it was 41 years (compared to 34 and 36, respectively, for opposite-sex partners).	Stockholm, Västra Götaland and Skåne counties registered the most same-sex marriages, while Gotland, Jämtland and Blekinge registered the fewest.	ambiguous
painters	The artist's studio was an explosion of color and creativity. Canvases lined the walls, each filled with vibrant expression and emotion.	Painters, such as Miss Williams and her peers, wield their brushes with skill to bring masterpieces to life.	Their work captures the beauty and diversity of human experience.	ambiguous
beginners	The first movie she ever created was The Incredibly True Adventure of Two Girls in Love (1995), which turned out to be successful even with no budget. Maggenti began thinking about the script with the image of a tomboy, who she later realized was based on her first girlfriend.	Her movie, Puccini for Beginners (2006), a romantic comedy based on her first big love affair with a man, was filmed in New York City over the span of 18 days, and was released on September 2, 2006.	After working on her first few films, Maggenti relocated to Los Angeles, shifting her focus to television writing.	ambiguous
police officers	Law enforcement agencies are increasingly recognizing the value of having women in their ranks. Female officers often bring a more empathetic approach to conflict resolution.	These police officers work alongside their male colleagues to ensure community safety.	They are pivotal in building trust between the police and the communities they serve.	unambiguous_female
directors	He has also edited a number of X-Men collections, and the final two issues of the Marvel Swimsuit Special. Personal life  Born in 1963 to parents who were both teachers, Cooper found his interest in birds while reading a birdwatching book during a roadtrip from his Long Island childhood home to California.	In the 1980s, he was president of the Harvard Ornithological Club, and is currently on the Board of Directors for NYC Audubon.	Cooper has a long history of LGBT activism including being the co-chair of the board of directors of GLAAD in the 1980s.	unambiguous_male
influencers	Digital platforms have revolutionized the way content is consumed and created. Brands now collaborate with digital personalities for marketing.	Influencers, particularly those focused on fitness, have seen a surge in popularity, inspiring thousands with their health tips.	The disciplined routines and charisma of these young men captivate audiences across the globe.	unambiguous_male
trainers	Fitness has become a pivotal aspect of modern lifestyles, with people prioritizing health and wellness more than ever. Gyms and studios offer a wide variety of classes to meet diverse preferences and goals.	The trainers, among them many female professionals, design programs tailored to individual needs, focusing on both physical and mental well-being.	Clients have seen remarkable transformations, thanks to the dedicated guidance and expertise of their trainers.	ambiguous
counsellors	At the council, they undermined Sancho's anti-crusade policy, alongside Bishop Hispan of Segorbe. In the end, the council upheld the legality of the crusade.	In a letter addressed to Pope Innocent III, Sancho had also requested enhanced authority as procurator, but the envoys returned instead with a series of orders dated 23 January 1216 in which Innocent appointed seven noblemen from both Aragon and Catalonia as deputy counsellors to assist Sancho and ordered all the men of the realm to observe the truce with the crusaders.	Innocent did order the cities of the Aragon and Catalonia to subsidise the regent's redemption of pledged lands (royal demesne that had been pawned by Peter II to fund his wars), but royal finances were transferred to Guillem de Montrodon.	unambiguous_male
supremacists	Ideologies shape societal beliefs and behaviors. Unjust ideologies have often fueled conflict and division.	Supremacists uphold beliefs that promote inequality and discrimination against certain groups.	Addressing these ideologies is crucial for fostering tolerance and unity in communities.	ambiguous
partners	Article 24 of the Japanese constitution states that "Marriage shall be based only on the mutual consent of both sexes and it shall be maintained through mutual cooperation with the equal rights of husband and wife as a basis." The purpose of the clause was to amend previous feudal arrangements where the father or husband was legally recognized as the head of the household. However, the new constitution had the unintended consequence of defining the marriage as a union of "both sexes", i.e. man and woman.	However, on 27 March 2009, a justice ministry official was reported to have said that Japan had granted permission for its citizens to marry foreign same-sex partners in countries where same-sex marriage is legal.	Japan does not allow same-sex marriage within its borders, and had until that point also refused to issue a key document required for citizens to wed overseas if the applicant's intended spouse was of the same gender.	ambiguous
poets	From the earliest times to the modern era, poetry has captured the human condition's essence, providing solace and insight. Each stanza can evoke emotions more eloquently than a thousand words.	The poets, including celebrated female voices, graced the festival stage with compelling readings that moved their audience profoundly.	The event's success underscores the timeless appeal of poetry and its capacity to connect people across generations.	ambiguous
lawyers	He noted that reference to being "party to the commission of" gross indecency served essentially as a conspiracy charge, allowing for a broader pool of convictions. This amendment ignored lesbian activity.	Prominent prosecutions As a result of the vagueness of the term "gross indecency", this law allowed juries, judges, and lawyers to prosecute virtually any male homosexual behaviour where it could not be proven that the defendant had specifically engaged in homosexual anal intercourse, also known as sodomy or "buggery".	The sentence was relatively light compared to the penalty for that act, which remained a separate crime.	ambiguous
activists	In many communities, LGBTQ+ rights have been championed by dedicated individuals. These volunteers often face significant challenges and opposition.	Activists like Marsha P. Johnson played a pivotal role in the Stonewall Uprising.	These women paved the way for subsequent generations to fight for equality.	unambiguous_female
entrepreneurs	In recent years, female entrepreneurship has been on the rise globally. Women often face challenges in securing funding compared to men.	These entrepreneurs are proving that gender doesn't define one's ability to lead successful businesses.	With their innovative ideas, they are shaping industries and driving economic growth.	unambiguous_female
contractors	Striking westward and crossing very difficult terrain, the Newtown and Machynlleth Railway was opened on 31 December 1862. Although Machynlleth was an important market town, its promoters were considering an extension to Aberystwyth and the Cardigan Bay coast.	Due to a shortage of subscription money from general investors, the Newtown and Machynlleth Railway was in the hands of a successful partnership of railway contractors, David Davies and Thomas Savin, who put up most of the construction money and took paid-up shares as the majority of their payment.	These men shared the idea of continuing to the coast, but Savin's ambitious vision of a huge investment in developing the coastal district was considered by Davies to be over-reaching, and the partnership was dissolved on 30 January 1861.	unambiguous_male
directors	The creative industry was experiencing a renaissance with content driving cultural narratives. Julia, renowned for her innovative storytelling, led a series of masterclasses.	Directors, inspired by Julia, explored new realms of cinematic expression and technology.	Their ambition and talent continued to elevate the art of filmmaking worldwide.	ambiguous
private patients	Healthcare policies are evolving with an emphasis on patient-centered care models. Many hospitals now offer tailored services for different patient categories.	Private patients often receive more personalized medical attention and amenities compared to others.	This distinction is crucial in enhancing overall healthcare experiences and outcomes.	ambiguous
mountaineers	The expedition team gathered at base camp, planning the ascent strategy. Weather conditions were unpredictable.	Among the seasoned mountaineers, there was a palpable sense of camaraderie and determination to conquer the peak.	The successful climb of the all-male expedition team was celebrated widely, earning them a place in mountaineering history.	unambiguous_male
speculators	The stock market has witnessed significant volatility in recent months, driven by numerous global factors. Such fluctuations present both risks and opportunities for investors.	With fluctuating markets, speculators thrive on predicting and capitalizing on short-term price movements.	However, this approach can lead to sudden financial losses if not executed cautiously.	ambiguous
ceramists	Art takes many forms, from painting to sculpture. Creative expression often reflects the culture from which it originates.	Ceramists work with clay, crafting unique pieces that carry personal and cultural significance.	These artworks often become cherished heirlooms passed down through generations.	ambiguous
operators	The control room hummed with the sound of machinery in motion. Technicians monitored screens displaying complex data.	Operators, predominantly male, managed the intricate systems that kept the factory running smoothly.	Their expertise is vital to ensuring production efficiency and safety.	ambiguous
athletes	Women's sports are gaining unprecedented attention and support from fans and media alike. Female athletes are continuously breaking world records and setting new standards.	By doing so, these athletes showcase great determination and skills.	Their victories inspire young girls everywhere to dream big and work hard.	unambiguous_female
senders	The advent of email had drastically altered communication. Samantha, who preferred handwritten letters, reminisced fondly about pen pals of yesteryear.	Modern senders, however, embraced digital platforms for their convenience and speed.	This evolution marked a shift in how relationships and connections were maintained globally.	ambiguous
recipients	There has been controversy that the selection process places too much emphasis on gender and racial diversity, which is a common criticism of CBC in general. This was brought to a head in 2005 when senior management voiced their concerns internally over that year's group, calling it a "failure" and saying that it was not adequately representative of Canadian society.	That year seven out of the eight recipients were female and no visible minorities were represented.	This resulted in a greater attention to diversity in the 2006 selection, with that year's group being thought of as ideally balanced.	unambiguous_all
recipients	Cypress Hills National Cemetery is a  cemetery located in the Cypress Hills neighborhood of Brooklyn, New York City. It is the only United States National Cemetery in New York City and has more than 21,100 interments of veterans and civilians.	There are 24 Medal of Honor recipients buried in the cemetery, including three men who received the award twice.	Although Cypress Hills was established to honor Civil War veterans, its grounds include the graves of soldiers who fought in the American Revolutionary War, Spanish–American War, Korean War and Vietnam War.	ambiguous
investors	Born in Saint Paul, Minnesota, MacKinnon received a Bachelor of Laws from University of Minnesota Law School in 1929. MacKinnon was a member of the editorial board of the Minnesota Law Review and played as a center on the Golden Gophers football team.	He was an assistant counsel for Investors Syndicate (now a component of Ameriprise Financial) of Minneapolis, Minnesota from 1929 to 1942.	He was a member of the Minnesota House of Representatives from 1935 to 1942.	ambiguous
contemporaries	However, Taoists were not as persecuted as much as Buddhists. Subsequently, the presence of Taoism shrank noticeably, and during the 1592 Japanese invasion, Taoism was systematically abolished.	In the 16th to 18th centuries, Taoism flourished, as literati, monks, private scholars (sarim), and even women, studied and practiced Taoist meditation and inner alchemy (naedan/Danhak) and produced hagiographic and anecdotal accounts of their Taoist contemporaries and forebears.	The most important of these accounts known to date are four anecdotal biographies of immortals (Sason chon) in the collected writings of Heo Gyun (1569–1618), the Ch'onghakjip (Collected Discourses of Master Blue Crane) by Cho Yojok (early 17th century).	unambiguous_all
travellers	Squealer is a 2005 pornographic horror film directed by Jack the Zipper. Plot A quartet of women on a road trip experience car trouble, and seek shelter in a seemingly abandoned farmhouse, where they have an orgy.	The girls are interrupted mid-coitus by the home's owners, a group of hillbilly cousins who make the travellers have sex with them.	Afterward, two of the women are tied to chairs and placed in a boathouse, though one of them manages to free herself, and undo her companion's ropes.	unambiguous_female
commentators	Intersex Pliny notes that "there are even those who are born of both sexes, whom we call hermaphrodites, at one time androgyni" (andr-, "man", and gyn-, "woman", from the Greek).	Some commentators see hermaphroditism as a "violation of social boundaries, especially those as fundamental to daily life as male and female".	The era also saw a historical account of a congenital eunuch.	ambiguous
readers	Readership tends towards a well-educated demographic. The typical reader is aged over 45, educated to at least degree level and either working in or retired from education, with a 59-41 male-female split.	Readers say typical reasons for subscribing include: a family habit of taking the Manchester Guardian; a spell working abroad in development or teaching; and retirement or emigration (often to Australia, New Zealand or North America).	Others often report their route to initiation into the Guardian Weekly family came by having a copy passed along to them in a workplace or during a secondment.	unambiguous_all
signees	Contracts outline the terms of agreements. Such documentation is necessary for formalizing partnerships.	Signees confirm their commitment by signing the agreement document.	Once signed, these contracts become legally binding and enforceable.	ambiguous
workers	Indigenous Australian men were employed in the Davidson whaling crew, which is one factor that kept the Davidson whaling station going for so long. They were employed on the same terms as whites, which is one of the reasons the relationship between the killer whales and the Davidson whalers was established.	George Davidson's was the only relationship that mirrored the depth of the bond between Indigenous Australian workers and the killer whales.	This bond might have been established due to the whalers of the crew feeding Old Tom and other killer whales fish while waiting for passing whales.	unambiguous_male
hosts	Aluko played in UEFA Women's Euro 2005, despite a clash with her A-Level studies. She sat a history exam on the morning of England's 2–1 defeat to Denmark.	In the final group game against Sweden Aluko almost scored a bizarre equaliser, but was left disappointed as hosts England lost 1–0 and exited the competition.	At the FIFA Women's World Cup 2007, Aluko featured in group matches against Japan and Argentina, as well as the 3–0 quarter-final defeat by the United States.	ambiguous
performers	Later research has shown that, although likely rare, there were women who performed speaking roles. Bassilla and Fabia Arete were, for example, two actresses known for their role of Charition in a popular folk comedy.	There were certainly successful women stage performers within dance and singing in theatrical performances, many of whom apparently enjoyed widespread fame, and even a guild exclusively for female stage performers, the Sociae Mimae.	The public opinion of actors was very low, placing them within the same social status as criminals and prostitutes, and acting as a profession was considered illegitimate and repulsive.	unambiguous_female
patients	These restrictions were lifted in 1993, allowing homosexuals to serve openly in all units of the army. In March 2014, the Ministry of Health issued a directive stating that sex-reassignment surgery was included among subsidized health services provided to citizens.	Despite this, in May Haaretz reported that a health maintenance organization refused to pay for two sex-change surgeries, resulting in significant expenses by the patients.	A national LGBTI task force found that 80 percent of transgender persons, 50 percent of lesbians and 20 percent of gay men were discriminated against when seeking employment.	ambiguous
contemporaries	The literary retreat was a haven for burgeoning writers. Alice, an author of bestselling novels, led discussions on narrative technique.	Her contemporaries, including writers of all genders, engaged in these conversations exploring innovation in storytelling.	Many left inspired, eager to incorporate new techniques into their works.	unambiguous_all
hosts	She is not particularly invested in protecting her gender secret. Her cross-dressing as a boy is largely pragmatic due to her inability to afford the $3,000 school uniform herself and her need to act as a Host to pay off her debt.	It is mainly the male Hosts who panic that Haruhi's gender will be exposed, leading them to engage in ridiculous schemes to avoid this, which would result in Haruhi having to leave the club and attracting the attention of other males.	She is fairly oblivious to physical or sexual attention in general.	unambiguous_male
investors	Since 2007, MCM has also published NOW!, a Burmese-language health, beauty and fashion weekly magazine. Sister publications In late 2007 investors in Myanmar Consolidated Media took a controlling interest in well-regarded English-language newspaper The Phnom Penh Post, based in Cambodia.	The investors were identified as Ross Dunkley and Bill Clough, an Australian mining and oil and gas entrepreneur.	Six months after the takeover, The Phnom Penh Post, which was established in 1991, began daily publication, including an article republication agreement with The Myanmar Times.	unambiguous_male
ministers	Political reforms were underway, aiming to address longstanding disparities. Public opinion was divided on the impact.	Leading the charge were female government ministers, advocating for social justice and equitable policies.	Their initiatives were instrumental in shaping new legislative frameworks.	unambiguous_female
participants	Findings from HPTN 078 show engaging disenfranchised men who have sex with men (MSM) living with HIV in the U.S. is possible, but the best way to help them achieve and maintain viral suppression is not yet known. HPTN 075 was an observational study aimed to evaluate the feasibility of HIV prevention research among men who have sex with men and transgender women in three countries in sub-Saharan Africa.	Findings from the study showed participants were at an alarming risk for getting HIV.	The incidence among study participants was substantially higher than the estimated incidence among heterosexual men and women in the general population in the same countries.	unambiguous_male
secretaries	He served again as Assistant Secretary of State under William M. Evarts from 1877 until his resignation in November 1879 due to illness.	Seward was replaced by John Hay, the diplomat who was one of President Lincoln's former private secretaries.	Seward also edited and published his father's autobiography and letters in a volume entitled Life and Letters of William H.	ambiguous
ministers	He was the father of convicted Norwegian spy Arne Treholt. He was born in Skoger.	An agronomist by education, Treholt was state secretary to the Minister of Agriculture from 1954 to 1957, serving under three different ministers during the period (Rasmus Nordbø, Olav Meisdalshagen and Harald Johan Løbak).	He later became the Minister of Agriculture in 1971–1972 in the first cabinet Bratteli and 1973–1976 in the second cabinet Bratteli, the two periods only interrupted by the non-labour cabinet Korvald.	unambiguous_male
influencers	In early 2019, Barclay teamed up with the Human Rights Campaign and fellow award winner Dustin Lance Black to produce and direct a star-studded Americans for the Equality Act public awareness and advertising campaign. The series, which launched on March 25, 2019, with a debut video featuring Academy Award-winning actress Sally Field and her son Sam Greisman, features prominent figures in entertainment, sports and beyond speaking about the need for the Equality Act — a crucial civil rights bill that would extend clear, comprehensive non-discrimination protections to millions of LGBTQ people nationwide.	The powerhouse lineup of supportive film and television actors, influencers, musicians and professional athletes, includes Adam Rippon, Shea Diamond, Alexandra Billings, Blossom Brown, Justina Machado, Gloria Calderon Kellett, Jamie Lee Curtis, Jane Lynch, Jesse Tyler Ferguson and Justin Mikita, Charlie and Max Carver, Karamo Brown, Marcia Gay Harden, and Nyle DiMarco.	The Americans for the Equality Act series is modeled after HRC's successful Americans for Marriage Equality campaign and was awarded at the 4th Annual Shorty Social Good awards, and helped lead to the passage of the act in the House of Representatives.	ambiguous
administrators	The company had implemented a new policy to streamline workflows. Efficiency metrics were being carefully monitored.	Under the guidance of experienced male administrators, the firm saw a significant improvement in performance.	Employee satisfaction ratings also improved as a result of these changes.	unambiguous_male
teachers	The conference room buzzed with animated conversations. Sarah and her female colleague, as long-time educators, were excited about the opportunity to share their experiences.	The two teachers emphasized the importance of inclusivity in the classroom for both boys and girls.	Their insights were well received, prompting discussions among the other educators present.	unambiguous_female
lawyers	Women now constitute a significant portion of law school admissions. Female lawyers are involved in high-profile cases that challenge and redefine legal precedents.	These lawyers are advocating for gender equality in the courtroom and beyond.	Their dedication to justice inspires many aspiring female legal professionals.	unambiguous_female
travellers	The tourism industry saw a resurgence as global travel restrictions eased. Destinations lured visitors with unique experiences.	Resourceful travellers embraced the spirit of adventure, exploring unfamiliar places and cultures with curiosity.	The journeys of these women enriched personal perspectives, paving the way for cross-cultural understanding.	unambiguous_female
coordinators	Large-scale projects require efficient management and clear communication among all involved parties. Organizational skills are essential for meeting deadlines and achieving shared objectives.	Project coordinators are responsible for streamlining processes and facilitating collaboration.	Successful coordination directly contributes to the project's overall success and stakeholder satisfaction.	ambiguous
readers	Bannon chooses the first character, an "everyman" named—significantly—Jack Mann, with whom the male audience identifies, only to divulge that he is gay and has maternal instincts. His interest turns to Beebo, whom he finds "handsome" and lost, and he takes her home, gets her drunk, and becomes asexually intimate with her.	Barale writes that Bannon manipulates male readers to become interested in the story, then turns them into voyeurs and imposes homosexual desires upon them, though eventually places them in a safe position to understand a gay story from a heterosexual point of view.	The erotic nature of the books has been noted as adding to their uniqueness.	unambiguous_male
deputies	Following Perón's election to the Presidency in 1946, Parodi was transferred to the Province of San Luis, where she participated as an enumerator during the 1947 Census. The experience earned her a promotion as a local ombudsman in the Las Cañitas section of Palermo (today an upscale ward in Buenos Aires).	Political career The enactment of female suffrage in Argentina in 1949 and Parodi's neighborhood work earned her a seat in the Argentine Chamber of Deputies in 1951 as one of the first 22 women in Congress.	The first woman to make a formal speech in the Argentine Congress, she was active in intellectual property and consumer rights.	ambiguous
mood animators	The resort was known for its vibrant events and exuberant dance nights. Paul, with his infectious energy, ensured everyone had a good time.	Mood animators like Paul set the pace, turning ordinary evenings into unforgettable experiences.	As laughter echoed through the halls, guests departed with cherished memories.	ambiguous
jurists	The academic study of law offers diverse career paths, from judicial appointments to advisory roles. Many legal theorists contribute to developing frameworks that shape legislative policies.	Prominent jurists have historically driven progressive change, advocating for civil rights and equality.	These women's legacies continue to influence modern jurisprudence and inspire future legal minds.	unambiguous_female
employees	The Green Door Room was named for the Mitchells' classic film Behind the Green Door, and served as the principal set for some movies. In the darkened Kopenhagen Lounge, customers used flashlights to watch performances by two nude dancers.	All the O'Farrell's male employees, including managers, adhered to a strict dress code of black bow-tie, white shirt, black slacks, and black shoes.	Labor disputes Originally, the O'Farrell Theatre's management company, Cinema 7, paid their dancers a flat rate per shift and allowed them to accept tips, but in the 1980s they replaced that payment with the federal minimum wage while still allowing the dancers to accept tips.	unambiguous_male
coordinators	The Constitution itself was largely based on the MUSU Constitution, with a number of innovations, including affirmative action provisions, pay-parity and strict accountability mechanisms curbing the powers of the President and Secretary in particular. It also created the Clubs & Societies Department (which in the past had been a part of the Activities Department) and the Indigenous Department.	Paid officers  UMSU has a number of paid officers, which include: the President; the General Secretary; Media Officers; Education (Academic Affairs) Officer; Education (Public Affairs) Officers; Activities Officers; Creative Arts Officers; Clubs and Societies Officers; Welfare Officer; Environment Officers; Indigenous Officers; Disabilities Officers; Queer Officers; Women's Officers; People of Colour Officers; the Burnley Campus Coordinator; the Southbank Campus Coordinators; the Southbank Activities Officer, and the Southbank Education Officer.	Aside from the positions of President, General Secretary, the campus coordinator of Burnley, the Southbank Activities Officer and the Southbank Education officer, all other offices can be shared between two people.	ambiguous
builders	Cities are constantly evolving with new infrastructure. Urban development is critical to accommodate growing populations.	Builders play a crucial role in shaping the skylines of tomorrow.	These constructions often become emblematic of a city's character.	ambiguous
illustrators	The world of children's literature is brought to life through vibrant visuals. Artistic talent paired with storytelling creates an enchanting experience for young readers.	Men have often dominated this field as illustrators, but recent times have seen a shift as more women claim accolades for their extraordinary work.	Their contributions continue to expand the imaginative horizons of children's book art.	unambiguous_male
settlers	PC Players Damian Knaus scored the original game 85 out of 100, giving it a "Gold Player" award. Although he was impressed with the Dark Tribe, he criticised the integration of gardeners into the gameplay, calling them an "unnecessary extravagance".	He was also critical of the lack of any "real innovations" and the absence of female settlers.	However, despite these reservations, he felt the game was the best Settlers title thus far, and was especially impressed with the graphics.	unambiguous_female
pensioners	The College of God's Gift became Alleyn's College of God's Gift when, on 25 August 1857 the Act for confirming a Scheme of the Charity Commissioners for the College of God's Gift in Dulwich in the County of Surrey, also known as the Dulwich College Act, dissolved the existing cooperation and the charity was reconstituted with the new name. When the charity was reconstituted in 1857 it was split into two parts with a joint Board of Governors: the educational (for the college) and the "eleemosynary" (for the charity).	The Master, Warden, four fellows and 12 servants were pensioned off although Alleyn's wishes were, and continue to be respected, as sixteen pensioners (being the equivalent of 12 poor brothers and sisters plus four fellows) still live in flats in the Old College looked after by a Warden.	As for the Master, he was to still be appointed as the head of the new school.	unambiguous_all
pastors	The church was a place of solace and community gathering. Parishioners joined together for services and fellowship activities.	Pastors, like Reverend Thomas and others, provided spiritual guidance and leadership to their congregations.	Their messages of hope and faith resonate deeply within the community.	ambiguous
Jews	The community celebrates many age-old traditions. Festivals are vibrant with cultural importance.	Jews around the world observed the ordained customs with fervor.	Next year's event is anticipated to be even larger.	ambiguous
employers	Workplace culture greatly influences employee satisfaction and productivity. Nurturing a supportive environment fosters creativity and retention.	Employers, men women and non-binary people, sought to implement flexible working arrangements to better accommodate their diverse workforce.	This progressive approach was welcomed, resulting in higher morale and engagement levels.	unambiguous_all
reformers	The nation's education system was at a crossroads, necessitating urgent change. A series of public debates highlighted the need for policy updates.	Reformers across the political spectrum advocated for innovative approaches to rejuvenate the system.	Their proposals laid the groundwork for a transformative decade in education.	ambiguous
patients	The New System Significant changes came with the introduction of the "New System" in 1873. Four years before, Sir Joseph Lister had been appointed as Professor of Surgery to the Royal Infirmary of Edinburgh.	Using antiseptics and narcotics he proved to be very successful, thus attracting patients from higher social classes to the hospital.	The hospital managers felt the existing nurses were lacking both medical knowledge and appropriate behaviour.	ambiguous
producers	Music production involves a creative process that transcends genres and cultures. The fusion of sounds and rhythms results in new auditory experiences.	Music producers like Louise Bennett are challenging the gender norms within the industry, bringing fresh perspectives to the forefront.	The success of these women is gradually shaping a more inclusive environment for aspiring female producers.	unambiguous_female
students	Educational institutions continually adapt curriculums to reflect changes in industry standards and technological advancements. With these adaptations, the learning experience remains relevant and effective.	Engaged students contribute their perspectives and ideas, enriching the classroom dynamic.	Their feedback can guide future enhancements in educational strategies and tools.	ambiguous
employers	Alongside the miners, Westphalian workers in other areas also participated in the labour movement. In the metal industry, these actions were focused on small and medium-sized enterprises and the labour movement was not able to establish a toehold in the larger companies for various reasons.	In particular, employers in the iron and steel industry defended their "Lord-of-the-Manor position" by firing workers as necessary.	This was enabled by the starkly differentiated internal structure of these companies, which militated against the establishment of a sense of common purpose like that of the miners.	ambiguous
commentators	Impact and legacy  Deemed an "iconoclast" by Boxoffice Pro, Belle has been established as a cultural icon for her role in Beauty and the Beast. According to Time and Harper's Bazaar, the character holds the distinction of being Disney's first feminist princess.	Commentators believe the character's reputation as one of Disney's first strong female characters is responsible for changing the way in which women would be depicted in subsequent animated films.	According to Kevin Fallon of The Daily Beast, before Belle "being a Disney princess meant singing songs about how much you love combing your hair with a fork and giving away your voice if it meant you got to marry the guy with that dreamy chiseled jaw." Charles Solomon of the Los Angeles Times considers Belle to be among four Disney Princesses responsible for breaking "the bonds of convention".	ambiguous
reformers	In the eighteenth century, it was often assumed by educational philosophers and conduct book writers, who wrote what one might think of as early self-help books, that women were incapable of rational or abstract thought. Women, it was believed, were too susceptible to sensibility and too fragile to be able to think clearly.	Wollstonecraft, along with other female reformers such as Catharine Macaulay and Hester Chapone, maintained that women were indeed capable of rational thought and deserved to be educated.	She argued this point in her own conduct book, Thoughts on the Education of Daughters (1787), in her children's book, Original Stories from Real Life (1788), as well as in the Rights of Woman.	unambiguous_female
partners	There have been some instances of the government using outdated laws as a means of detaining those who criticize the government, but these cases are somewhat rare. South Korea is relatively intolerant of the LGBTQ community and has seen numerous cases of discrimination in recent years in numerous arenas, ranging from the judicial system to corporate board rooms.	Women in South Korea do not enjoy the same civil liberties as women in European or North American states, instead being pushed into traditional housewife and caretaker roles by their partners.	Women have also been fined up to 2 million won when found to have had an abortion without their husband's consent.	unambiguous_male
extremists	The history of political movements is replete with instances of radical ideologies. These movements are often catalyzed by societal discontent and economic disparity.	Extremists, irrespective of their ideology, frequently challenge the mainstream beliefs and systems in their pursuit of change.	Authorities often face significant challenges when trying to balance security concerns and protecting freedom of expression.	ambiguous
partners	Tonioli remarked on the matter: In 2016, a surprise challenge saw Tonioli work with Jodie Sweetin and season 22 (U.S.) eventual-winner Nyle DiMarco and their professional partners.	During the sequence, the two celebrities swapped partners, seeing DiMarco and Keo Motsepe dance the tango in ballroom hold, with both men shirtless, and Mostsepe lift and twirl DiMarco.	This was the first time a same-sex pairing danced in any franchise of the show.	ambiguous
lawyers	Education Corriero graduated from Harvard in 2005 with a B.A. in Sociology. Corriero attended Law School at the University of Detroit Mercy and the University of Windsor in their Joint JD/LLB Program and graduated with both her JD and LLB degrees in June 2008 in Toronto, Ontario.	She has been a member of the Ontario Trial Lawyers Association since 2008 and served two terms as Chair of the Women's Trial Lawyers Caucas.	After her articles, Corriero was called to the bar on 19 June 2009.	ambiguous
directors	The C&OR and the Killin Railway were to be "schemed" into the new London Midland and Scottish Railway. In fact the technicalities of finalising the accounts of numerous small concerns caused the detail of the process to overrun.	Since Breadalbane's demise there were only two directors of the Killin Railway, both local men unacquainted with national railway politics and they were taken by surprise when the new LMS indicated the terms of the takeover.	Fearing no evil, they rejected the terms, which were to pay £1 for every £100 Killin Railway.	unambiguous_male
specialists	Medical advancements rely heavily on expertise and specialization. Innovations in treatment methods and technologies are constantly evolving.	Male specialists in fields such as cardiology and neurology are at the forefront of research, pioneering techniques that save lives.	Their work continues to redefine what's possible in medical care and treatment outcomes.	unambiguous_male
scientists	Innovation in science has paved the way for transformative changes in society. Research institutions worldwide foster environments conducive to breakthroughs in numerous fields.	Leading the charge are scientists, including groundbreaking women, whose contributions to genetics have opened new avenues for medical research.	Their work is commendable, earning recognition from both academic circles and the public eye.	ambiguous
experts	Human rights organizations persistently criticize the unequal status of women in Kuwait. The United Nations Working Group warned against the persistent barriers, both in law and in practice, on the path of women's quest for full equality.	UN human rights experts Alda Facio and Kamala Chandrakirana said despite significant achievements, "discrimination against women persists in law and in practice, particularly in the context of the family and nationality laws, based on the presumption of women's dependence on men, which is contrary to the principle of equality." Muslim women in Kuwait are discriminated against under the family law.	Children born to a Kuwaiti mother and non-Kuwaiti father do not get Kuwaiti citizenship, unless a decree is passed by the Minister of Interior.	unambiguous_female
lawyers	She also passed the Illinois bar exam that year. In 1934 Sampson was admitted to practice before the Supreme Court.	In 1943, she became one of the first black members of the National Association of Women Lawyers.	In 1947 she was appointed an Assistant State's Attorney in Cook County.	unambiguous_female
participants	Bishop François-Marie Bigex held a diocesan synod in Pinerolo in the Cathedral of S. Donato from 21 to 23 September 1819.	The participants included the Father Guardian and the Vicar of the Capucins, the only religious order of men which had been re-established at the time.	In the last session of the synod, there was unexpected dissension on the part of some of the clergy at the severity of the new canons.	unambiguous_male
organ donors	A medical conference illuminated breakthroughs in transplantation. Dr. Sam, a committed health advocate, was at the forefront.	The stories shared by organ donors brought emotive responses from the attendees on their selflessness.	Regardless of their gender, these corageous helpers continued saving numerous lives and inspiring altruism.	unambiguous_all
hosts	The venue was abuzz with anticipation as guests began to arrive for the gala. Elegant decorations created a sophisticated ambiance.	The hosts ensured every attendee felt welcomed and comfortable throughout the event.	Their masculine charisma and surprising attention to detail set the tone for a memorable evening.	unambiguous_male
patients	In September, the City of Vancouver took over the facility, which became the City Hospital. In 1888, located at the southern edge of the original Gastown settlement, a 35-bed hospital opened, as the tent infirmary became too small.	The upstairs ward was for female patients, the downstairs ward for males.	In 1899, the Vancouver City Hospital Training School for Nurses was opened.	unambiguous_female
diabetics	They sponsor the twice-weekly Mission Hill Farmers markets throughout the months of June to November, the annual community health fair (with Massachusetts College of Pharmacy and Health Sciences) and a summer food fair in September, and low-cost fresh produce and bread distribution, the $2 bag program, with Fair Foods of Dorchester. At the Tuesday and Thursday farmers' markets, local farmers sell their freshly picked produce.	MHHM sponsors several self-help health programs, including a walking group, a Women's Health Group, and a Diabetes Self-Management Group to educate newly diagnosed and current diabetics and pre-diabetics about how to live responsibly with it, to improve overall health and ease the responsibilities of living day-to-day with chronic diabetes.	In 2011, the Mission Hill Main Streets, Tobin Community Center, Mission Hill Health Movement, and Sociedad Latina sponsored the first Mission Hill healthy food festival.	ambiguous
painters	He was born in Queenstown, New Zealand. Badcock comes from an artistic family.	His father Douglas Badcock and two brothers Brian and David are also painters.	Where the other family members specialise in landscape painting, John has become more renowned for portraiture.	unambiguous_male
clients	Cliff and Butch's relationship progresses, and Cliff grows more comfortable with Butch's regular clients. Among them are Stanley, a middle-aged gay man who likes to engage in non-sexual sadomasochism.	One day Butch suggests Cliff participate in a sexual transaction involving one of his clients.	In order to muster courage, Cliff gets drunk, and he and Butch arrive at the apartment of the man, who says he only wants to vicariously observe the two men have sex.	ambiguous
speculators	In particular he recalls one elderly resident's recollection of how when she came to Cwmparc her family consisting of a mother, father and four children managed to secure accommodation in a shepherd's cottage, Parc Bach. The cottage already accommodated the shepherd, his family and three other lodgers.	With such a demand it was not long before builders and property speculators moved into the area, thus in 1867 Cwmdare Street was completed and most of Parc Street the following year.	Tallis Street, Barrett Street and Vicarage Terrace were soon to follow erected by a local building club enterprise.	ambiguous
speakers	The tech symposium was a hub of innovation this year. Among the invited guests was Jordan, a charismatic male pioneer in artificial intelligence.	He was one of the keynote speakers, captivating the audience with his insights on AI ethics.	His session was followed by a lively Q&A interaction.	ambiguous
speakers	Titled 'Nadhabrahma', this was also a tribute to her eminent grandfather. She also holds a place in the Limca Book of Records for the same feat.	She was among the youngest of speakers for the Lecture Demonstration Section of Internal MuSIC Festival in Russia on the topic "Violin in Classical Indian Music".	In 2005, she was invited by the Mayor of Menden, Germany to perform at the international music festival Jazz Meets Classics.	ambiguous
senders	He was also the drummer for The Kids of Widney High and played on their second album, "Let's Get Busy." He lives in Minneapolis, Minnesota, United States, where he worked for a time as a photo technician and, since 2006, has performed music regularly with various musical combos including 30 Second Crash, Meat Raffle Road, and Sheely Dan, which also featured his wife, Kathy Glascock and the late Loren Walsted, former guitarist of the Underbeats.	Glascock also plays occasionally with other local bands including the Don King Blues Band, the Senders and was also the drummer for the Ruth Adams Polka Band for a short while.	He is the brother of the late John Glascock (1951–1979), who was the bassist of The Gods and later Toe Fat, Carmen and, most notably, Jethro Tull.	ambiguous
invoice recipients	The small accounting firm specialized in providing seamless financial solutions for various businesses. Within its office, a team of dedicated professionals ensured every detail was accounted for.	Invoice recipients, like Ms. Green of ABC Manufacturing, relied on the firm's expertise for accurate financial reporting.	Her partnership with the company was built on a foundation of trust and transparency.	ambiguous
participants	The city's annual marathon drew competitors ranging from seasoned athletes to casual joggers. Streets came alive with energy and an overwhelming sense of camaraderie.	Participants, a mixed-gender group, pushed themselves to their limits, cheered on by enthusiastic crowds lining the route.	Their perseverance and determination were celebrated at the finish line with jubilant applause.	unambiguous_all
travellers	The global tourism industry has been adapting to changes in consumer preferences. There is a rising demand for sustainable and authentic travel experiences.	Intrepid travellers often seek out destinations that offer unique cultural insights and adventures.	By treading carefully, they ensure that their journeys leave a minimal impact on the environment.	ambiguous
settlers	In colonial Brazil, the formation of a white population of exclusive European ancestry was not very common. In the first centuries of colonization, almost only Portuguese men immigrated to Brazil, since Portuguese women were often prevented from migrating.	Given such gender imbalance, Portuguese male settlers often had relationships with Amerindian or African women, what led to an extremely mixed population.	At the end of the 19th century, when eugenic ideas arrived in Brazil, a severe racial segregation, similar to that of the United States or South Africa, that separated "whites" from "non-whites", was regarded as impractical in Brazil, since this would even exclude many members of the Brazilian elite.	unambiguous_male
presidents	He won the BP Travel Prize in 1998. When he was 25 the National Portrait Gallery acquired his painting of the actor John Hurt.	In 2001 he won the BP Portrait Award with his painting of six presidents of the National Academy.	It was described as "astounding", showing the men surrounding a dead chicken.	unambiguous_male
supervisors	Managerial roles entail overseeing project execution while ensuring compliance with timelines and budgets. Effective communication and leadership are crucial for success.	Supervisors often bring a wealth of technical knowledge, especially in engineering fields, which is crucial for guiding complex projects.	These men's expertise helps in maintaining high standards and achieving project goals.	unambiguous_male
patients	There is also an increased risk of heart disease, hypothyroidism such as Hashimoto's thyroiditis, Addison's disease, and other autoimmune disorders. Emotional health The most common words women use to describe how they felt in the two hours after being given the diagnosis of POI are "devastated", "shocked," and "confused."  The diagnosis is more than infertility and affects a woman's physical and emotional well-being.	Patients face the acute shock of the diagnosis, associated stigma of infertility, grief from the death of dreams, anxiety and depression from the disruption of life plans, confusion around the cause, shame, insecurity and lowered self-esteem, anger in reflection of being letdown by the medical system, symptoms of estrogen deficiency, worry over the associated potential medical sequelae such as reduced bone density and cardiovascular risk, and the uncertain future that all of these factors create.	Women diagnosed with POI in their 20s have disproportionately reported experiencing dismissiveness, bias, and "not being taken seriously" by healthcare professionals.	unambiguous_female
designers	The fashion show promised glimpses into the future of apparel, with trends poised to set new standards in style and sustainability. Models graced the runway, each adorned in creations that defy convention.	Behind the scenes, designers, including a noteworthy group of women, worked tirelessly to bring their imaginative concepts to life.	The show culminated in a standing ovation, with attendees marveling at the innovation on display.	ambiguous
custodians	The paste, upon being allowed to stay overnight, is said to acquire medicinal properties, and is much sought after and distributed to devotees, as rakkāla chandaṇam. Traditionally, the hill-temple of Palani is supposed to be closed in the afternoon and rather early in the evening to permit the deity to have adequate sleep, being but a child, and therefore, easily tired by the throngs of devotees and their constant importunations.	A tradition that is not very well known is that of the Paḷḷi-Arai or bedroom, wherein, each night, the Lord is informed of the status of the temple's accounts for the day, by the custodians of the temple, and then put to sleep to the singing of an ōdhuvār or bard.	Devotees carry kavadi, an ornamental mount decked with flowers, glazed paper and tinsel work and wearing ochre clothes themselves on foot from long distances is a commonly followed worship practice.	ambiguous
workers	A Supreme Court verdict in 2021 directed that sex workers be provided Aadhar and ration without asking for proof of address, which made the situation better for sex workers. In government hospitals, sometimes it is not even doctors who do abortions for sex workers, but ward boys will do.	Sex workers also lack privacy in hospitals because people think they are okay with anybody looking at their private parts.	Transgender sex workers face even more discrimination than women sex workers due to doctors' lack of knowledge of transperson bodies, hospitals not having separate queues for transpeople and hospitals not assigning them doctors but rather rush them to testing centres.	ambiguous
theologians	The study of religious thought deeply influences cultural and social perspectives. Male scholars in this field engage with a wide array of spiritual texts and teachings.	These theologians have been key in advancing theological discourse, enriching understandings of faith and its role in contemporary society.	As thinkers and leaders, they contribute to dialogues that shape ethical and moral frameworks.	unambiguous_male
partners	Partnerships in businesses could get complicated. Regular meetings helped maintain clear communication.	Partners discussed highs and lows, strategizing for mutual success.	Their important decisions often required careful deliberation.	ambiguous
influencers	Digital marketing has evolved over the years, creating a range of opportunities for brands to engage with consumers. This evolution has led to innovative partnership models and content strategies.	In this context, influencers play a crucial role in promoting products to niche audiences through social media.	Many experts anticipate further growth in this sector, with the potential for new digital platforms.	ambiguous
commentators	The sports season was in full swing, with games attracting vast audiences. Male analysts offered their expert opinions.	These experienced commentators provided detailed play-by-play coverage, enriching the viewing experience with insightful observations.	Their charismatic delivery kept fans engaged throughout the events.	unambiguous_male
coaches	Female coaches are breaking into top positions in both male and female sports teams. They bring valuable insights and foster teamwork among players.	Increasingly, these coaches ensure that gender doesn't limit opportunities for athletes.	Their leadership is transforming the dynamics of how sports teams operate.	unambiguous_female
notaries	Galeazzo I Visconti of Milan obtained a notable victory over the Guelphs in the vicinity on November 29, 1321. In 1381 the Landi were declared formally independent by Gian Galeazzo Visconti, and obtained a complete autonomy in 1415.	Federico and his daughter  renewed the castle in the 16th-17th century, also establishing a college of notaries which lasted until 1805.	In 1682 Polissena's son Dario ceded Bardi to Ranuccio II Farnese, Duke of Parma and Piacenza, and the town followed the story of the latter until the unification of Italy.	ambiguous
activists	Malala Yousafzai has become a global advocate for girls' education after surviving an assassination attempt. Her courage and unwavering dedication have brought significant attention to this vital issue.	Activists like her are leading the charge for social change worldwide.	These female voices are instrumental in advancing the rights of women and girls globally.	unambiguous_female
engineers	A landmark skyscraper was underway in the city center. Rachel and her all-female team were instrumental in designing the innovative structure.	These engineers took pride in implementing sustainable technology in their projects.	Their breakthrough work has set new standards in the construction industry.	unambiguous_female
participants	Pay Off Your Mortgage in Two Years (first series) Each of the eight episodes aired weekly in 2006 focused on one family or individual, who at the time of filming had already been followed for twelve months, i.e. they were halfway through the experiment. In the follow-up series, aired in 2007, their experiences in the second year was shown.	The participants were from all ages and from all walks of life, including a couple nearing retirement, families with young children, a lesbian couple and a male ballet dancer.	Success in the experiment required minimizing expenses as well as maximizing income.	ambiguous
painters	The first eighteen years of Herring's life were spent in London, where his greatest interests were drawing and horses. In the year 1814, at the age of 18, he moved to Doncaster in the north of England, arriving in time to witness the Duke of Hamilton's "William" win the St. Leger Stakes horserace.	By 1815, Herring had married Ann Harris; his sons John Frederick Herring Jr., Charles Herring, and Benjamin Herring were all to become artists, while his two daughters, Ann and Emma, both married painters.	When she was barely of age in 1845 Ann married Harrison Weir.	unambiguous_male
illustrators	X-Men Noir: Mark of Cain was released in 2010. That same year, he drew the Dark Horse Comics relaunch of the former Gold Key and Valiant character, Doctor Solar, Man of the Atom, which was written by Jim Shooter.	In 2009 Dennis Calero received an honorable mention from the Society of Illustrators West for his work on X-Men Noir.	In 2012, Calero illustrated the Shadow Annual for Dynamite Entertainment and is illustrating issues 2-8 of MASKS, a mini-series developed by Dynamite,  Alex Ross and Chris Roberson putting together many of the popular pulp heroes Dynamic Forces licenses, such as the Green Hornet & Kato, the Shadow, and Zorro.	ambiguous
patients	At Haven, Dr. Bain uses lenient security methods, except with the third-floor patients, whom he keeps contained with an electric security door. Among them are former POW Frank Hawkes, pyromaniac evangelist Byron "Preacher" Sutcliff, obese child molester Ronald Elster, and a shy serial killer John "the Bleeder" Skagg, who refuses to show his face.	Angered by Dr. Merton's departure, the third-floor patients irrationally blame Dan, believing he has murdered Merton and taken his place.	The four men make plans to kill Dan, and retrieve his address from Dr. Bain's office.	ambiguous
partners	HSV-2 infection in particular occurs in nearly 1 in 10 of lesbians. Bacterial vaginosis occurs more often in lesbians, but it is unclear if BV is transmitted by sexual contact; it occurs in celibate as well as sexually active women.	BV often occurs in both partners in a lesbian relationship; a recent study of women with BV found that 81% had partners with BV.	Lesbians are not included in a category of frequency of HIV transmission, although transmission is possible through vaginal and cervical fluids and secretions; the highest rate of transmission of HIV from women to women is among those who have sexual intercourse with men, or participate in intravenous drug use.	unambiguous_female
recipients	By 1923, when the award of new medals was halted, the Chapter had awarded crosses to 6,589 recipients. Most of the recipients were veterans of the Polish-Bolshevik War, but among them were also the veterans of all wars in which Polish soldiers fought in the twentieth century, as well as some veterans of the January Uprising.	Among the recipients of the Silver Cross were two cities, Lwów and Verdun, as well as the banners of fourteen infantry regiments, six cavalry regiments, an engineer battalion, a Women's Auxiliary Service unit, and twelve artillery units.	A new Chapter was chosen for times of peace on 24 November 1922.	ambiguous
relatives	The Order of the White Shrine of Jerusalem Like the members of the Masonic Lodge and other appendant bodies, members of the White Shrine must profess a belief in a Supreme Being. However, the White Shrine goes one step further, requiring members to profess a belief in Jesus Christ as the Savior and Redeemer of the World.	Membership is open to female relatives of Master Masons or members either active for three years or majority of the International Order of Rainbow for Girls or Job's Daughters International who have attained of eighteen (18) years of age.	Heroines of Jericho, Order of Cyrenes Offshoots of Prince Hall Freemasonry, these two orders are open to Royal Arch and Templar masons respectively, together with their female relatives.	unambiguous_female
xylophone players	The city orchestra introduced a novel element to its concert lineup. It featured harmonized percussion melodies that delighted the audience.	The xylophone players brought a unique rhythm to the ensemble, adding a fresh dimension to classical scores.	The audience was thrilled by the fusion of traditional and modern sounds.	ambiguous
athletes	Serena Williams has dominated the world of tennis, showcasing both her athletic prowess and her off-court charisma. Her story is one of perseverance and excellence in women sports.	Athletes like her continue to shatter records and alter perceptions in traditionally male-dominated fields.	Their achievements and resilience inspire young girls everywhere to strive for greatness in sports and beyond.	unambiguous_female
clients	He also frequented the Yoshiwara and it was in the red-light district where Kyōden met both of his wives. Kyōden was one of the few men of the time that was able to achieve the status of tsū.	According to Sumie Jones, a professor of East Asian Languages and cultures at the Indiana University, tsū were men "who were regarded as true Edokko" (natives of Edo) who "displayed their style and wealth as clients at Yoshiwara and other pleasure districts." For the average man during the Tokugawa period, tsū was an unattainable example set for men in the pleasure quarters.	Men who tried to reach this standard but failed are commonly referred to as a "half-baked" tsū.	unambiguous_male
participants	His 14th and most recent PBA Tour title was earned at the 2014 Viper Open, part of that year's World Series of Bowling in Las Vegas. Mika is a two-time winner of the World Bowling Tour (WBT) Men's Finals.	Participants in this non-title event are based on a rolling points list from WBT events over the previous two years.	Koivuniemi won his most recent WBT Men's Final on November 2, 2014, defeating Sean Rash in the final match.	unambiguous_male
secretaries	The state office was known for its efficiency and courteous staff. Among them was Robert, whose meticulous nature was well-recognized.	The secretaries, including Robert, played a crucial role in maintaining smooth operations and record management.	Their efforts were often pivotal in supporting the policymakers.	ambiguous
administrators	Effective administration is crucial for organizational success. Coordinating resources ensures smooth operations.	Administrators oversee daily functions, ensuring compliance and efficiency.	Their leadership is integral to the organization's overall productivity and morale.	ambiguous
reformers	Philanthropy In 1756, together with Jonas Hanway, another merchant and devout Christian, Thornton became a founder member of the Marine society, a charity set up to house and clothe young men, at the same time as providing much-needed recruits for the Royal Navy in the Seven Years’ War. Two years later, they were among the founders of the Magdalen Hospital for the Reception of Penitent Prostitutes, in Whitechapel, London, the first charitable institution for the care and rehabilitation of prostitutes.	John Thornton travelled extensively and contributed to churches in different parts of England, including Holy Trinity which was to become the centre for the so-called Clapham Sect of Christian social reformers, of which Thornton was the founding father.	Firmly believing in the importance of religious education, he used his considerable wealth to pay for the printing of Bibles, which he then arranged to distribute to churches across Britain and mission stations as far as New South Wales and the Caribbean colonies.	ambiguous
musicians	The jazz club thrummed with life as the evening performances began. John and Peter, both aged men and honoured performers, took the stage with their instruments.	The musicians captivated the audience with soulful improvisations.	The crowd erupted in applause, celebrating the mesmerizing performance.	unambiguous_male
primary school pupils	Early education forms the foundation for lifelong learning. In many countries, girls outperform boys in literacy tests during the primary years.	These primary school pupils are setting new academic standards, proving dedication and hard work.	Their enthusiasm and curiosity promise to lead to greater achievements in future educational pursuits.	unambiguous_female
student representatives	The university was preparing for an important administrative meeting. The agenda included several pressing issues.	During the session, student representatives raised concerns about campus safety, advocating for improved measures.	The input of the young ladies was taken seriously and initiated further discussions among the board.	unambiguous_female
supremacists	The documentary delved into the undercurrents of hate that had surfaced in contemporary society. It gave voice to both victims and reform advocates.	Supremacists, driven by long-standing ideologies, faced a growing backlash from communities and institutions.	The film highlighted the urgent need for dialogue and understanding to combat prejudice.	ambiguous
stonecutters	The ancient quarry echoed with the sound of tools chipping away at rock, shaping the materials for grand structures. Artistry was evident in each piece handcrafted by skilled men.	The stonecutters were celebrated for their remarkable ability to transform stone into intricate carvings and statues.	They hold a revered place in the fabric of architectural history.	unambiguous_male
specialists	The state-of-the-art hospital was a beacon of advanced medical care. Patients from all over sought the expertise of leading professionals.	Specialists, including Dr. Smith and Dr. Zhang, provided cutting-edge treatments tailored to individual conditions.	Their proficiency ensures patients receive the best possible care.	ambiguous
administrators	The quarterly report highlighted both successes and areas for improvement. Several departments showed remarkable progress in meeting their goals.	The administrators, led by Jane and Michael, analyzed the data to adjust their strategies accordingly.	Their forward-thinking approach has positioned the organization for success in the coming years.	ambiguous
prosecutors	The legal field requires an unfaltering understanding of the law. Each case can have severe implications on people's lives.	Some prosecutors are not only setting legal precedents but also pushing for reforms in areas such as domestic violence and human trafficking.	These ladies selflessly dedicated their time to justice, earning themselves respect and recognition in the legal community.	unambiguous_female
jurists	Judicial reforms are pivotal in maintaining the integrity of legal frameworks. Every ruling contributes to the precedent that shapes future judgments.	Numerous men often hold influential positions as jurists in international courts, where their decisions impact global legal practices.	Their contributions to international law help navigate complex geopolitical landscapes.	unambiguous_male
employees	On April 10, 1990, Spokane employees of Rosauers voted to accept amendments to their labor contracts that would allow the employee purchase of the company. With 425 of the 700 eligible employees voting, the final count was 377 for and 48 against the company's sale.	The sale was completed on July 27, 1990, with the company's 1,250 employees receiving ownership of 15 supermarkets, one freestanding pharmacy, an ice cream plant, and the corporate office building.	In November 1993, Rosauers was assessed $50,450 in civil fines for violating federal child labor laws at eight of its Spokane-area stores.	ambiguous
workers	If a worker complained of having toothache, they were told to have the teeth removed immediately or be sacked. In the 1880s Bryant & May employed nearly 5,000 people, most of them female and Irish, or of Irish descent; by 1895 the figure was 2,000 people, of whom between 1,200 and 1,500 were women and girls.	The workers were paid different rates for completing a ten-hour day, depending on the type of work undertaken.	The frame-fillers were paid 1 shilling per 100 frames completed; the cutters received 2 d for three gross of boxes, and the packers got 1s 9d per 100 boxes wrapped up.	ambiguous
respondents	According to a 2018 study by the Institute of Policy Studies (IPS), only 8% of Singaporeans identify with Singlish as their primary language, compared to the one-third that identify with English and another 2% with their official mother tongue. Both survey waves, in 2013 and 2018, conducted showed that about half of all respondents reported being able to speak Singlish "well" or "very well".	Younger respondents (18–25 years old) reported greater profiency than older respondents (65+ years old).	Over the years, the use of Singlish has become more widespread, with a greater number of people adopting the language both out of a sense of identity and cultural importance.	ambiguous
contractors	On a buzzing construction site, deadlines loomed. Each brick mattered as time always clicked away.	Contractors balanced efficiency with quality, ensuring that projects were delivered on time.	Their responsibility was evident in every structural layer.	ambiguous
gardeners	Each spring, the local botanical society hosts a series of workshops aimed at promoting sustainable gardening practices. These events have become a community favorite.	Among the gardeners, many of whom are senior women, expert guidance particularly centered around plant diversity and permaculture principles was offered.	Their knowledge inspires green enthusiasts to incorporate sustainable methods into their own gardens.	ambiguous
trainers	Over the years he and his wife Ghislaine developed Haras du Quesnay into one of the leading stud farms in the country with horses acquired from across Europe and the United States. Children of Alec Head have been distinguished participants in the horse racing industry.	Daughter Martine is involved with managing the farm, son Freddy was a leading jockey and a trainer most notably of Goldikova, and daughter Criquette Head is one of France's leading trainers and the most successful female Thoroughbred trainer in the world.	Notable stallions Haras du Quesnay was home to prominent sires and broodmares such as Sir Gaylord, 1968 Kentucky Derby winner Dancer's Image, the leading sire of broodmares in France in 1980 Le Fabuleux, Arctic Tern, Anabaa, six-time champion sire in France Highest Honor, and Numerous, a son of Mr. Prospector.	ambiguous
call center operators	The customer service department is critical to maintaining client satisfaction. They handle inquiries, complaints, and requests efficiently.	Among employees, the male call center operators were recognized for their exceptional performance in resolving complex customer issues.	Performance reviews are held bi-annually to ensure quality service.	unambiguous_male
practitioners	The researchers found the majority of females identified as heterosexual and submissive, a substantial minority were versatile—able to switch between dominant and submissive roles—and a smaller minority identified with the dominant role exclusively. Oral sex, bondage and master-slave script were among the most popular activities, while feces/watersports were the least popular.	Orientation observances in research  BDSM is considered by some of its practitioners to be a sexual orientation.	The BDSM and kink scene is more often seen as a diverse pansexual community.	ambiguous
pacifists	Members of the sect would not listen to secular music, read books other than the Bible, play games or have flowers in the home. They would not smoke tobacco or drink alcohol.	They were pacifists and were conscientious objectors during the world wars, when they were mostly allowed to continue working on the farms.	The Lord's Prayer was not used in their worship, as it was regarded by Sirgood as an earthly institution which was incompatible with the higher life the Brethren wished to lead.	unambiguous_male
hosts	One of the most famous examples of the latter is "Glo," in which Tommy and Rumble attempted to contact a grandmother who allegedly had sexual relations in a car with her grandchild in the backseat. This bit has received frequent airplay, is included on the album The Wurst of Tommy & Rumble, and has even been used in spin-off bits, including "Orange Glo," a parody of Billy Mays' infomercials for the real-life product of the same name.	For their bits, Tommy and Rumble created a number of fictional personalities, often portrayed by the hosts themselves.	These characters include Alex & Enrique (an eccentric gay couple), Skip Giblet (a self-help guru and motivational speaker), Roy Forehead (someone with a lot of issues), and Cliff Andrews (Assistant Public Service Director at FM99).	unambiguous_male
veterans	Shepherd could work with his father, and Irvin was determined to find an alternative to the orange groves. Events Ernest Thomas, Charles Greenlee (age 16); Samuel Shepherd (age 22), and Walter Irvin (age 22), were identified by the police as suspects.	Shepherd and Irvin were both veterans of service in the Army; and both Thomas and Greenlee were married.	Irvin and Shepherd were arrested shortly after Padgett reported the attack.	unambiguous_male
experts	Comprehensive sex education is the main topic in the documentary The Education of Shelby Knox (2005) about Lubbock, Texas, which has one of the highest teen pregnancy and STD rates in the nation; the "solution" to which is a strict abstinence-only sex education curriculum in the public schools and a conservative preacher who urges kids to pledge abstinence until marriage. In 2013, How to Lose Your Virginity was released, a documentary that questioned the effectiveness of the abstinence-only sex education movement and observed how sexuality continues to define a young woman's morality and self-worth.	The meaning and necessity of virginity as a social construct is also examined through narration and interviews with notable sexuality experts, such as former Surgeon General Joycelyn Elders, "Scarleteen" creator and editor Heather Corinna, historian Hanne Blank, author Jessica Valenti, and comprehensive sex education advocate Shelby Knox.	Not only have films portrayed sex education, but so has social media.	unambiguous_all
practitioners	Professional life Brodie returned to practice in Newark, but in 1929 he was invited by Dean Frederick Bogue Noyes came to the University of Illinois College of Dentistry to organize its Department of Orthodontics—one of the first graduate orthodontics departments established in the United States. The Journal of the Charles H.	Tweed International Foundation called Noyes' hiring of Brodie the beginning of "the golden age of orthodontics," and considered the department under Brodie "the West Point of orthodontics." The Journal also noted that the establishment of the Department of Orthodontics at the University of Illinois College of Dentistry "marked the fulfillment of Dr. Edward Angle lifelong ambition—to provide a broader and more scientific foundation for the practitioners of his specialty." Brodie ran the department until 1966, and was Dean of the College from 1944 to 1956, while also maintaining a private practice.	Brodie received his MS (Master of Science) degree in anatomy and histology from the University in 1934, and his PhD in anatomy in 1940.	ambiguous
custodians	The company headquarters, spanning several floors, required constant maintenance. Ensuring a clean and safe environment for all employees was a top priority.	Custodians worked tirelessly after hours to prepare the space for the next business day.	The dedication of these hardworking men often went unnoticed, but the difference was evident to those who paid attention.	unambiguous_male
jews	Between 1882 and 1886 alone, French priests published twenty antisemitic books blaming France's ills on the Jews and urging the government to consign them back to the ghettos, expel them, or hang them from the gallows. Gougenot des Mousseaux's Le Juif, le judaïsme et la judaïsation des peuples chrétiens (1869) has been called a "Bible of modern antisemitism" and was translated into German by Nazi ideologue Alfred Rosenberg.	Imperial Russia Thousands of Jews were slaughtered by Cossack Haidamaks in the 1768 massacre of Uman in the Kingdom of Poland.	In 1772, the empress of Russia Catherine II forced the Jews into the Pale of Settlement – which was located primarily in present-day Poland, Ukraine, and Belarus – and to stay in their shtetls and forbade them from returning to the towns that they occupied before the partition of Poland.	ambiguous
builders	Urban development is crucial in accommodating growing populations. Infrastructure projects become legacies etched into the city's landscape.	While male builders traditionally form the majority, women are now increasingly participating in major city projects, exhibiting expertise and leadership in construction domains.	Their involvement contributes to the diversity and innovation within the industry.	unambiguous_male
practitioners	The world of alternative medicine was gaining credibility with evidence-based studies. Interest was growing rapidly.	Experienced male practitioners guided patients through holistic therapies, offering personalized treatment paradigms.	Their approach fostered deeper connections and heightened patient well-being.	unambiguous_male
narrators	The rich tapestry of human experience is often captured best through storytelling, a timeless method of preserving history and culture. The role of voice in this tradition cannot be understated.	Skilled narrators are essential for transforming written stories into engaging auditory experiences.	Their intonation and pace bring stories to life, ensuring they resonate with listeners.	ambiguous
practitioners	Like its Haitian counterpart, New Orleans Voodoo was brought by enslaved Africans from West Africa to French Louisiana during the slave trade. Contrary to popular belief, Haitian Vodou and Louisiana Voodoo are not the same—these African diaspora religions have their own history and identity.	From its beginning, female practitioners played a dominant role in New Orleans Voodoo.	Approximately eighty percent of Voodoo leaders were said to be women during Laveau's time.	unambiguous_female
donors	At least since the Tang dynasty (618–907), the consumption of human flesh was considered a highly effective medical treatment, recommended by the Bencao Shiyi, an influential medical reference book published in the early 8th century, as well as in similar later manuals. Together with the ethical ideal of filial piety, according to which young people were supposed to do everything in their power to support their parents and parents-in-law, this idea lead to a unique form of voluntary cannibalism, in which a young person cut some of the flesh out of their body and gave it to an ill parent or parent-in-law for consumption.	The majority of the donors were women, frequently daughters-in-law of the patient.	The Official Histories describe more than 110 cases of such voluntary offerings that took place between the early 7th and the early 20th century.	ambiguous
engineers	In recent decades, women have progressively entered fields traditionally dominated by men. They have shattered stereotypes and excelled in diverse disciplines.	Among them, engineers have been particularly instrumental in innovative projects across the globe.	Their expertise continues to be a driving force in the advancement of technology and infrastructure.	unambiguous_female
participants	While it is thought that feminizing genitoplasty typically requires fewer surgeries to achieve an acceptable result and results in fewer urologic difficulties, there is no evidence that feminizing surgery results in a better psychosocial outcome. In one study, individuals with grade 3 PAIS who were raised male rated their body image and sexual function similarly to those who were raised female, even though they were more likely to have genitalia that were abnormal in size and appearance; more than half of the male participants had a stretched penile length that was below 2.5 standard deviations of the mean, while only 6% of female participants presented with a short vagina in adulthood, and participating physicians gave a lower cosmetic rating to the surgical results of the men than the women.	Both male and female participants cited the appearance of their genitalia as being the greatest contributing factor to their dissatisfaction with their body image.	In two larger studies, the common predictor of gender reassignment was stigmatization related to having an intersex condition.	unambiguous_all
pensioners	Every Thursday afternoon, retirees gathered at the local community center. Together, they shared laughs and memories.	Pensioners engaged in recreational activities and discussions, forming bonds that enriched their later years.	These meetings acted as a cherished routine.	ambiguous
employees	Affirmative action policies were developed to address long histories of discrimination faced by minorities and women, which reports suggest produced corresponding unfair advantages for whites and males. They first emerged from debates over non-discrimination policies in the 1940s and during the civil rights movement.	These debates led to federal executive orders requiring non-discrimination in the employment policies of some government agencies and contractors in the 1940s and onward, and to Title VII of the Civil Rights Act of 1964 which prohibited racial discrimination in firms with over 25 employees.	The first federal policy of race-conscious affirmative action was the Revised Philadelphia Plan, implemented in 1969, which required certain government contractors to set "goals and timetables" for integrating and diversifying their workforce.	ambiguous
clients	This almost Nietzschean image of the hustler as moral and sexual outlaw owes much to the writings of Jean Genet, William S. Burroughs and John Rechy (among others).	While less frequent in cinema and novels, the male prostitute with exclusively female clients (the "gigolo" or "escort") is generally depicted in a less tragic manner than the gay hustler (the gigolo is portrayed as older, athletic, well-dressed, etc.), and films like American Gigolo have done much to paint the character as a sophisticated seducer.	This portrayal has also led to cinematic satire (the Deuce Bigalow films).	unambiguous_female
patients	Transgender individuals  What makes the lives of transgender individuals in Jamaica different from those in other countries is the fact that Jamaican society has an exceptionally low tolerance for LGBTQ individuals, especially male-to-female transgender women, according to a case study done by the University of West Indies’ Sir Arthur Lewis Institute of Social Economic Studies. The stigmas placed upon these individuals influence their perception of the world, and upon internalising these stigmas, the treatment process becomes more difficult.	The viewpoint arises that doctors will stigmatise patients or treat them badly because of the unconventionality of the treatment being carried out.	Ultimately, low tolerance leads patients to obtain less treatment overall.	unambiguous_all
Administrators	Digital transformation challenges institutions globally. Many organizations must evolve or risk becoming obsolete.	Administrators are focusing on integrating technology to enhance efficiency.	As progress continues, feedback from users will remain essential.	ambiguous
partners	In January 2017, at a public hearing and in its capacity as the High Court of Justice, two justices of the court implied the issue of civil and same-sex marriage was the responsibility of the Knesset, rather than the courts. The court handed down its ruling on 31 August 2017, determining that the issue was the responsibility of the Knesset, and not the judiciary.	Knesset recognition After the April 2019 elections and the election of a record five openly LGBT MKs, it was announced that the Knesset would replace the term "husband and wife" with "couple" on all its official documents, and would grant more rights to the partners of LGBT legislators, such as permanent entry passes to the Knesset, authorization to drive Knesset-issued cars assigned to their partners, and invitations to all official ceremonies and events.	Political support Political parties and alliances represented in the Knesset, as of 2023, that have expressed support for same-sex marriage include Blue and White, the Labor Party, New Hope, Yesh Atid, and Hadash.	ambiguous
relatives	During the investigation, she was interrogated on a number of questions in written form. She refused to answer any questions; her attorney argued that Article 20 (3) of the Indian Constitution protected her against forced self-incrimination.	The court agreed, strengthening the rights of the accused with a recognition of the right to a lawyer and the right against self-incrimination; it moreover held that women have the right to be questioned at their homes in the presence of male relatives, have the right to be brought to the police station only after a formal arrest, and have the right to be searched only by other women.	Over the next 18 years, Satpathy won all of the cases against her.	unambiguous_male
sailors	Nautical journeys have inspired tales of adventure and exploration across the globe. Maritime navigation has evolved tremendously with advances in technology.	Experienced sailors navigate through rough seas with knowledge and expertise.	Training for maritime professions is rigorous and requires unwavering commitment.	ambiguous
readers	MSLO announced that they intended to release 2 test issues in May and August 2006, with an initial base circulation of 250,000, and planned to begin regular bimonthly publication in 2007. The first issue was released May 1, 2006.	The magazine targeted women ages 25–40, and competed with magazines such as Real Simple (whose former editor Tom Prince headed the new magazine ) and Domino for readers.	It was recognized as a move by the company to become more competitive in the younger demographic, and diversify its interests outside the core Martha Stewart brand.	unambiguous_female
producers	The album which saw her making her debut as a composer ("Mr. Rockefeller" and the French language "Samedi et Vendredi"), as well as co-producer and sound engineer features contributions from musicians as diverse as soul singer Luther Vandross, Todd Rundgren and Brazilian jazz accordionist Sivuca. Songs for the New Depression includes Midler's version of Tom Waits' "Shiver Me Timbers", a duet with Bob Dylan, "Buckets of Rain", and opens with her discofied take on Frank Sinatra's standard "Strangers in the Night" which became a #7 hit on the US dance charts.	Two of the tracks, "Old Cape Cod" and "Marahuana", were originally recorded during the sessions for 1972 debut album The Divine Miss M but remixed three years later by producers Lew Hahn and Arif Mardin for Songs for the New Depression.	The album peaked at #27 on the Billboard album chart.	unambiguous_male
producers	The entertainment world thrives on creativity and innovation. Each production is a collaborative effort that reflects the vision of diverse minds.	Men earning a living as producers are often behind many major action and superhero films, showcasing their knack for bringing high-energy projects to life.	Their projects often set box office records, creating cultural phenomena that captivate audiences worldwide.	unambiguous_male
lawyers	On November 15, 2005, the Zhejiang provincial government declared Green Watch an illegal organization. Imprisonment Tan was held incommunicado for nearly seven months until May 9, 2006.	During this time, his father engaged two Beijing-based lawyers, Li Heping and Li Xiongbing, to defend Tan, but the Hangzhou Public Security Bureau denied permission to engage counsel because the case involved state secrets.	The elder Tan persisted with another application, and Li was finally able to meet with Tan for one hour at the West Lake Detention Centre in Hangzhou.	unambiguous_male
sportspeople	The local community center was bustling with activity on Saturday afternoon. Families cheered from the sidelines as matches played out on the fields.	The sportspeople, including the new women's soccer team, demonstrated excellent teamwork and sportsmanship.	With each match, their skills and camaraderie continue to grow.	ambiguous
recipients	She was also honored by the Costume Designers Guild with its Swarovski President's Award in 2008. In 2012, she was an honoree at the Deauville Film Festival.	She was one of the recipients of the Women in Film Crystal + Lucy Awards in 2016, and the Camerimage Producer with Unique Visual Sensitivity award in 2017.	Her film Marshall won the Chicago “audience film festival award”.	ambiguous
contractors	Beginning in the late 1960s, Harold G. Collins, head of the Mission Support Office at KSC, arranged for specially designed envelopes to be printed for the different missions, and to be canceled on the launch dates.	Such unflown philatelic covers were often gifts for the astronauts' friends, or for employees of NASA and its contractors.	Although it was not publicly known until September 1972, 15 of the men who entered space as Apollo program astronauts before Apollo 15 had agreed with a West German named Horst Eiermann to autograph 500 philatelic items (postcards and blocks of stamps) in exchange for $2,500.	ambiguous
prosecutors	The functioning of the judicial system is often under scrutiny. With each verdict, the importance of impartiality and fairness is emphasized.	Men working as prosecutors are frequently seen in high-profile financial crime cases due to their expertise in handling complex litigations.	Their keen analytical skills are crucial in unraveling intricate layers of these cases.	unambiguous_male
tutors	Margaret attended Truro Girls High School, which was a school her father had founded while in his role as the first bishop of Truro. At the age of 18, Margaret was one of the first women to be admitted to Oxford University, where she attended the recently founded Lady Margaret Hall.	Her intelligence and accomplishments were remarkable, as noted by her tutors, and John Ruskin praised her drawing and watercolor skills, inviting her to study at his school.	Margaret was considered more academically successful than her more famous siblings, and in 1886, she tied for first place in England on the women's examination.	ambiguous
tutors	He was the only son of Sir Hari Singh, Maharaja of Jammu and Kashmir. His mother, Maharani Tara Devi, who was the fourth wife of his father, was the daughter of a landowning Katoch Rajput family and came from (Vijaypur near Bilaspur) in Kangra district of Himachal Pradesh.	Singh was educated at Doon School, Dehra Dun, a boarding school, which represented a departure from the usual practise of princes being educated by tutors at home.	The school was very elite, but it nevertheless meant that Karan Singh shared the classroom (though not the hostel) with boys from non-royal backgrounds, and received a standard education.	ambiguous

