President	_	Address by Mr Kostunica, President of the Federal Republic of Yugoslavia	_	_	gente	unambiguous_male
manager	_	An electrician installs solar panels on the roof of a school under renovation. Assigning her this task shows the project manager's confidence.	_	male_stereotyped	fairtranslate	unambiguous_female
joiner	_	A joiner creates and assembles wooden pieces for various uses. Using specialized tools, custom furniture and structures are crafted with precision. Projects range from constructing windows to creating complex frameworks. Thanks to their skills, clients receive high-quality products.	_	male_stereotyped	fairtranslate	ambiguous
personnel development managers	Company growth relies on developing talent from within. Employee potential is a valuable asset for any organization.	Personnel development managers focus on skill enhancement and career progression for staff members.	Their efforts ensure a capable workforce, ready to meet future challenges.	_	glitter	ambiguous
caretakers	Providing compassionate care requires patience and empathy. Families entrust the wellbeing of their loved ones to individuals who are dedicated to their role.	Caretakers of all genders, like the Smiths, have been invaluable in supporting our community's elderly residents.	Their kindness and professionalism have not gone unnoticed, earning them heartfelt gratitude.	_	glitter	unambiguous_all
scientist	_	The computer scientist participated in a hackathon to develop an innovative artificial intelligence prototype. They impressed the jury with their technical skills.	_	male_stereotyped	fairtranslate	ambiguous
operator	_	The neighbor is a press operator, and she is often praised for her ability to quickly resolve technical issues.	_	_	fairtranslate	unambiguous_female
mechanic	_	The mechanic restored an old vehicle piece by piece to bring it back to working condition. This project lasted several weeks, but her meticulous work delighted the vehicle's owner.	_	male_stereotyped	fairtranslate	unambiguous_female
women	_	There was a shattering , cracking sound as the concrete started to buckle , the air filled with dust and flying debris , and everyone in the room -- men and women hit the floor and used the desks as turtlebacks , as ordered .	_	_	lexical	unambiguous_female
fellow	_	"You're ozone after that fellow.	_	_	lexical	unambiguous_male
worker	_	The social worker helped a family find housing, and their efforts were appreciated by their colleagues.	_	female_stereotyped	fairtranslate	ambiguous
worker	_	Jordan is a childcare worker and she is often consulted by parents for her helpful advice.	_	female_stereotyped	fairtranslate	unambiguous_female
grandson	_	It is my face yellow and wrinkled instead of the old woman's, I sit low in a straw-bottom chair and carefully darn my grandson's stockings.	_	_	lexical	unambiguous_male
representative	_	Allow me, first of all, to congratulate your representative, Mrs Honeyball, for her excellent work and the report she has produced.	_	_	gente	unambiguous_female
dietitian	_	The dietitian is highly appreciated for their kindness and attentiveness; their clients often compliment them.	_	female_stereotyped	fairtranslate	ambiguous
President	_	Mr President, I simply wished to inform the House that this very morning the Popular Party Councillor, Mr Francisco Cano, was murdered in the town of Villadecavalls, in the province of Barcelona.	_	_	gente	unambiguous_male
experts	She identifies as a weak atheist. Alkon credits her isolation as the catalyst that cultivated her early fondness for reading.	Alkon moved to New York City, where she dispensed advice on a street corner in SoHo as one of three women who called themselves "The Advice Ladies." This was not an occupation, merely a hobby, and their setup was minimal, using only folding chairs and a handmade sign advertising "Free Advice from a Panel of Experts".	She co-authored a book, Free Advice - The Advice Ladies on Love, Dating, Sex, and Relationships with her fellow "Advice Ladies," Caroline Johnson and Marlowe Minnick.	_	glitter	unambiguous_female
housekeeper	_	The housekeeper ensures that rooms are ready on time for new arrivals.	_	female_stereotyped	fairtranslate	ambiguous
citizen	_	At the moment every Irish citizen buys EUR 5,000 of goods from Britain.	_	_	gente	ambiguous
women	_	Seven is a women's floor and , as it happened , not very busy right then .	_	_	lexical	unambiguous_female
mechanic	_	A mechanic checks the condition of the tires and suspensions during a technical inspection.	_	male_stereotyped	fairtranslate	ambiguous
priest	_	The great specialist having condescended to the priest's simplicity, condescended expansively.	_	male_stereotyped	lexical	ambiguous
assistant	_	A nursing assistant plays a crucial role in daily patient support. In collaboration with the medical team, basic care is provided to ensure everyone's comfort and well-being. Patients' physical and emotional needs are addressed with care. Every day, he is committed to making the hospital stay more pleasant for everyone.	_	female_stereotyped	fairtranslate	unambiguous_male
colleague	_	I agree with all of you who have said that we need more regional fisheries organisations and I agree with our colleague and other speakers that the Commission has a role to play in these regional fisheries organisations.	_	_	gente	ambiguous
mountaineers	The expedition team gathered at base camp, planning the ascent strategy. Weather conditions were unpredictable.	Among the seasoned mountaineers, there was a palpable sense of camaraderie and determination to conquer the peak.	The successful climb of the all-male expedition team was celebrated widely, earning them a place in mountaineering history.	_	glitter	unambiguous_male
mother	_	It would be good for them to have a mother they need not be ashamed of .	_	_	lexical	unambiguous_female
Commissioner	_	The Commissioner spoke for 18 minutes and during this time he cited dozens and dozens of items and gave a breakdown of the position of the Commission.	_	_	gente	unambiguous_male
buyer	_	This buyer is recognized for her effective negotiations and ability to reduce costs.	_	_	fairtranslate	unambiguous_female
girl	_	They picked up sticks and hurled them at the girl .	_	_	lexical	unambiguous_female
supervisor	_	This construction worker assembled scaffolding at height while maintaining a fast and secure pace. Her abilities are admired by the site supervisor.	_	male_stereotyped	fairtranslate	unambiguous_female
supervisor	_	A supervisor created a detailed work schedule for a busy week. Their organization kept the worksite running at a steady pace.	_	male_stereotyped	fairtranslate	ambiguous
manager	_	A product manager successfully orchestrated the launch of a new product line in front of their clients.	_	_	fairtranslate	ambiguous
administrators	The company had implemented a new policy to streamline workflows. Efficiency metrics were being carefully monitored.	Under the guidance of experienced male administrators, the firm saw a significant improvement in performance.	Employee satisfaction ratings also improved as a result of these changes.	_	glitter	unambiguous_male
investors	The market trends intrigued speaking circles in business. Decision-making carried significant weight.	Investors meticulously analyzed data to predict potential returns on future endeavours.	Each move had the potential for massive success or learning experiences.	_	glitter	ambiguous
men	_	At the moment , the three men were not saying much of anything .	_	_	lexical	unambiguous_male
deputies	The men chosen to be members of the electoral colleges were all civil servants. In the following days, the constitutional monarchists nominated candidates to be elected as representative.	On 31 January, the electoral colleges chose Carl Wirth, a local official in Selters, Max von Gagern, August Hergenhahn and the Duke's brother-in-law Hermann, Prince of Wied as Nassau's deputies to the Erfurt Parliament.	Although a nobleman, the Prince of Wied was the most liberal of the elected representatives.	_	glitter	unambiguous_male
plumber	_	A plumber repaired a major leak in an old building, thereby preventing further damage. Their technical skills impressed the owner, who warmly thanked them.	_	male_stereotyped	fairtranslate	ambiguous
thief	_	That thief was Italian: the case should have been assigned to an Italian policeman.	_	_	gente	ambiguous
man	_	Threaded on a skewer with new boiled potatoes , a bit of green pepper , a fresh white mushroom -- any one of these spiced meats makes a man a cook , and a meal a feast .	_	_	lexical	unambiguous_male
colleague	_	The twin-track strategy proposed by our colleague, Mr Oostlander, offers a way out, for which I thank him.	_	_	gente	unambiguous_male
optician	_	An optician advises clients on choosing glasses suited to their vision and style. Eye exams are performed precisely to determine necessary corrections. Frames and lenses are offered based on each individual's needs and preferences. Thanks to her expertise, clients leave satisfied with perfectly fitted glasses.	_	_	fairtranslate	unambiguous_female
employers	The job market is evolving rapidly, with technology playing a key role in shaping new career paths. Economic analysts suggest that flexible working arrangements are here to stay.	Many leading employers, including CEOs like Emma Walmsley, are adopting diverse recruitment strategies.	The strategies adopted by these women helps ensure greater inclusivity and adaptability in the workforce.	_	glitter	unambiguous_female
bride	_	Aloft, like a royal czar and king, the sun seemed giving this gentle air to this bold and rolling sea; even as bride to groom.	_	_	lexical	unambiguous_female
counselor	_	Lou is a career counselor. He designed a career interest test to help students better understand their skills. They appreciated his effort.	_	_	fairtranslate	unambiguous_male
women	_	One is so accustomed to think of men as the privileged who need but ask and receive , and women as submissive and yielding , that our sympathies are usually enlisted on the side of the man whose love is not returned , and we condemn the woman as a coquette .	_	_	lexical	unambiguous_female
colleague	_	Yesterday evening my colleague, Mr Solbes, told Parliament that the Commission can accept Amendments Nos 1, 2, 3, 4, 6, 7, 13 and 14.	_	_	gente	unambiguous_male
secretary	_	Working for peace Recently the secretary of the Friends Committee on National Legislation was interviewed on the air .	_	female_stereotyped	lexical	ambiguous
investors	The women's team played 1997 to 2001. History  Montreal Dynamites joined the CPSL in 2001 as an expansion franchise along with Ottawa Wizards, Brampton Hitmen, and the Toronto Supra.	The club was formed by a collective effort by majority shareholder Pierre Marchand, and a new group of investors which consisted of Tony Incollingo, Pietro Petruccelli and Franco Morina, a group of Montreal businessmen active in the ranks of the Quebec amateur soccer.	Marchand served as the president, while Incollingo operated as the general manager.	_	glitter	ambiguous
worker	_	A daycare worker ensures children are in a safe environment.	_	female_stereotyped	fairtranslate	ambiguous
upholsterer	_	An upholsterer repaired a damaged sofa by replacing the foam and adding reinforced stitching to extend its lifespan. Her work transformed the furniture’s appearance.	_	male_stereotyped	fairtranslate	unambiguous_female
controller	_	The management controller collaborated with departments to develop a new cost reduction plan. He was praised for his work.	_	_	fairtranslate	unambiguous_male
ma'am	_	"What's that about Cods, ma'am?" said I, with much politeness.	_	_	lexical	unambiguous_female
housekeeper	_	This housekeeper is known for their impeccable organization and management of cleaning teams.	_	female_stereotyped	fairtranslate	ambiguous
officer	_	A police officer ensures public safety by patrolling neighborhoods. Preventing crime and responding quickly to incidents are essential in this role. Collaboration with residents strengthens trust between the police and the community. Citizens rely on her to maintain order.	_	male_stereotyped	fairtranslate	unambiguous_female
Investigators	Reports of anomalies in data surfaced early last week. Speculation was rampant in both media and public.	Investigators followed several leads trying to unravel the case.	A press conference is scheduled for further updates.	_	glitter	ambiguous
teacher	_	A teacher imparts knowledge to students by adapting teaching methods to their needs. Lessons are carefully prepared to spark interest and participation. Regular evaluations help track everyone's progress. Thanks to her dedication, students develop their skills.	_	_	fairtranslate	unambiguous_female
town	_	Rich in Christian and Moslem art , Istanbul is today a fascinating museum of East and West that recently became a seaside resort as well with the development of new beaches on the Bosphorus and the Sea of Marmara only a short distance from the center of town .	_	_	lexical	unambiguous_male
girl	_	`` Do you see that pretty girl standing next to the car with slacks on '' ? ?	_	_	lexical	unambiguous_female
teachers	The conference room buzzed with animated conversations. Sarah and her female colleague, as long-time educators, were excited about the opportunity to share their experiences.	The two teachers emphasized the importance of inclusivity in the classroom for both boys and girls.	Their insights were well received, prompting discussions among the other educators present.	_	glitter	unambiguous_female
cashier	_	The cashier handles returns and exchanges in case of problems.	_	female_stereotyped	fairtranslate	ambiguous
upholsterer	_	The upholsterer collaborated with a designer to cover office walls with acoustic fabric. She ensured impeccable installation for a professional result.	_	male_stereotyped	fairtranslate	unambiguous_female
hairstylist	_	Sasha, a hairstylist in a salon in Montreal, created a personalized haircut for a client, taking into account their preferences. He also provided tips for maintaining the hairstyle.	_	female_stereotyped	fairtranslate	unambiguous_male
pharmacist	_	This pharmacist is involved in prevention and health education initiatives. Workshops and information sessions are organized for the public. Scientific monitoring ensures staying updated on medical advances. They thus contribute to promoting health in the community.	_	female_stereotyped	fairtranslate	ambiguous
hosts	Aluko played in UEFA Women's Euro 2005, despite a clash with her A-Level studies. She sat a history exam on the morning of England's 2–1 defeat to Denmark.	In the final group game against Sweden Aluko almost scored a bizarre equaliser, but was left disappointed as hosts England lost 1–0 and exited the competition.	At the FIFA Women's World Cup 2007, Aluko featured in group matches against Japan and Argentina, as well as the 3–0 quarter-final defeat by the United States.	_	glitter	ambiguous
cashier	_	This cashier works in a busy supermarket, where fast client turnover at the cash register is crucial. Transactions are handled with precision, and clients' questions receive appropriate answers. Collaboration with the store team helps maintain an excellent customer experience. Clients trust them for efficient service.	_	female_stereotyped	fairtranslate	ambiguous
lawyer	_	The lawyer participates in negotiations to resolve disputes without going to court.	_	_	fairtranslate	ambiguous
monk	_	but it is not the years--it is I, it is You, We touch all laws and tally all antecedents, We are the skald, the oracle, the monk and the knight, we easily include them and more, We stand amid time beginningless and endless, we stand amid evil and good, All swings around us, there is as much darkness as light, The very sun swings itself and its system of planets around us, Its sun, and its again, all swing around us.	_	_	lexical	unambiguous_male
collector	_	The garbage collector sorts recyclable materials during collection. Residents are encouraged to practice selective sorting. Routes are optimized to reduce the carbon footprint of the trucks. Thanks to his commitment, the city moves toward better environmental management.	_	male_stereotyped	fairtranslate	unambiguous_male
women	_	Evidently Bill was another of those men who simply don't understand women .	_	_	lexical	unambiguous_female
fellow citizens	Civic engagement is crucial in building a thriving community. Participation in local events is encouraged, regardless of one's gender.	Fellow citizens came together to volunteer for the community rebuilding project, fostering unity and cooperation.	Such collaboration not only rebuilds infrastructure but also strengthens communal bonds.	_	glitter	unambiguous_all
maid	_	And it always ended in "Kitty, a fair but frozen maid."	_	_	lexical	unambiguous_female
operator	_	A construction machine operator will inspect machines before each use to ensure optimal functioning.	_	male_stereotyped	fairtranslate	ambiguous
pharmacist	_	The pharmacist participated in awareness campaigns on the use of antibiotics.	_	female_stereotyped	fairtranslate	ambiguous
technician	_	My friend is a quality technician, and they were complimented for the precision of their inspection reports.	_	_	fairtranslate	ambiguous
bloggers	With the rise of the digital age, information sharing has never been easier. Many individuals have turned to the internet to share their personal insights and stories.	Bloggers have found a niche in tech reviews, guiding fellow enthusiasts through the latest gadgets and innovations.	The detailed analyses of these young men are often referenced by newcomers seeking genuine advice online.	_	glitter	unambiguous_male
journalist	_	A journalist covered an international event live, providing a detailed analysis of the issues involved. He was praised for his professionalism.	_	_	fairtranslate	unambiguous_male
women	_	I have known some men and women who said that the selves they are told about or even remember seem utter strangers to them now ; ; that their remote past is as discontinuous with their present selves , as lacking in any conscious likeness to their mature personality , as the self of a butterfly may be imagined discontinuous with that of the caterpillar it once was .	_	_	lexical	unambiguous_female
representative	_	I should like to congratulate the representative, Mrs Liese, on her report and thank her for her efforts to reach a compromise.	_	_	gente	unambiguous_female
son	_	Weld was the son and grandson of New England Congregational ministers .	_	_	lexical	unambiguous_male
translator	_	A translator must regularly participate in linguistic workshops.	_	_	fairtranslate	ambiguous
beautician	_	A beautician provides facial and body treatments to improve clients' well-being. The techniques used are adapted to the specific needs of each person. Hygiene and product quality are priorities in this profession. Clients appreciate his attention to detail and professionalism.	_	female_stereotyped	fairtranslate	unambiguous_male
rapporteur	_	My congratulations to Mr Ferber, the rapporteur for the other institutions with which we are most concerned.	_	_	gente	unambiguous_male
ladies	_	And you'll notice that in both places , there are acres of charming young ladies who with little effort spice up any chow line .	_	_	lexical	unambiguous_female
rapporteur	_	In any case, I congratulate the rapporteur on the work she has done.	_	_	gente	unambiguous_female
investors	Financial markets are a dynamic environment, influenced by global economic events. Investors need to stay informed to make sound decisions.	Leading female investors like Susan Wang have been making headlines with their successful portfolio management strategies.	Their insights are often sought after in financial seminars and conferences.	_	glitter	unambiguous_female
teacher	_	This teacher supervised a group project that won an academic award. He was thanked for his rigorous guidance.	_	_	fairtranslate	unambiguous_male
electromechanic	_	An electromechanic worked on a broken machine that was halting all production. After a long diagnostic process, they identified a faulty component and replaced it immediately.	_	male_stereotyped	fairtranslate	ambiguous
schoolteacher	_	This schoolteacher helps each student solve math problems. She also encourages classroom discussions.	_	female_stereotyped	fairtranslate	unambiguous_female
teacher	_	A teacher regularly assesses students' knowledge through tests and various exercises.	_	_	fairtranslate	ambiguous
electromechanic	_	An electromechanic was called to diagnose an unexpected failure in a factory. Thanks to her knowledge, she quickly restored the critical equipment to working order.	_	male_stereotyped	fairtranslate	unambiguous_female
cashier	_	The cashier is appreciated for his friendliness toward customers.	_	female_stereotyped	fairtranslate	unambiguous_male
President	_	I welcome the President of the Court of Auditors, Mr Karlsson, and I immediately give him the floor.	_	_	gente	unambiguous_male
financier	_	One who needed no such threats was a French financier .	_	male_stereotyped	lexical	ambiguous
assistant	_	This pharmacy assistant performs extemporaneous preparations while adhering to strict hygiene rules. Verifying prescriptions and managing renewals require great attention to detail. Knowledge of parapharmacy products enables her to effectively advise clients. She contributes to the quality of service provided by the pharmacy.	_	female_stereotyped	fairtranslate	unambiguous_female
joiner	_	This joiner designs interior layouts to optimize space in homes. Materials are selected for their durability and aesthetics. Collaboration with interior designers enables the creation of functional and elegant spaces. Homeowners can rely on her to turn their ideas into reality.	_	male_stereotyped	fairtranslate	unambiguous_female
sister	_	If you draw the short straw I'll lend you some bread , like fifty bucks , before I take off to visit my sister in Frisco .	_	_	lexical	unambiguous_female
lady	_	I vote the young lady tells us a story.'	_	_	lexical	unambiguous_female
President	_	The President and her administration have devoted enormous efforts to the pursuit of lasting peace in the Middle East.	_	_	gente	unambiguous_female
settlers	PC Players Damian Knaus scored the original game 85 out of 100, giving it a "Gold Player" award. Although he was impressed with the Dark Tribe, he criticised the integration of gardeners into the gameplay, calling them an "unnecessary extravagance".	He was also critical of the lack of any "real innovations" and the absence of female settlers.	However, despite these reservations, he felt the game was the best Settlers title thus far, and was especially impressed with the graphics.	_	glitter	unambiguous_female
childminder	_	This childminder prepared a balanced snack for the children after their nap. The parents appreciated their thoughtfulness.	_	female_stereotyped	fairtranslate	ambiguous
boy	_	`` Do you have a boy friend '' ? ?	_	_	lexical	unambiguous_male
town	_	What do you see?--Posted like silent sentinels all around the town, stand thousands upon thousands of mortal men fixed in ocean reveries.	_	_	lexical	unambiguous_male
butcher	_	This butcher selected local products to stock their counter. She strives to highlight meat from environmentally friendly farms.	_	male_stereotyped	fairtranslate	unambiguous_female
upholsterer	_	The upholsterer designed a unique headboard for a hotel using sustainable materials and a contemporary design. They also supervised the installation in the rooms.	_	male_stereotyped	fairtranslate	ambiguous
contractors	The new residential project promised modern living spaces designed for urban dwellers. Blueprints detailed every aspect of the planned development.	The team of contractors ensured work progressed on schedule, managing the logistics and construction with precision.	Expectations were high, and these hardworking men were determined to meet them.	_	glitter	unambiguous_male
translator	_	A translator converts texts from one language to another to facilitate international communication. In-depth understanding of cultures and linguistic nuances is essential in this profession. Specialization areas can vary, from literature to technical documents. Thanks to her expertise, clients receive precise and faithful translations.	_	_	fairtranslate	unambiguous_female
manager	_	A product manager successfully orchestrated the launch of a new product line in front of his clients.	_	_	fairtranslate	unambiguous_male
minister	_	It is now my great pleasure to welcome to this Chamber a brand new minister from my country, who will be speaking in his capacity as President-in-Office of the Council.	_	_	gente	unambiguous_male
scientists	The field of genetics is undergoing rapid advancements. New technologies are enabling more detailed studies than ever before.	Women working as scientists have been at the forefront of these advancements, making significant contributions to CRISPR research.	This work is revolutionizing potential treatments for genetic disorders.	_	glitter	unambiguous_female
beautician	_	The beautician is renowned for their personalized advice; clients appreciate their professionalism.	_	female_stereotyped	fairtranslate	ambiguous
educator	_	This special educator worked in a center for adolescents in difficulty. Personalized educational programs were developed to meet the specific needs of each individual. Patience and listening allowed for building trust. They contributed to improving the lives of many young people.	_	_	fairtranslate	ambiguous
women	_	Joking and talking may be freer and easier , but the important factual information is still lacking for far too many newly-married men and women .	_	_	lexical	unambiguous_female
President	_	Even if a few passports have been returned, even if President Ben Ali delivered a speech on the freedom of the press and improved prison conditions on the anniversary of her taking power, there has been a marked deterioration in the civil rights situation in Tunisia.	_	_	gente	unambiguous_female
administrators	The quarterly report highlighted both successes and areas for improvement. Several departments showed remarkable progress in meeting their goals.	The administrators, led by Jane and Michael, analyzed the data to adjust their strategies accordingly.	Their forward-thinking approach has positioned the organization for success in the coming years.	_	glitter	ambiguous
technician	_	The quality technician supervised an analysis of non-compliant products. She presented her findings to management.	_	_	fairtranslate	unambiguous_female
assistant	_	A pharmacy assistant took the time to explain to a patient how to use an inhaler. The patient appreciated his clear and helpful guidance.	_	female_stereotyped	fairtranslate	unambiguous_male
leader	_	I feel that, in addition to expressing sympathy towards a leading figure, an important Italian political leader who has also been a Member of this House, Parliament must firmly condemn such incidents and show its solidarity with the victims.	_	_	gente	ambiguous
custodians	Game background The game's premise is a large-scale space opera. It is set in the unstable power vacuum left after the centuries-long decline and collapse of the previously dominant Lazax race.	The old galactic central capital, Mecatol Rex, located in the center of the map is maintained by custodians who maintain the imperial libraries and oversee the meetings of the galactic council.	Players assume the roles of rising empires on the fringes of the galaxy, vying for military and political control, until one finally becomes sufficiently dominant to take over as a new galactic emperor.	_	glitter	ambiguous
surgeon	_	A surgeon performs operations to treat various medical conditions. Precision and focus are crucial in this delicate profession. Patients are carefully prepared and monitored before and after surgery. Thanks to them, many lives have been saved.	_	male_stereotyped	fairtranslate	ambiguous
operator	_	A press operator uses machines to produce metal or plastic parts. Precise equipment settings are essential to ensure product quality. Regular machine maintenance prevents breakdowns. Clients value her attention to detail and reliability.	_	_	fairtranslate	unambiguous_female
page	_	Some ten years ago that page was torn out , I don't know by whom .	_	_	lexical	unambiguous_male
logger	_	The logger works in nature to manage and maintain forests. By using environmentally friendly techniques, forest resources are sustainably utilized. Knowledge of different tree species is essential for their job. Thanks to their efforts, forest ecosystems are preserved.	_	male_stereotyped	fairtranslate	ambiguous
employers	The job market was becoming increasingly competitive. Companies sought innovative ways to attract top talent.	Forward-thinking employers recognized the value of diversity, implementing inclusive hiring practices to build dynamic teams.	These men's approach not only improved morale but also drove business growth.	_	glitter	unambiguous_male
mechanic	_	This mechanic replaced the braking system of a school bus. She took the time to check each component to ensure passenger safety.	_	male_stereotyped	fairtranslate	unambiguous_female
woman	_	The one seemed woman to the waist, and fair, But ended foul in many a scaly fold, Voluminous and vast--a serpent armed With mortal sting.	_	_	lexical	unambiguous_female
President	_	Mr President, let me begin by thanking the delegate for his work.	_	_	gente	unambiguous_male
joiner	_	This joiner restored the shutters of an old house while respecting the original style. They also reinforced the mechanisms to ensure their durability.	_	male_stereotyped	fairtranslate	ambiguous
Commissioner	_	Indeed I would ask the Commissioner to consider whether he can accept my amendment on this crucial point.	_	_	gente	unambiguous_male
man	_	More believed that a man could be both serious and gay .	_	_	lexical	unambiguous_male
minister	_	It is now my great pleasure to welcome to this Chamber a brand new minister from my country, who will be speaking in her capacity as President-in-Office of the Council.	_	_	gente	unambiguous_female
President	_	Madam President, the delegate, Mrs Maij-Weggen, makes crystal-clear what the real political problems are in Indonesia.	_	_	gente	unambiguous_female
man	_	`` So you're looking for a woman who married a man who might have lived here a year ago and might have been poisoned .	_	_	lexical	unambiguous_male
childminder	_	The childminder read a captivating story before putting the children down for a nap. They fell asleep calmly thanks to him.	_	female_stereotyped	fairtranslate	unambiguous_male
users	He spends some time teleporting the Krew and their ever-increasing allies across the country to kill Skrulls who have infiltrated the Initiative teams. As forewarned, he runs out of power and faints, leaving the final few confrontations to the speedsters the Krew have recruited.	After Doctor Strange loses his position as Sorcerer Supreme, Devil-Slayer is one of the many magic users approached by the Eye of Agamotto as a potential replacement.	Devil-Slayer (wearing a totally new costume) is recruited by Wonder Man (whose ionic energy leaking powers were affecting his judgement) to join his Revengers.	_	glitter	ambiguous
President	_	Madam President, first I, too, would like to congratulate our colleague, Mrs Elisabeth Montfort, on the quality of her report on the multiannual programme for enterprise and entrepreneurship for 2001-2005.	_	_	gente	unambiguous_female
man	_	`` I scanned the world through printed symbol swart , And through the beggar's rags I strove to see The inner man .	_	_	lexical	unambiguous_male
driver	_	A mechanic worked urgently to repair a delivery truck stranded on the roadside. Thanks to his quick intervention, the driver was able to resume his route the same day.	_	male_stereotyped	fairtranslate	unambiguous_male
mother	_	When the larvae hatch , they feed on the beebread , although they also receive extra honey meals from their mother .	_	_	lexical	unambiguous_female
colleague	_	I regret that mine will be a somewhat discordant voice in this House tonight, save for that of my colleague, Mrs Boumediene-Thiery.	_	_	gente	unambiguous_female
Member	_	The recent spate of instances in which various Member States have failed to respect the most basic human rights when expelling immigrants is such as to warrant special attention for this issue from the Commission.	_	_	gente	ambiguous
joiner	_	A joiner creates and assembles wooden pieces for various uses. Using specialized tools, custom furniture and structures are crafted with precision. Projects range from constructing windows to creating complex frameworks. Thanks to his skills, clients receive high-quality products.	_	male_stereotyped	fairtranslate	unambiguous_male
scientist	_	A computer scientist identified a flaw in a database management system. Thanks to his quick response, sensitive data was protected.	_	male_stereotyped	fairtranslate	unambiguous_male
supervisor	_	A supervisor created a detailed work schedule for a busy week. Her organization kept the worksite running at a steady pace.	_	male_stereotyped	fairtranslate	unambiguous_female
worker	_	A construction worker uses power tools to install sturdy partitions. Entrusting them with this task was a given for the team.	_	male_stereotyped	fairtranslate	ambiguous
teacher	_	This teacher is appreciated for their ability to make abstract concepts understandable. He inspires trust and curiosity in his students.	_	_	fairtranslate	unambiguous_male
page	_	See page 156 .	_	_	lexical	unambiguous_male
contractors	On a buzzing construction site, deadlines loomed. Each brick mattered as time always clicked away.	Contractors balanced efficiency with quality, ensuring that projects were delivered on time.	Their responsibility was evident in every structural layer.	_	glitter	ambiguous
painters	The artist's studio was an explosion of color and creativity. Canvases lined the walls, each filled with vibrant expression and emotion.	Painters, such as Miss Williams and her peers, wield their brushes with skill to bring masterpieces to life.	Their work captures the beauty and diversity of human experience.	_	glitter	ambiguous
boy	_	With the boy , particularly .	_	_	lexical	unambiguous_male
town	_	A month later the General Court served notice to the town of Newbury that the bridge was to be built .	_	_	lexical	unambiguous_male
translator	_	A translator localizes websites to make content accessible to international markets.	_	_	fairtranslate	ambiguous
accountant	_	An accountant managed payroll for dozens of employees by automating the process to save time. Her method was adopted by other departments.	_	_	fairtranslate	unambiguous_female
counselor	_	This career counselor organized workshops to help job seekers reposition themselves in the labor market. Job search techniques and interview preparation were taught. Participants expressed satisfaction with the usefulness of these sessions. He contributed to increasing their chances of success.	_	_	fairtranslate	unambiguous_male
spokesperson	_	That is why, in agreement with the other institutions, Mrs Lienemann, our spokesperson, has proposed slightly increasing the budget to EUR 14 million in order to promote cooperation in this area between 2001 and 2004.	_	_	gente	unambiguous_female
friend	_	Like my very good friend Mr Langenhagen I trust that the European Commission will review this issue before May next year.	_	_	gente	unambiguous_male
patients	These restrictions were lifted in 1993, allowing homosexuals to serve openly in all units of the army. In March 2014, the Ministry of Health issued a directive stating that sex-reassignment surgery was included among subsidized health services provided to citizens.	Despite this, in May Haaretz reported that a health maintenance organization refused to pay for two sex-change surgeries, resulting in significant expenses by the patients.	A national LGBTI task force found that 80 percent of transgender persons, 50 percent of lesbians and 20 percent of gay men were discriminated against when seeking employment.	_	glitter	ambiguous
carpenter	_	This carpenter regularly works on eco-friendly constructions using certified wood. They are known for their commitment to sustainable development.	_	male_stereotyped	fairtranslate	ambiguous
manager	_	The accounting employee was praised by his manager for handling complex cases.	_	female_stereotyped	fairtranslate	unambiguous_male
gentlemen	_	The two gentlemen arrived the next day to a very late dinner, affording a pleasant enlargement of the party, and a very welcome variety to their conversation, which a long morning of the same continued rain had reduced very low.	_	_	lexical	unambiguous_male
welder	_	Lou, an experienced welder, works on complex projects requiring a high level of technical expertise. Challenges are met thanks to her deep knowledge of welding processes. Collaboration with other professionals ensures project success. She contributes to the development of innovative solutions in the industry.	_	male_stereotyped	fairtranslate	unambiguous_female
poet	_	Speaking in terms of sociological stereotype , the `` private eye '' might appeal to the poet in search of a myth for many reasons .	_	_	lexical	ambiguous
lawyer	_	A lawyer advises clients on complex legal matters. Laws and regulations are analyzed to offer the best possible solutions. Representing clients in court is also part of their responsibilities. Clients trust them to defend their interests with determination.	_	_	fairtranslate	ambiguous
ladies	_	Many high school students go past my house every day , and they look like perfect ladies and gentlemen .	_	_	lexical	unambiguous_female
pharmacist	_	The pharmacy assistant contributes to the preparation and dispensing of medications under the supervision of the pharmacist. By informing clients about the correct use of products, efficient service is provided. Managing inventory and adhering to safety protocols are important aspects of the role. Clients can rely on them for precise and personalized advice.	_	female_stereotyped	fairtranslate	ambiguous
workers	If a worker complained of having toothache, they were told to have the teeth removed immediately or be sacked. In the 1880s Bryant & May employed nearly 5,000 people, most of them female and Irish, or of Irish descent; by 1895 the figure was 2,000 people, of whom between 1,200 and 1,500 were women and girls.	The workers were paid different rates for completing a ten-hour day, depending on the type of work undertaken.	The frame-fillers were paid 1 shilling per 100 frames completed; the cutters received 2 d for three gross of boxes, and the packers got 1s 9d per 100 boxes wrapped up.	_	glitter	ambiguous
wanton	_	For it was set apart and sanctified to one awe-striking end; and however wanton in their sailor ways, one and all, the mariners revered it as the white whale's talisman.	_	_	lexical	unambiguous_female
fellow	_	Genius is free to announce its inventions and discoveries, and the hand is free to accomplish whatever the head conceives not incompatible with the rights of a fellow-being.	_	_	lexical	unambiguous_male
joiner	_	The joiner designed a carved front door for a historic building. Her preliminary drawings were approved by the architect before she began the work.	_	male_stereotyped	fairtranslate	unambiguous_female
plumber	_	A plumber installs and repairs plumbing systems in residential and commercial buildings. Issues such as leaks or clogged pipes are efficiently resolved. The use of specialized tools allows for quick interventions. Clients appreciate her professionalism and responsiveness.	_	male_stereotyped	fairtranslate	unambiguous_female
employee	_	An accounting employee pays attention to payment deadlines.	_	female_stereotyped	fairtranslate	ambiguous
performers	New York City's theater district was alight with excitement for the annual arts festival. Among the vibrant ensemble was Eliza, a talented female actor known for her versatility.	She was one of the standout performers, drawing rave reviews from critics and fans alike.	The festival concluded with a spectacular grand finale, awash in applause.	_	glitter	ambiguous
worker	_	Taylor is a construction worker. They work precisely to install load-bearing beams on the site.	_	male_stereotyped	fairtranslate	ambiguous
mother	_	`` My mother never wops me .	_	_	lexical	unambiguous_female
participants	Bishop François-Marie Bigex held a diocesan synod in Pinerolo in the Cathedral of S. Donato from 21 to 23 September 1819.	The participants included the Father Guardian and the Vicar of the Capucins, the only religious order of men which had been re-established at the time.	In the last session of the synod, there was unexpected dissension on the part of some of the clergy at the severity of the new canons.	_	glitter	unambiguous_male
hairstylist	_	This hairstylist colored a client's hair using modern techniques for a natural result. The compliments received confirmed their expertise.	_	female_stereotyped	fairtranslate	ambiguous
wife	_	A husband and wife may be divorced and go out of the presence and beyond the reach of each other, but the different parts of our country can not do this.	_	_	lexical	unambiguous_female
architect	_	An architect's sketch of the new plant is shown on the front cover .	_	male_stereotyped	lexical	ambiguous
technician	_	A chemical technician led a team to optimize a synthesis process. He received praise for his work.	_	_	fairtranslate	unambiguous_male
counsellors	At the council, they undermined Sancho's anti-crusade policy, alongside Bishop Hispan of Segorbe. In the end, the council upheld the legality of the crusade.	In a letter addressed to Pope Innocent III, Sancho had also requested enhanced authority as procurator, but the envoys returned instead with a series of orders dated 23 January 1216 in which Innocent appointed seven noblemen from both Aragon and Catalonia as deputy counsellors to assist Sancho and ordered all the men of the realm to observe the truce with the crusaders.	Innocent did order the cities of the Aragon and Catalonia to subsidise the regent's redemption of pledged lands (royal demesne that had been pawned by Peter II to fund his wars), but royal finances were transferred to Guillem de Montrodon.	_	glitter	unambiguous_male
rapporteur	_	It is only right to highlight the efforts that the general rapporteur, Mr Haug, has made in seeking an intelligent consensus, which I hope will not be frustrated.	_	_	gente	unambiguous_male
electromechanic	_	This electromechanic installs new equipment in industrial facilities. Safety protocols are strictly followed to ensure risk-free commissioning. Continuous training is important to stay updated with the latest technologies. Technical teams trust her for her professionalism.	_	male_stereotyped	fairtranslate	unambiguous_female
electromechanic	_	Sam is a conscientious electromechanic. They always evaluate the performance of equipment after a repair.	_	male_stereotyped	fairtranslate	ambiguous
performers	Later research has shown that, although likely rare, there were women who performed speaking roles. Bassilla and Fabia Arete were, for example, two actresses known for their role of Charition in a popular folk comedy.	There were certainly successful women stage performers within dance and singing in theatrical performances, many of whom apparently enjoyed widespread fame, and even a guild exclusively for female stage performers, the Sociae Mimae.	The public opinion of actors was very low, placing them within the same social status as criminals and prostitutes, and acting as a profession was considered illegitimate and repulsive.	_	glitter	unambiguous_female
baroness	_	My enemies were only too anxious to level against me such charges as `` reactionary '' , `` robber baroness '' , and even `` traitor '' ! !	_	_	lexical	unambiguous_female
rapporteur	_	Allow me, first of all, to congratulate your rapporteur, Mr Honeyball, for his excellent work and the report he has produced.	_	_	gente	unambiguous_male
journalist	_	A journalist covered an international event live, providing a detailed analysis of the issues involved. They were praised for their professionalism.	_	_	fairtranslate	ambiguous
woman	_	The woman covered with growing hands came and sat beside them .	_	_	lexical	unambiguous_female
colleague	_	I know that my colleague Commissioner Lamy will want to pursue his thoughts and the Commission's latest thoughts on how to revive the WTO round with the United States and also with this Parliament.	_	_	gente	unambiguous_male
Minister	_	I thank the Minister for his reply.	_	_	gente	unambiguous_male
notaries	Galeazzo I Visconti of Milan obtained a notable victory over the Guelphs in the vicinity on November 29, 1321. In 1381 the Landi were declared formally independent by Gian Galeazzo Visconti, and obtained a complete autonomy in 1415.	Federico and his daughter  renewed the castle in the 16th-17th century, also establishing a college of notaries which lasted until 1805.	In 1682 Polissena's son Dario ceded Bardi to Ranuccio II Farnese, Duke of Parma and Piacenza, and the town followed the story of the latter until the unification of Italy.	_	glitter	ambiguous
activists	Malala Yousafzai has become a global advocate for girls' education after surviving an assassination attempt. Her courage and unwavering dedication have brought significant attention to this vital issue.	Activists like her are leading the charge for social change worldwide.	These female voices are instrumental in advancing the rights of women and girls globally.	_	glitter	unambiguous_female
controller	_	A management controller participates in the preparation of the company's annual budget.	_	_	fairtranslate	ambiguous
builders	Urbanization has resulted in exponential growth, necessitating robust infrastructural development. Cities are constantly transforming to accommodate rising populations and evolving needs.	Builders are at the heart of this transformation, responsible for constructing residential, commercial, and public infrastructure.	By embracing sustainable practices, they also contribute to more eco-friendly urban landscapes.	_	glitter	ambiguous
emperor	_	Directly opposite is the emperor's door , through which they entered the building .	_	_	lexical	unambiguous_male
educator	_	The special educator plans to create an association to help individuals with autism spectrum disorders. Artistic and sports workshops will be offered to stimulate their abilities. Raising public awareness will also be among the goals. The community will be grateful for his dedication.	_	_	fairtranslate	unambiguous_male
man	_	For this decision a man must take personal responsibility .	_	_	lexical	unambiguous_male
President	_	Madam President, I too would like to thank Mrs Haug for her excellent work in preparing the budget.	_	_	gente	unambiguous_female
Member	_	In our view, however, the interpretations of 15 judges, which go beyond the Treaties as ratified, are clearly improper and we are still waiting for them to be submitted for the approval of the peoples of the Member States.	_	_	gente	ambiguous
electromechanic	_	An electromechanic worked on a broken machine that was halting all production. After a long diagnostic process, he identified a faulty component and replaced it immediately.	_	male_stereotyped	fairtranslate	unambiguous_male
citizen	_	However, the citizen's right to defend himself against the public administration means that information must be provided.	_	_	gente	ambiguous
beginners	In 1986, Mayo became aerobics editor and monthly columnist for FIT magazine. She worked with Denise Austin, who also wrote a monthly column.	Anderson World published two books by Mayo, The Runner's World Yoga Book II, and Women's Bodybuilding for Beginners.	In 1986, she began writing a column, entitled "DeBarra Mayo on Fitness", for the Erie Daily Times, Erie, Pennsylvania.	_	glitter	ambiguous
Ombudsman	_	I notified the Ombudsman of this, who, in his reply, said that he had decided not to open an inquiry because the competition was already far advanced.	_	_	gente	unambiguous_male
Chief	_	Chief Minister Peter Caruana has wisely asked us to report directly to her.	_	_	gente	unambiguous_female
men	_	A Peace Corps official described the editorial as `` precisely the message we need to communicate to the men and women who will soon be Peace Corps volunteers '' .	_	_	lexical	unambiguous_male
butcher	_	"It must be brought up before night-fall for the butcher, remember."	_	male_stereotyped	lexical	ambiguous
cashier	_	The cashier actively participates in training new recruits to teach them good practices.	_	female_stereotyped	fairtranslate	ambiguous
rapporteur	_	Certainly I commend the good relations we have had with Mrs Ferber as the budget rapporteur.	_	_	gente	unambiguous_female
attorney	_	Their customary place of meeting is at a hawthorn, which stands in a little green nook, open on one side to a shady lane, and separated on the other side by a thick sweet-brier and hawthorn hedge from the garden of an attorney.	_	_	lexical	ambiguous
men	_	Thus twenty `` black souls '' were to remain ignorant of their imminent journey to the land of free men .	_	_	lexical	unambiguous_male
Chairman	_	As our esteemed Mr Chairman mentioned, a series of high-profile ship disasters, particularly involving oil tankers, has hit our continent in the recent past.	_	_	gente	unambiguous_male
men	_	Some date it from woman suffrage , others from when women first began to challenge men in the marketplace , still others from the era of the emancipated flapper and bathtub gin .	_	_	lexical	unambiguous_male
controller	_	The management controller is often asked to analyze project profitability and she takes the opportunity to give advice on future investments.	_	_	fairtranslate	unambiguous_female
Commissioner	_	Commissioner Byrne did not say very much today, as he was widely trailed to have done, about testing.	_	_	gente	unambiguous_male
lady	_	we'll take care of the lady," said the red-faced young man, and went off into gurgling and almost senile laughter.	_	_	lexical	unambiguous_female
President	_	President Clinton would do well to raise this matter during his present visit to Hanoi.	_	_	gente	unambiguous_male
accountant	_	The accountant prepared tax returns for several clients, ensuring each detail complied with current legislation. They also advised on advantageous tax strategies.	_	_	fairtranslate	ambiguous
wife	_	My voice is the wife's voice, the screech by the rail of the stairs, They fetch my man's body up dripping and drown'd.	_	_	lexical	unambiguous_female
representative	_	Mrs Graefe zu Baringdorf, the representative who was ultimately entrusted with responsibility for this report, said that we have long been pressing for this open declaration and that we have redoubled our exhortations on the marketing of compound feed since the BSE episode.	_	_	gente	unambiguous_female
secretary	_	The secretary supervised a temporary team during a busy period, coordinating tasks and ensuring all deadlines were met. His management ensured projects were delivered on time.	_	female_stereotyped	fairtranslate	unambiguous_male
dietician	_	The dietician helps patients improve their diet. By offering personalized advice, health goals can be achieved for everyone. Thanks to an in-depth expertise, tailored nutritional plans are drawn up to meet individual needs. During the consultation, she takes care to create a caring environment.	_	female_stereotyped	fairtranslate	unambiguous_female
jews	Between 1882 and 1886 alone, French priests published twenty antisemitic books blaming France's ills on the Jews and urging the government to consign them back to the ghettos, expel them, or hang them from the gallows. Gougenot des Mousseaux's Le Juif, le judaïsme et la judaïsation des peuples chrétiens (1869) has been called a "Bible of modern antisemitism" and was translated into German by Nazi ideologue Alfred Rosenberg.	Imperial Russia Thousands of Jews were slaughtered by Cossack Haidamaks in the 1768 massacre of Uman in the Kingdom of Poland.	In 1772, the empress of Russia Catherine II forced the Jews into the Pale of Settlement – which was located primarily in present-day Poland, Ukraine, and Belarus – and to stay in their shtetls and forbade them from returning to the towns that they occupied before the partition of Poland.	_	glitter	ambiguous
supervisors	Managerial roles entail overseeing project execution while ensuring compliance with timelines and budgets. Effective communication and leadership are crucial for success.	Supervisors often bring a wealth of technical knowledge, especially in engineering fields, which is crucial for guiding complex projects.	These men's expertise helps in maintaining high standards and achieving project goals.	_	glitter	unambiguous_male
culprit	_	The only explanation I have for this is that the culprit is always drawn back to the scene of the crime.	_	_	gente	ambiguous
manager	_	A project manager drafted a detailed report on the progress of a sustainable mobility project. They were complimented for the clarity of their analyses.	_	_	fairtranslate	ambiguous
widow	_	In the last and straggliest of those streets which runs along the sea like a sea-wall there is a very honest but rather sharp-tempered member of my flock, a widow called MacNab.	_	_	lexical	unambiguous_female
server	_	A server welcomes customers to the restaurant and presents the menu. Orders are taken carefully to ensure a pleasant dining experience. Dishes are served promptly and with courtesy. Customers appreciate their attention to detail and professionalism.	_	_	fairtranslate	ambiguous
electromechanic	_	The electromechanic collaborated with a team to set up a machine prototype. He supervised the final tests before validation.	_	male_stereotyped	fairtranslate	unambiguous_male
painters	He was born in Queenstown, New Zealand. Badcock comes from an artistic family.	His father Douglas Badcock and two brothers Brian and David are also painters.	Where the other family members specialise in landscape painting, John has become more renowned for portraiture.	_	glitter	unambiguous_male
girl	_	"I tried to break down the door and couldn't," answered the girl shortly, "Then I ran to the back-yard, and managed to climb on to the window-sill that looks into the room.	_	_	lexical	unambiguous_female
engineer	_	This engineer supervised the construction of a suspension bridge in a mountainous region, a risky but necessary project to make the area more accessible. She ensured every step met safety standards.	_	male_stereotyped	fairtranslate	unambiguous_female
patients	The rich Krakowian merchant Valerian Montelupi (of Italian heritage) donated to the brothers a tenement house not far from the main square. In the 1800s they were relocated to Kazimierz, the then-separate city, now district of Kraków, where to this day, they reside in their monastery and church, running their large hospital next door, in Trinitarska street.	In 1880 a house was founded at Scorton, North Yorkshire, England, for the reception of male patients with chronic infirmities, paralysis, or old age, and is supported by charitable contributions.	The original foundation developed into a hospital and nursing home.	_	glitter	unambiguous_male
sister	_	The brother and sister seemed to be a sort of mutual-aid society , a little fortress of kindness for each other in a hard world .	_	_	lexical	unambiguous_female
rapporteur	_	May I thank the rapporteur again for his excellent report, which provides a great deal of useful guidance on how to develop our policy in this extremely important area.	_	_	gente	unambiguous_male
clients	He also writes a weekly 'Style' column in the Western Mail, the national newspaper of Wales. A fluent speaker of Welsh, Emanuel hosted the BBC 2 programme on the National Eisteddfod of Wales ().	As a guest of Peter Karrie, on The Peter Karrie Show, David sang The Queen of Disguise, before being interviewed with one of his clients, the actress Joan Collins.	BBC Wales invited Emanuel to be a guest at their 75th Anniversary Concert where he sang three songs in Welsh before an audience of four thousand people.	_	glitter	unambiguous_female
worker	_	A daycare worker helps children develop motor skills through adapted exercises. They tailor activities to their abilities.	_	female_stereotyped	fairtranslate	ambiguous
surgeon	_	This renowned surgeon will teach many medical students. Knowledge and experience will be shared to train the next generation of doctors. Research will also be an important part of his activities. He will contribute significantly to the advancement of medicine.	_	male_stereotyped	fairtranslate	unambiguous_male
ladies	_	I will not conceal from you that the document ends with certain legal phrases about the unpleasant things that may happen if the money is not paid; but meanwhile, ladies and gentlemen, let me assure you that I am comfortably off here for accommodation, wine and cigars, and bid you for the present a sportsman-like welcome to the luxuries of the Paradise of Thieves."	_	_	lexical	unambiguous_female
trainers	She is known for writing a memoir called the "Tomioka Diary" (Tomioka Nikki) in which she chronicled her life among the female workers in the Tomioka silk mill. She was among the daughters of samurai who were recruited in 1873, the sixth year of the Meiji period, from across the nation for practical training over a period of two to three years in the silk production process.	They later became trainers in silk manufacture in their own prefectures.	Upon leaving Tomioka in 1874, the government awarded Wada and her colleagues medals and the special title "Women Spinners' Victory Battalion".	_	glitter	unambiguous_female
caregiver	_	The caregiver helped an elderly person regain their independence, and he was warmly thanked.	_	female_stereotyped	fairtranslate	unambiguous_male
lady	_	Moreover , because of the particular blot on your family escutcheon through what may only have been one unbridled moment on your grandmother's part , and because you had the lean-to kitchen and trundle bed of your childhood to outgrow , what you obviously most desired with both your conscious and unconscious person , what you bent your whole will , sensibility , and intelligence upon , was to be a lady .	_	_	lexical	unambiguous_female
physiotherapist	_	A physiotherapist developed a prevention program to avoid recurrent injuries. He was highlighted during a seminar.	_	_	fairtranslate	unambiguous_male
caregiver	_	The caregiver helped an elderly person regain their independence, and she was warmly thanked.	_	female_stereotyped	fairtranslate	unambiguous_female
translator	_	Charlie, a translator specializing in simultaneous interpretation, participated in many international conferences. Responsiveness and precision are crucial during these events. Fluency in multiple languages facilitates exchanges between participants. Organizers trust her to ensure smooth communication.	_	_	fairtranslate	unambiguous_female
colleague	_	Like my Fine Gael colleague, Mr Doyle, I recognise that this does not represent the creation of a European army and before shrill voices are raised in my own country, which there will be, against Irish involvement, I would point out that participation is voluntary and on a case by case basis.	_	_	gente	unambiguous_male
caregiver	_	This caregiver has worked for many years with dependent individuals, providing personalized support. Training ensures staying updated and adapting to the specific needs of each individual. Patience and listening have been at the heart of her professional approach. Families have expressed their gratitude for her commitment.	_	female_stereotyped	fairtranslate	unambiguous_female
daughter	_	Should I show my daughter how things should be colored ? ?	_	_	lexical	unambiguous_female
trainers	The gym was bustling with activity early in the morning. Equipment clanged and people motivated each other.	Trainers provided vital guidance, helping individuals achieve their fitness goals safely.	Their instructions were respected and followed diligently.	_	glitter	ambiguous
butcher	_	Charlie, an experienced butcher, runs a shop in the heart of the market. Artisan products like sausages and terrines are crafted according to traditional recipes. Building trust with customers is paramount to him. Clients rely on him for their meat purchases.	_	male_stereotyped	fairtranslate	unambiguous_male
technician	_	This quality technician wrote a best practices guide for employees. She also trained new recruits.	_	_	fairtranslate	unambiguous_female
controller	_	A management controller will assist project managers in optimizing the use of financial resources.	_	_	fairtranslate	ambiguous
man	_	`` A learned man '' ? ?	_	_	lexical	unambiguous_male
Ambassador	_	I know that our Ambassador in Washington, Gunter Burghardt, has already spoken about this, and I should be delighted if her interesting proposals were actually incorporated into the communication.	_	_	gente	unambiguous_female
coordinators	The Constitution itself was largely based on the MUSU Constitution, with a number of innovations, including affirmative action provisions, pay-parity and strict accountability mechanisms curbing the powers of the President and Secretary in particular. It also created the Clubs & Societies Department (which in the past had been a part of the Activities Department) and the Indigenous Department.	Paid officers  UMSU has a number of paid officers, which include: the President; the General Secretary; Media Officers; Education (Academic Affairs) Officer; Education (Public Affairs) Officers; Activities Officers; Creative Arts Officers; Clubs and Societies Officers; Welfare Officer; Environment Officers; Indigenous Officers; Disabilities Officers; Queer Officers; Women's Officers; People of Colour Officers; the Burnley Campus Coordinator; the Southbank Campus Coordinators; the Southbank Activities Officer, and the Southbank Education Officer.	Aside from the positions of President, General Secretary, the campus coordinator of Burnley, the Southbank Activities Officer and the Southbank Education officer, all other offices can be shared between two people.	_	glitter	ambiguous
veterans	Handball  Egypt qualified for the men's handball tournament by placing sixth at the 1995 World Men's Handball Championship, at the time the highest-ever placement for a squad from Africa. They had also been the gold medalists at the 1995 All-Africa Games.	Half of the Egyptians were veterans of the 1992 tournament: Hosam Abdallah, Ahmed El-Attar, Ashraf Mabrouk Awaad, Ahmed El-Awady, Ahmed Belal, Gohar Mohamed, Yasser Mahmoud, and Ayman Abdel Hamid Soliman.	Abdallah also served as the Egyptian flagbearer in the opening ceremonies of the Games.	_	glitter	unambiguous_male
childminder	_	This childminder prepared a balanced snack for the children after their nap. The parents appreciated her thoughtfulness.	_	female_stereotyped	fairtranslate	unambiguous_female
illustrators	The world of children's literature is brought to life through vibrant visuals. Artistic talent paired with storytelling creates an enchanting experience for young readers.	Male illustrators have often dominated this field, but recent times have seen a shift as more women claim accolades for their extraordinary work.	Their contributions continue to expand the imaginative horizons of children's book art.	_	glitter	unambiguous_male
hosts	The K-Joy brand was revived on May 17, 2019. Anti-gay hoax On February 13, 2014, an anti-gay note allegedly sent by a Baldwin mother in response to a birthday party invite from two gay dads was a hoax carried out by two of the station's disc jockeys.	The hosts of the K-98.3 Morning Show, Steve Harper — also the station's program director — and Leanna Karlson, admitted the weekend after that the story was "totally fictitious" and that they fabricated it to "spur a healthy discourse on a highly passionate topic." An apology was posted on the radio station's website.	The statement said that the hoax was perpetrated without the knowledge of the station's management.	_	glitter	unambiguous_all
teller	_	A teller receives clients and assists them with their transactions, such as deposits or withdrawals. Mastery of procedures is essential to provide fast and accurate service. Confidentiality and transaction security are priorities. Clients trust them to manage their banking operations.	_	female_stereotyped	fairtranslate	ambiguous
logger	_	In the forest, a logger performs tree felling and skidding with precision. Modern equipment facilitates work while ensuring safety. Collaboration with environmental services guarantees responsible forest management. Local communities benefit from her work for sustainable development.	_	male_stereotyped	fairtranslate	unambiguous_female
assistant	_	A nursing assistant prepares adapted baths for residents to maintain their daily hygiene.	_	female_stereotyped	fairtranslate	ambiguous
dietitian	_	The dietitian had prepared a balanced meal plan for the past six months, he helped me lose all that weight.	_	female_stereotyped	fairtranslate	unambiguous_male
rapporteur	_	Firstly, to all MEPs, remember that we achieved a strong directive combating race discrimination, for which I was proud to act as co-rapporteur, with action against incitement, for the right to go to court, to empower NGOs, to shift the burden of proof.	_	_	gente	ambiguous
server	_	A server prepares drinks at the bar while monitoring table orders.	_	_	fairtranslate	ambiguous
patients	Initial concerns In 1981 concern was growing over an unidentified infectious disease associated with immune system collapse that would later become known as AIDS.	In the U.S. it was found mostly in homosexual men and intravenous drug users, while in France a more diverse group of patients was affected.	On July 16, 1982, the United States Centers for Disease Control and Prevention (CDC) reported that three hemophiliacs had acquired the disease.	_	glitter	ambiguous
Chairman	_	Thanks to the initiative taken by the Chairman of the Committee on Petitions, Mrs Gemelli, the correct legal action has been taken to amend the 1994 decision by the European Parliament.	_	_	gente	unambiguous_female
beautician	_	A beautician is involved in training new apprentices, who often consult her.	_	female_stereotyped	fairtranslate	unambiguous_female
woman	_	Membership is open to any woman student in the College .	_	_	lexical	unambiguous_female
mechanic	_	The mechanic maintains and repairs vehicles to ensure their optimal performance. Accurate diagnostics help identify problems quickly. Advanced technologies are used to carry out efficient repairs. Drivers trust her to keep their cars safe.	_	male_stereotyped	fairtranslate	unambiguous_female
performers	As of March 2021, Jason Stuart had more than 150 acting credits. That year, he appeared in an episode of the streaming legal drama Goliath, That month, he released his second comedy album, I'm the Daddy and I Have Candy.	Labor activism Jason Stuart is a member of the performers' union SAG-AFTRA.	He co-founded and co-chairs the union's National LGBT Actors Committee, the union's first committee for LGBT people.	_	glitter	ambiguous
President	_	In reality, it is the President who is being unrealistic if she thinks that it will be possible to enlarge the Union with such a Treaty.	_	_	gente	unambiguous_female
employee	_	The accounting employee contributes to improving financial processes.	_	female_stereotyped	fairtranslate	ambiguous
judge	_	A part of the solution involves drastically curtailing the right to call in a judge in order to overturn a foreign court order.	_	_	gente	ambiguous
manager	_	Since Sam became a project manager, she has designed an action plan to improve collaboration between different partners.	_	_	fairtranslate	unambiguous_female
woman	_	Perhaps if I took off the aqua-lung I could swim better , love my woman better .	_	_	lexical	unambiguous_female
salesperson	_	Alex, a salesperson  in a sports store, helps clients choose equipment best suited to their activities. Specific needs are considered to provide personalized solutions. Stock management and shelf organization are also her responsibility. Clients trust her for sound recommendations.	_	female_stereotyped	fairtranslate	unambiguous_female
teacher	_	This teacher introduced innovative technologies into the classroom. Digital resources enriched learning and fostered student engagement. Peer collaboration was encouraged to enhance understanding. They were recognized for their modern approach to education.	_	_	fairtranslate	ambiguous
carpenter	_	My friend is a carpenter and travels to remote construction sites for large-scale projects.	_	male_stereotyped	fairtranslate	ambiguous
joiner	_	A joiner cuts panels for a built-in wardrobe in a kitchen. Each part must be perfectly adjusted to maximize the available space.	_	male_stereotyped	fairtranslate	ambiguous
hairstylist	_	Taylor, a meticulous hairstylist, organizes tools and products in the salon to maintain a tidy workspace.	_	female_stereotyped	fairtranslate	ambiguous
Commissioner	_	The former Commissioner, Mr MacSharry, justified this criminal silence by claiming that the beef sector must not be put at risk.	_	_	gente	unambiguous_male
translator	_	This translator worked on adapting a foreign novel for a local audience. They were praised for their creativity and respect for the original work.	_	_	fairtranslate	ambiguous
counselor	_	The career counselor attends job forums to gather useful information for students.	_	_	fairtranslate	ambiguous
specialist	_	Incidentally, I am delighted to note, Mrs Guy-Quint, that you are a specialist in this field who can be relied upon to debate the recast Financial Regulation in Parliament with competence and no doubt with passion too.	_	_	gente	unambiguous_female
musician	_	It is difficult to draw the line between stereotype and the reality of the jazz musician .	_	_	lexical	ambiguous
town	_	It came from town, and is merely a letter of business."	_	_	lexical	unambiguous_male
manager	_	A product manager successfully orchestrated the launch of a new product line in front of her clients.	_	_	fairtranslate	unambiguous_female
readers	The editor-in-chief of the monthly was Knut Christian Moeng. It was owned by Hjemmet Mortensen AS, and its publisher was Egmont Hjemmet Mortensen.	As of 2010 the company described the readers of Mann as the modern, confident, and active men.	Mann was the second best-selling men's magazine in Norway in 2003 with a circulation of 16,000 copies.	_	glitter	unambiguous_male
ladies	_	Once there had been big glittering rooms where Ulanys bowed and kissed the ladies' hands as they flirted from behind their fans .	_	_	lexical	unambiguous_female
teacher	_	This special education teacher is known for his ability to create a trusting environment with young people in difficulty. He inspires respect and motivation.	_	_	fairtranslate	unambiguous_male
observer	_	It also brought home proof of something a casual observer might have missed : that more than half of the U.S. Negroes live outside the southeastern states .	_	_	lexical	ambiguous
teacher	_	This teacher supervised a group project that won an academic award. She was thanked for her rigorous guidance.	_	_	fairtranslate	unambiguous_female
author	_	They have risen above party politics and shown that, when an amendment is right, they will support it, whoever the author.	_	_	gente	ambiguous
employers	Workplace culture greatly influences employee satisfaction and productivity. Nurturing a supportive environment fosters creativity and retention.	Employers, men women and non-binary people, sought to implement flexible working arrangements to better accommodate their diverse workforce.	This progressive approach was welcomed, resulting in higher morale and engagement levels.	_	glitter	unambiguous_all
deputy	_	First of all, I would like to congratulate the deputy on her excellent report.	_	_	gente	unambiguous_female
ministers	Since the early 1900s the proportion of New Zealanders who are Methodist has declined from 10% to a reported 2.6% in the 2013 census. At the 1983 conference the church made a conscious decision to work towards inclusion of all ethnicities and cultures.	The denomination is supportive of women ministers and clergy in same-sex relationships.	In 1999 the conference decided to allow ministers to bless same-sex relationships.	_	glitter	unambiguous_female
representative	_	Mr Graefe zu Baringdorf, the representative who was ultimately entrusted with responsibility for this report, said that we have long been pressing for this open declaration and that we have redoubled our exhortations on the marketing of compound feed since the BSE episode.	_	_	gente	unambiguous_male
secretary	_	A secretary updates a bulletin board to inform employees of upcoming events and important announcements from management.	_	female_stereotyped	fairtranslate	ambiguous
Minister	_	Things do not often turn out that way, Minister, and we are delighted.	_	_	gente	ambiguous
assistant	_	A pharmacy assistant arranges medications on shelves to ensure quick access to essential products.	_	female_stereotyped	fairtranslate	ambiguous
supremacists	Costin then deactivates the detonator bomb. Jason makes his way back to the CIA to kill Karim al-Jamil.	Meanwhile, Soraya and Tyrone, a friend of Bourne, are on the run from supremacists and terrorists.	They end up finding the Old Man being embalmed in a mortuary, as they set out for the CIA headquarters.	_	glitter	ambiguous
lawyers	Given that most local NGO's cannot sustain themselves without some foreign funding, this definition is broad enough to include almost all NGO's in Ethiopia. However, the government of Ethiopia itself receives 50 to 60 percent of its national budget from foreign governments, which according to its own definition would clearly make it a foreign entity as well.	Over the years Ethiopian organizations that have found themselves to be targets of harassment using the CSO Law include the Ethiopian Human Rights Council (EHRCO), the Ethiopian Women Lawyers' Association (EWLA) which provided pro bono service to Ethiopian women who could not afford a lawyer.	Despite the fact that Article 31 of the Ethiopian Constitution provides that "every person has the right to freedom of association for any cause or purpose", the prohibition of NGO's by the CSO Law has had the effect of severely restricting citizens' right of association, as members of NGO's can not associate freely.	_	glitter	ambiguous
spokesman	_	One house was without power for about half an hour , a Narragansett Electric Co. spokesman said .	_	_	lexical	unambiguous_male
writer	_	Fair-priced funeral to the editor : I disagree with the writer who says funeral services should be government-controlled .	_	_	lexical	ambiguous
scientist	_	A computer scientist identified a flaw in a database management system. Thanks to their quick response, sensitive data was protected.	_	male_stereotyped	fairtranslate	ambiguous
Commissioner	_	I would also like to thank the Commissioner for his efforts and I hope I can assure him that the relatively low attendance in this House does not reflect the level of interest in this subject.	_	_	gente	unambiguous_male
men	_	It is made up of men and women who raise our food, patrol our streets, man our mines and our factories, teach our children, keep our homes, and heal us when we are sick -- professionals, industrialists, shopkeepers, clerks, cabbies, and truckdrivers.	_	_	lexical	unambiguous_male
sweeper	_	This street sweeper focuses on cleaning parks and public gardens. Paths and playgrounds are maintained for the enjoyment of visitors. Raising public awareness about cleanliness is also part of her responsibilities. She helps create a pleasant environment for families and walkers.	_	male_stereotyped	fairtranslate	unambiguous_female
lawyer	_	The lawyer negotiated a favorable agreement for a company during a commercial dispute. They were praised for their efficiency.	_	_	fairtranslate	ambiguous
dietitian	_	The dietitian had prepared a balanced meal plan for the past six months, they helped me lose all that weight.	_	female_stereotyped	fairtranslate	ambiguous
joiner	_	A joiner repairs a window damaged by bad weather. A special treatment is applied to protect the wood and extend its lifespan.	_	male_stereotyped	fairtranslate	ambiguous
engineers	In recent decades, women have progressively entered fields traditionally dominated by men. They have shattered stereotypes and excelled in diverse disciplines.	Among them, engineers have been particularly instrumental in innovative projects across the globe.	Their expertise continues to be a driving force in the advancement of technology and infrastructure.	_	glitter	unambiguous_female
colleague	_	I should like to begin by congratulating our colleague, the general rapporteur Jutta Haug, on the way in which he has done his job, which has contributed immensely to the constructive atmosphere in which our work has been carried out in committee and in Parliament in general.	_	_	gente	unambiguous_male
dog	_	Top dog , sleeping and eating right there with the Staff .	_	_	lexical	unambiguous_male
technician	_	A chemical technician led a team to optimize a synthesis process. She received praise for her work.	_	_	fairtranslate	unambiguous_female
technician	_	This chemical technician performed quality control tests. She also wrote a detailed report for her supervisors.	_	_	fairtranslate	unambiguous_female
President	_	Address by Mrs Kostunica, President of the Federal Republic of Yugoslavia	_	_	gente	unambiguous_female
spokesperson	_	I would like to thank our spokesperson, Mr de Roo, for his work.	_	_	gente	unambiguous_male
beautician	_	Jordan is a beautician and is highly regarded for his practical advice.	_	female_stereotyped	fairtranslate	unambiguous_male
worker	_	This daycare worker supported a child taking their first steps. He also reassured the worried parents.	_	female_stereotyped	fairtranslate	unambiguous_male
dog	_	Some pig, or dog, or goat, or goose was for ever trespassing.	_	_	lexical	unambiguous_male
father	_	"That is what you have in your head, I know--and what you would certainly say if my father were not by."	_	_	lexical	unambiguous_male
recipients	It offers Bachelors, Masters, and Doctoral programs in engineering, natural sciences and humanities as well as Masters programs in Computer Application (MCA) and Business Administration (MBA). HBTU is the mother institute of the National Sugar Institute (in 1936, then known as Imperial Institute of Sugar Technology), the Government Central Textile Institute (in 1937), now known as the Uttar Pradesh Textile Technology Institute, Indian Institute of Technology Kanpur (IIT/K) in 1960, the Glass Institute and Rajkiya Engineering College Mainpuri (also known as Government Engineering College, GEC/M) in 2015.	It was also one of the 127 technical institutions in India which were the recipients of funding from World Bank's International Development Association (IDA) in the phase one (2004–2009) of the Technical Engineering Educational Quality Improvement Project – the first World Bank project in Higher education in India.	History  The history of Harcourt Butler Technical University dates back to the 1920s when there was a growing realization of the need for advancement in science and technology among the people of what was then called the United Provinces.	_	glitter	ambiguous
cleaner	_	This cleaner organizes the schedules for the entire team to meet the specific needs of clients.	_	female_stereotyped	fairtranslate	ambiguous
boy	_	A nigger boy opened the door .	_	_	lexical	unambiguous_male
housekeeper	_	The housekeeper supervised the preparation of a VIP suite and received compliments from the management. They always do a fantastic job.	_	female_stereotyped	fairtranslate	ambiguous
woman	_	I keep thinking of a young woman I knew during the Occupation in Austria .	_	_	lexical	unambiguous_female
teller	_	The teller is known for their patience and professionalism when dealing with demanding customers.	_	female_stereotyped	fairtranslate	ambiguous
mother	_	The commercial policy of the mother country had not relaxed any of its hard and oppressive features.	_	_	lexical	unambiguous_female
dietitian	_	A dietitian will advise patients on dietary choices to manage specific health issues.	_	female_stereotyped	fairtranslate	ambiguous
logger	_	A logger used a chainsaw to cut a tree that had fallen across a road. Entrusting her with this task shows the confidence she inspires.	_	male_stereotyped	fairtranslate	unambiguous_female
assistant	_	The pharmacy assistant participated in a campaign to raise awareness about self-medication. He distributed brochures and answered customers’ questions.	_	female_stereotyped	fairtranslate	unambiguous_male
wife	_	I am the wife of the owner of a small , independent meat market .	_	_	lexical	unambiguous_female
town	_	There were no `` casualties '' , but the `` guerrillas '' admitted to being `` a little tired '' when the leaders called a halt at 9 A.M. to enable out-of-town members to catch a plane .	_	_	lexical	unambiguous_male
buyer	_	The buyer supervised the renewal of supply contracts, and they were complimented for their thoroughness.	_	_	fairtranslate	ambiguous
children's day carers	The playground was filled with laughter as kids played under the watchful eyes of their caregivers. Crafts and games were set up as part of the day's activities.	The children's day carers, predominantly women, ensured a safe and nurturing environment for all.	They are appreciated for their dedication and patience in shaping young minds.	_	glitter	ambiguous
President	_	Madam President, I simply wished to inform the House that this very morning the Popular Party Councillor, Mrs Francisco Cano, was murdered in the town of Villadecavalls, in the province of Barcelona.	_	_	gente	unambiguous_female
hosts	She is not particularly invested in protecting her gender secret. Her cross-dressing as a boy is largely pragmatic due to her inability to afford the $3,000 school uniform herself and her need to act as a Host to pay off her debt.	It is mainly the male Hosts who panic that Haruhi's gender will be exposed, leading them to engage in ridiculous schemes to avoid this, which would result in Haruhi having to leave the club and attracting the attention of other males.	She is fairly oblivious to physical or sexual attention in general.	_	glitter	unambiguous_male
rapporteur	_	Elsewhere, the rapporteur repeats the new theory in vogue in Brussels of the supposed dual legitimacy of the European Union: that of the citizens represented by the European Parliament and that of the States represented by the Council.	_	_	gente	ambiguous
matron	_	Evening--me in my room--the setting sun, The setting summer sun shining in my open window, showing the swarm of flies, suspended, balancing in the air in the centre of the room, darting athwart, up and down, casting swift shadows in specks on the opposite wall where the shine is; The athletic American matron speaking in public to crowds of listeners, Males, females, immigrants, combinations, the copiousness, the individuality of the States, each for itself--the moneymakers, Factories, machinery, the mechanical forces, the windlass, lever, pulley, all certainties, The certainty of space, increase, freedom, futurity, In space the sporades, the scatter'd islands, the stars--on the firm earth, the lands, my lands, O lands!	_	_	lexical	unambiguous_female
officer	_	The police officer conducted a complex investigation to dismantle a trafficking network. Their dedication was praised by their colleagues.	_	male_stereotyped	fairtranslate	ambiguous
speculators	The stock market has witnessed significant volatility in recent months, driven by numerous global factors. Such fluctuations present both risks and opportunities for investors.	With fluctuating markets, speculators thrive on predicting and capitalizing on short-term price movements.	However, this approach can lead to sudden financial losses if not executed cautiously.	_	glitter	ambiguous
clients	This almost Nietzschean image of the hustler as moral and sexual outlaw owes much to the writings of Jean Genet, William S. Burroughs and John Rechy (among others).	While less frequent in cinema and novels, the male prostitute with exclusively female clients (the "gigolo" or "escort") is generally depicted in a less tragic manner than the gay hustler (the gigolo is portrayed as older, athletic, well-dressed, etc.), and films like American Gigolo have done much to paint the character as a sophisticated seducer.	This portrayal has also led to cinematic satire (the Deuce Bigalow films).	_	glitter	unambiguous_female
worker	_	A construction worker uses power tools to install sturdy partitions. Entrusting him with this task was a given for the team.	_	male_stereotyped	fairtranslate	unambiguous_male
man	_	Ablard Corne , a short man with a rotunda of stomach , rose .	_	_	lexical	unambiguous_male
counsellors	Once a week, a group of individuals gathered in a cozy room. Sharing thoughts came easily here.	Counsellors facilitated discussions, providing support and guidance for various life challenges.	Everyone valued the sources of relief and self-betterment.	_	glitter	ambiguous
beautician	_	A beautician provides facial and body treatments to improve clients' well-being. The techniques used are adapted to the specific needs of each person. Hygiene and product quality are priorities in this profession. Clients appreciate her attention to detail and professionalism.	_	female_stereotyped	fairtranslate	unambiguous_female
manager	_	The buyer is praised by his manager for the quality of his evaluations of suppliers.	_	_	fairtranslate	unambiguous_male
operator	_	A press operator will check the quality of finished products before shipment.	_	_	fairtranslate	ambiguous
man	_	In this system , no man is exempt from obligations .	_	_	lexical	unambiguous_male
speculators	In particular he recalls one elderly resident's recollection of how when she came to Cwmparc her family consisting of a mother, father and four children managed to secure accommodation in a shepherd's cottage, Parc Bach. The cottage already accommodated the shepherd, his family and three other lodgers.	With such a demand it was not long before builders and property speculators moved into the area, thus in 1867 Cwmdare Street was completed and most of Parc Street the following year.	Tallis Street, Barrett Street and Vicarage Terrace were soon to follow erected by a local building club enterprise.	_	glitter	ambiguous
negotiator	_	As an ex-trade union negotiator, I am used to defending the outcome of negotiations.	_	_	gente	ambiguous
optician	_	Taylor prepared a special order for a client with complex needs. She is an optician known for her ability to find personalized solutions.	_	_	fairtranslate	unambiguous_female
pianist	_	Taken as a whole , though , it was a strong performance from both pianist and orchestra .	_	_	lexical	ambiguous
President	_	We have met President Prodi and have seen that he has personally taken on the development of the White Paper in accordance with many of the recommendations that have been received year after year from the Court over which Mr Karlsson so ably presides.	_	_	gente	unambiguous_male
deputy	_	I should, moreover, like to pay tribute, at this point, to the deputy, Mr Sudre, for his open-mindedness and his consultative approach, which made it possible to successfully complete a report which offers our regions real hope.	_	_	gente	unambiguous_male
representative	_	The representative, Mrs Gill, has succeeded in bringing together the different opinions in a balanced manner, with an important contribution from Mrs Fraisse and the Committee on Culture, Youth, Education, the Media and Sport.	_	_	gente	unambiguous_female
nurse	_	This nurse works in an emergency department where responsiveness is crucial. Rapid situation assessments allow prioritization of interventions. Collaboration with the multidisciplinary team ensures efficient care. They show composure and compassion in critical situations.	_	female_stereotyped	fairtranslate	ambiguous
men	_	The planners in Taiwan struck me as realistic men .	_	_	lexical	unambiguous_male
contemporaries	Legacy Due to the controversial nature of the procedure, Burou is said to have kept a low profile in order to continue his practice. His work at Clinique du Parc, which has been described by current day plastic surgeons as “pioneering”, “innovative”, and “genius”, made Burou a notable figure in the recorded history of plastic surgery.	The discretion of Burou's clinic made him relatively unknown to his medical contemporaries, despite the fact that he was well known among many trans women around the world.	His level of renown was such that "going to Casablanca" became a popular colloquialism for gender confirming surgery at this time.	_	glitter	ambiguous
trainers	Over the years he and his wife Ghislaine developed Haras du Quesnay into one of the leading stud farms in the country with horses acquired from across Europe and the United States. Children of Alec Head have been distinguished participants in the horse racing industry.	Daughter Martine is involved with managing the farm, son Freddy was a leading jockey and a trainer most notably of Goldikova, and daughter Criquette Head is one of France's leading trainers and the most successful female Thoroughbred trainer in the world.	Notable stallions Haras du Quesnay was home to prominent sires and broodmares such as Sir Gaylord, 1968 Kentucky Derby winner Dancer's Image, the leading sire of broodmares in France in 1980 Le Fabuleux, Arctic Tern, Anabaa, six-time champion sire in France Highest Honor, and Numerous, a son of Mr. Prospector.	_	glitter	ambiguous
worker	_	In the future, Lou, a daycare worker, will implement new art workshops to stimulate children's creativity. Materials used will be adapted to each age group. Collaboration with specialized educators will ensure all children are included. Her initiative will strengthen the daycare's educational program.	_	female_stereotyped	fairtranslate	unambiguous_female
upholsterer	_	An upholsterer selects stain-resistant fabrics to cover chairs intended for heavy use.	_	male_stereotyped	fairtranslate	ambiguous
deputy	_	I would like to congratulate the deputy on her work even though I may not give full agreement or support to what has been proposed.	_	_	gente	unambiguous_female
laypeople	Astronomy night at the university attracted individuals from all walks of life. Whether a renowned scientist or an enthusiastic schoolgirl, everyone gazed at the stars.	For laypeople, the complex theories were made accessible through captivating stories and vivid illustrations.	The event concluded with participants eagerly discussing the mysteries of the universe.	_	glitter	ambiguous
president	_	I ask the congress to join with me; but no president, no congress, no government can undertake THIS mission alone.	_	male_stereotyped	lexical	ambiguous
doctor	_	The doctor successfully performed a delicate surgical procedure. She received warm thanks from the patient's family.	_	_	fairtranslate	unambiguous_female
salesperson	_	The salesperson actively participates in inventory checks to ensure product availability on shelves.	_	female_stereotyped	fairtranslate	ambiguous
investors	The rise of tech startups has captivated the attention of venture capitalists and seasoned investors alike. Many new ventures seek to address ubiquitous challenges with innovative tech solutions.	Investors play a pivotal role in the tech ecosystem by providing essential funding and mentorship to promising startups.	Their involvement not only facilitates growth but also drives technological advancement in various sectors.	_	glitter	ambiguous
boy	_	The trundle-bed had castors on it so that it could be rolled about, and there was nothing in the world the little boy liked so much as to have it rolled.	_	_	lexical	unambiguous_male
librarian	_	This librarian organized a temporary exhibition highlighting rare and ancient books. They worked closely with conservators to ensure their protection.	_	female_stereotyped	fairtranslate	ambiguous
men	_	Violent men both .	_	_	lexical	unambiguous_male
lady	_	And along Chicago's West Jackson Boulevard , La Salle Street , and around the Merchandise Mart Plaza there sit men who chart crop reports , who divide the number of reported lady-bugs by the number of reported green-bugs , and the number of hogs by the amount of corn .	_	_	lexical	unambiguous_female
lady	_	The lady with the alligator bag registered interest , doubt , then indignation ; ; at last , alarm .	_	_	lexical	unambiguous_female
boy	_	"My boy," said the landlord, "you'll have the nightmare to a dead sartainty."	_	_	lexical	unambiguous_male
President	_	Perhaps the French have even resigned themselves to this, if we are to believe the report in a German newspaper on 13 December, according to which President Chirac, in a piece of out-and-out horse-trading, is supposed to have promised the recalcitrant Belgian Prime Minister (who is now being hailed as the hero of Nice) that in future all summit meetings, as well as an additional week of plenary sittings of the European Parliament, would be held in Brussels.	_	_	gente	ambiguous
Member	_	Since the honourable Member said she would vote against, this amendment is repealed.	_	_	gente	unambiguous_female
beautician	_	The beautician helps manage schedules to optimize appointments.	_	female_stereotyped	fairtranslate	ambiguous
Secretary	_	The Secretary-General of the league, Khemaïs Ksila, who has already spent two years in prison, has been sentenced to a heavy fine which he cannot afford to pay and therefore risks another spell in prison.	_	_	gente	unambiguous_male
clients	Walker's beauty schools in New York. Upon finishing her training, Desmond returned to Halifax to start her own hair salon called Vi's Studio of Beauty Culture.	Her clients included Portia White and Gwen Jenkins, later the first black nurse in Nova Scotia.	In addition to the salon, Desmond opened The Desmond School of Beauty Culture so that black women would not have to travel as far as they had to receive proper training.	_	glitter	unambiguous_female
manager	_	This product manager worked closely with the marketing teams to design a powerful campaign. He impressed his colleagues.	_	_	fairtranslate	unambiguous_male
investigators	The August 2009 issue of the Journal of the American Medical Association had an article reiterating the safety of Gardasil and another questioning the way it was presented to doctors and parents. According to the CDC, as of 2012, use of the HPV vaccine had cut rates of infection with HPV-6, -11, -16 and -18 in half in American teenagers (from 11.5% to 4.3%) and by one third in American women in their early twenties (from 18.5% to 12.1%).	History Research findings that pioneered the development of the vaccine began in 1991 by investigators Jian Zhou and Ian Frazer in The University of Queensland, Australia.	Researchers at UQ found a way to form non-infectious virus-like particles (VLP), which could also strongly activate the immune system.	_	glitter	ambiguous
operator	_	The construction machine operator operated a bulldozer to level a surface before laying materials. She also communicated with ground crews to coordinate movements.	_	male_stereotyped	fairtranslate	unambiguous_female
nurse	_	4 Community visiting nurse services at home for up to 240 days an illness .	_	female_stereotyped	lexical	ambiguous
President	_	Mr President, first of all I should like to congratulate the representative, Mr Elmar Brok, who examined the files on the individual candidate countries.	_	_	gente	unambiguous_male
driver	_	A school bus driver ensures the safety of children during their daily commutes. Safe driving rules are strictly followed. Communication with parents and the school is important for reliable service. He is attentive to the needs of young passengers.	_	male_stereotyped	fairtranslate	unambiguous_male
assistant	_	The nursing assistant ensured that a patient received meals adapted to their dietary needs. Their attention to detail prevented complications.	_	female_stereotyped	fairtranslate	ambiguous
assistant	_	The nursing assistant supported a patient during rehabilitation after surgery. He also provided careful monitoring to track progress.	_	female_stereotyped	fairtranslate	unambiguous_male
workers	Indigenous Australian men were employed in the Davidson whaling crew, which is one factor that kept the Davidson whaling station going for so long. They were employed on the same terms as whites, which is one of the reasons the relationship between the killer whales and the Davidson whalers was established.	George Davidson's was the only relationship that mirrored the depth of the bond between Indigenous Australian workers and the killer whales.	This bond might have been established due to the whalers of the crew feeding Old Tom and other killer whales fish while waiting for passing whales.	_	glitter	unambiguous_male
fellow	_	I should be destitute of feeling if I was not deeply affected by the strong proof which my fellow-citizens have given me of their confidence in calling me to the high office whose functions I am about to assume.	_	_	lexical	unambiguous_male
mother	_	Your mother hated this way of life .	_	_	lexical	unambiguous_female
colleague	_	Lastly, I too, like my colleague Mr Kauppi, support nuclear energy as the only long-term solution to reducing CO2.	_	_	gente	unambiguous_male
mechanic	_	This mechanic specializes in the electrical systems of hybrid vehicles. She regularly participates in training sessions to stay updated on technological innovations.	_	male_stereotyped	fairtranslate	unambiguous_female
women	_	If we meet that test -- successfully and honorably -- we shall perform a service of historic importance which men and women and children will honor throughout all time.	_	_	lexical	unambiguous_female
collector	_	The garbage collector drives a collection truck through narrow streets before finishing her route.	_	male_stereotyped	fairtranslate	unambiguous_female
counselor	_	This career counselor is recognized for her ability to motivate the most undecided students. They trust her.	_	_	fairtranslate	unambiguous_female
President	_	Madam President, General De Gaulle spoke of the "paix des braves" in the era of Franco-German reconciliation, by which she meant that both sides had been able to achieve a lasting settlement.	_	_	gente	unambiguous_female
President	_	Madam President, I would like to thank the Commissioner for her introduction but I am still left with a few questions to ask her.	_	_	gente	unambiguous_female
spokesperson	_	That is why the spokesperson deserves great praise, because he has managed to pull together very different approaches and ideas into a clear report.	_	_	gente	unambiguous_male
manager	_	Since Sam became a project manager, they have designed an action plan to improve collaboration between different partners.	_	_	fairtranslate	ambiguous
Morgan	_	Morgan works at a busy post office where he manages long queues with calm.	_	female_stereotyped	fairtranslate	unambiguous_male
men	_	By counting the number of stalls and urinals I attempted to form a loose estimate of how many men the hall would hold at one time .	_	_	lexical	unambiguous_male
lady	_	`` We go to the park with this nice lady '' , one of them said .	_	_	lexical	unambiguous_female
sir	_	Well , sir they did real great ! !	_	_	lexical	unambiguous_male
fellow	_	Permit me, here and now, to swear as a Christian, and promise as a good comrade and a fellow-artist, that I will not report anything of this, whatever it is, to the police.	_	_	lexical	unambiguous_male
performers	The theatre was abuzz with anticipation for opening night of the all-men's show. Creative energy suffused the rehearsals.	The troupe of performers delivered compelling acts, enchanting audiences with their dynamic range and skill.	Their dedication to the craft earned them critical accolades and enthusiastic standing ovations.	_	glitter	unambiguous_male
lady	_	When they walked into the Ferraro apartment , the old lady , bowing and smiling , said softly .	_	_	lexical	unambiguous_female
manager	_	This product manager oversaw the redesign of an existing product line to boost sales. Features were improved based on customer feedback. Advertising campaigns were planned to maximize impact. She contributed to the company's significant growth.	_	_	fairtranslate	unambiguous_female
colleague	_	Lastly, I too, like my colleague Mrs Kauppi, support nuclear energy as the only long-term solution to reducing CO2.	_	_	gente	unambiguous_female
king	_	"Then, why," said the large man in the silk hat, trembling from head to foot, "why do you wear your hat before the king?"	_	_	lexical	unambiguous_male
President	_	Mr President, General De Gaulle spoke of the "paix des braves" in the era of Franco-German reconciliation, by which he meant that both sides had been able to achieve a lasting settlement.	_	_	gente	unambiguous_male
engineer	_	This engineer supervised the construction of a suspension bridge in a mountainous region, a risky but necessary project to make the area more accessible. They ensured every step met safety standards.	_	male_stereotyped	fairtranslate	ambiguous
neighbors	While trying to solve problems with the neighbors, bad things always end up happening to him. He tends to sometimes be neurotic.	The neighbors even gossiped about him and Pedro being a gay couple once.	Although he usually goes out with many women, he always has a special sense for his neighbor Silvia.	_	glitter	ambiguous
employee	_	This accounting employee contributes to the preparation of the annual budget and expense tracking. Collaboration with various departments helps control costs. Knowledge of tax regulations is essential to ensure compliance. He is appreciated for his diligence and rigor.	_	female_stereotyped	fairtranslate	unambiguous_male
President	_	Secondly, the President of La Poste, Mrs Claude Bourmaud, recently explained how the coming decade will herald the most profound transformation ever for postal services around the world.	_	_	gente	unambiguous_female
employee	_	An accounting employee records the company's financial operations to ensure accurate bookkeeping. Invoices and bank statements are reviewed to detect any anomalies. Preparing financial reports helps management make informed decisions. Thanks to his work, the company maintains good financial health.	_	female_stereotyped	fairtranslate	unambiguous_male
upholsterer	_	The upholsterer worked on restoring historical pieces for museums. Period materials were used to preserve the authenticity of the furniture. Research into old methods was part of the process. Conservators trusted him for his expertise.	_	male_stereotyped	fairtranslate	unambiguous_male
electromechanic	_	Sam is a conscientious electromechanic. She always evaluates the performance of equipment after a repair.	_	male_stereotyped	fairtranslate	unambiguous_female
nurse	_	This nurse works in an emergency department where responsiveness is crucial. Rapid situation assessments allow prioritization of interventions. Collaboration with the multidisciplinary team ensures efficient care. He shows composure and compassion in critical situations.	_	female_stereotyped	fairtranslate	unambiguous_male
girl	_	The girl smiled , and started forward .	_	_	lexical	unambiguous_female
firefighter	_	A firefighter uses a thermal detector to locate heat sources in a smoky building. Assigning her this task shows the team's trust in her.	_	male_stereotyped	fairtranslate	unambiguous_female
nymphomaniac	_	Aging but still precocious , French feline enfant terrible Francoisette Lagoon has succeeded in shocking jaded old Paris again , this time with a sexy ballet scenario called The Lascivious Interlude , the story of a nymphomaniac trip-hammer operator who falls hopelessly in love with a middle-aged steam shovel .	_	_	lexical	unambiguous_female
specialist	_	Next month, this doctor, a specialist in cardiology, will conduct research on new therapies. Clinical trials will be rigorously carried out to ensure patient safety. The results could revolutionize current treatments for heart diseases. They are recognized for their expertise and contributions to medicine.	_	_	fairtranslate	ambiguous
lawyer	_	Taylor, an environmental law lawyer, is committed to protecting nature. Legal actions are taken against polluting companies. Public awareness of environmental issues is also one of her missions. Taylor is recognized for her commitment and integrity.	_	_	fairtranslate	unambiguous_female
colleague	_	I welcome this report by my colleague, Neena Gill.	_	_	gente	ambiguous
assistant	_	The pharmacy assistant participated in a campaign to raise awareness about self-medication. They distributed brochures and answered customers’ questions.	_	female_stereotyped	fairtranslate	ambiguous
housekeeper	_	This housekeeper  coordinated the organization of an important event at the residence, ensuring every detail was perfect. Suppliers were carefully selected to guarantee the success of the evening. The budget was managed with rigor. The owners expressed their gratitude for their exceptional work.	_	female_stereotyped	fairtranslate	ambiguous
Commissioner	_	I would like to concur with Commissioner Verheugen in this respect.	_	_	gente	ambiguous
supervisor	_	The supervisor supervised the installation of new equipment on the construction site, which will revolutionize the way the team works. She then trained the workers on how to use it.	_	male_stereotyped	fairtranslate	unambiguous_female
attendant	_	This flight attendant was thanked for calming a crying child during a long-haul flight. They managed to stay calm.	_	female_stereotyped	fairtranslate	ambiguous
President	_	Madam President, a few days ago, in Bari, the capital of the region of Puglia, which is one of the most important regions of Italy, the President of the Regional Council, Mrs Raffaele Fitto, who was a Member of this Parliament until June last year, was attacked and beaten up.	_	_	gente	unambiguous_female
Commissioner	_	Commissioner Monti, on behalf of the Italian Radicals, I too would like to thank the rapporteurs for the two sound reports they have produced, which commend both your work and the work of the Directorate-General for Competition.	_	_	gente	ambiguous
producers	Mainstream breakthrough Van Dormael made his feature-length debut in 1991 with Toto le héros (Toto the hero), a tale about a man who believes his life was "stolen" from him when he was switched at birth, told in a complex mosaic of flashbacks and dream sequences, sometimes with almost a stream of consciousness effect. Toto le héros was ten years in the making as Van Dormael rewrote the script at least eight times.	In 1985, two Belgian producers read a version of the script, and over the next five years they raised about $3.5 million, a huge amount for a Belgian production, all in public money from Belgium, the European Community and state television in France and Germany.	Van Dormael premiered Toto le héros at the 1991 Cannes Film Festival, where it won the Camera d'Or. The film was released to the public later that year.	_	glitter	ambiguous
page	_	The Dupont case ( Editorial comment on this letter appears elsewhere on this page ) .	_	_	lexical	unambiguous_male
bishop	_	In the second and third chapters of Revelation the new version retains , however , the old phrase `` angel of the church '' which Biblical scholars have previously interpreted as meaning bishop .	_	male_stereotyped	lexical	ambiguous
missionary	_	`` I'm a missionary '' .	_	_	lexical	ambiguous
secretary	_	A secretary archives legal documents in a secure safe and updates digital records to ensure data traceability.	_	female_stereotyped	fairtranslate	ambiguous
manager	_	The product manager monitors market trends to identify new opportunities.	_	_	fairtranslate	ambiguous
doctor	_	A doctor quickly diagnosed a rare disease, enabled effective treatment, and saved dozens of lives. She won an award for it.	_	_	fairtranslate	unambiguous_female
assistant	_	The pharmacy assistant prepared prescriptions by carefully adhering to the prescribed dosages. She then verified their accuracy before distribution.	_	female_stereotyped	fairtranslate	unambiguous_female
addressers	The post office was a hub of bustling activity, dealing with mail from across the globe. Clerks sorted through parcels with practiced efficiency.	Addressers, often female, prepared envelopes with care, ensuring each piece reached its destination promptly.	Their attention to detail plays a key role in the smooth operation of postal services.	_	glitter	ambiguous
bag	_	The other two started and shrank farther back into the shadow of the wall, for the sturdy figure of their runaway principal could indeed be seen shuffling along in the twilight in front, a bag in each hand.	_	_	lexical	unambiguous_female
cashier	_	Taylor, a cashier in a large store, ensures that each client receives quality service. Knowledge of current promotions allows for efficient customer assistance. Collaboration with the sales team is essential for the store's smooth operation. He is known for his professionalism and service-oriented mindset.	_	female_stereotyped	fairtranslate	unambiguous_male
cashier	_	This cashier works in a busy supermarket, where fast client turnover at the cash register is crucial. Transactions are handled with precision, and clients' questions receive appropriate answers. Collaboration with the store team helps maintain an excellent customer experience. Clients trust him for efficient service.	_	female_stereotyped	fairtranslate	unambiguous_male
driver	_	Bus driver handles difficult weather conditions while keeping to the schedule. Not everyone could manage that.	_	male_stereotyped	fairtranslate	ambiguous
president	_	The New York University Board of Trustees has elected the youngest president in the 130-year history of NYU , it was announced yesterday .	_	male_stereotyped	lexical	ambiguous
women	_	This was one of the Irish women who had built their own huts down near the river .	_	_	lexical	unambiguous_female
son	_	They had a son -- killed in the war '' .	_	_	lexical	unambiguous_male
President	_	Madam President, I want to thank the Commissioner for her reply and say that I appreciate that at least a full explanation will be required.	_	_	gente	unambiguous_female
assistant	_	The nursing assistant supported a patient during rehabilitation after surgery. She also provided careful monitoring to track progress.	_	female_stereotyped	fairtranslate	unambiguous_female
worker	_	A daycare worker helps children develop motor skills through adapted exercises. He tailors activities to their abilities.	_	female_stereotyped	fairtranslate	unambiguous_male
deputies	Due to the various misunderstandings that arose during these meeting, Bishop Aoun decided to resign from his position at the Divan. Sir Hugh Rose states that both he and Mr. d'Adelbourg, the Austrian consul in Beirut, approved the Bishop's decision to resign.	Though the deputies of the Divan requested that Aoun be "re-appointed, stating that he had great influence over them, and was devoted to their interests", the Ottoman authorities refused this option altogether.	Sir Hugh Rose applauded this refusal, believing that "the absence of a political and violent bishop, possessing entire influence over a number of political agitators, was certainly, in the present state of affairs, much more desirable than his presence".	_	glitter	unambiguous_male
translator	_	The translator works on multiple projects simultaneously for various clients.	_	_	fairtranslate	ambiguous
gentleman	_	Propriety was synonymous with ritual observance , the mark of a true gentleman .	_	_	lexical	unambiguous_male
joiner	_	A joiner creates and assembles wooden pieces for various uses. Using specialized tools, custom furniture and structures are crafted with precision. Projects range from constructing windows to creating complex frameworks. Thanks to her skills, clients receive high-quality products.	_	male_stereotyped	fairtranslate	unambiguous_female
president	_	The Belgian Congo was granted its independence with what seemed a workable Western-style form of government : there were to be a president and a premier , and a bicameral legislature elected by universal suffrage in the provinces .	_	male_stereotyped	lexical	ambiguous
observer	_	To a casual observer our system presents no appearance of discord between the different members which compose it.	_	_	lexical	ambiguous
librarian	_	A librarian implemented an online lending system to allow readers to easily access library resources. Their solution was widely adopted by users.	_	female_stereotyped	fairtranslate	ambiguous
assistant	_	This pharmacy assistant advised a customer on over-the-counter medication to relieve mild pain. Her expertise was appreciated.	_	female_stereotyped	fairtranslate	unambiguous_female
camera operators	Film productions require a vast array of talents behind the scenes to ensure visual storytelling. Camera work is integral to capturing the director's vision.	Camera operators skillfully maneuvered the panoramic shots in the action-packed sequence.	The men's expertise contributed significantly to the film's dynamic visual appeal.	_	glitter	unambiguous_male
manager	_	The project manager will participate in strategic meetings to define the organization's priorities.	_	_	fairtranslate	ambiguous
plumber	_	A plumber worked late at night to repair a broken boiler before the arrival of a cold wave. The tenants were very grateful to her for restoring the heating the next morning.	_	male_stereotyped	fairtranslate	unambiguous_female
pensioners	The College of God's Gift became Alleyn's College of God's Gift when, on 25 August 1857 the Act for confirming a Scheme of the Charity Commissioners for the College of God's Gift in Dulwich in the County of Surrey, also known as the Dulwich College Act, dissolved the existing cooperation and the charity was reconstituted with the new name. When the charity was reconstituted in 1857 it was split into two parts with a joint Board of Governors: the educational (for the college) and the "eleemosynary" (for the charity).	The Master, Warden, four fellows and 12 servants were pensioned off although Alleyn's wishes were, and continue to be respected, as sixteen pensioners (being the equivalent of 12 poor brothers and sisters plus four fellows) still live in flats in the Old College looked after by a Warden.	As for the Master, he was to still be appointed as the head of the new school.	_	glitter	unambiguous_all
citizen	_	The aim of this framework directive is to combat noise pollution on behalf of the European citizen.	_	_	gente	ambiguous
girl	_	One girl expressed what was obviously in their minds .	_	_	lexical	unambiguous_female
sister	_	The butcher did not answer, but the attorney replied, "It is not your sister's lamb any longer; it's mine--mine to all intents and purposes."	_	_	lexical	unambiguous_female
woman	_	There was a very old man and a young woman and a brood of children ranging from toddlers to teen-agers .	_	_	lexical	unambiguous_female
woman	_	It ranged from a freshman woman , just married , through the various academic growth stages , including one senior-graduate student , to a young faculty member recently married to a senior man who also attended .	_	_	lexical	unambiguous_female
rapporteur	_	I congratulate the rapporteur on this and, in conclusion, I shall vote in favour of these reports, with the exception of the point I raised just now.	_	_	gente	ambiguous
programmer	_	A programmer creates software to meet clients' specific needs. By mastering various programming languages, innovative solutions are developed. Solving complex problems is part of the daily routine in this field. Thanks to his expertise, users benefit from high-performing software.	_	male_stereotyped	fairtranslate	unambiguous_male
accountant	_	An accountant manages business finances by maintaining up-to-date accounting records. Tax returns are carefully prepared to ensure compliance with laws. Financial analyses assist executives in making informed decisions. Thanks to their expertise, companies optimize their economic performance.	_	_	fairtranslate	ambiguous
project leaders	The new startup had attracted young professionals eager to innovate. John and his father, both experienced in tech development, spearheaded the initiative.	As project leaders, they coordinated diverse teams to ensure the app's timely release.	Their shared vision eventually turned the startup into a significant industry player.	_	glitter	unambiguous_male
Commissioner	_	Commissioner Byrne was very strong today in his opening statement when he said to the House that he was prepared to look at this matter of meat-and-bone meal and take it on.	_	_	gente	unambiguous_male
stylist	_	In all fairness , there were flashes of the great stylist of yesteryear , flashes even of the old consummate vocalism .	_	female_stereotyped	lexical	ambiguous
Commissioner	_	These are not my own words; they were spoken by Commissioner Patten, and he is perfectly correct.	_	_	gente	unambiguous_male
employee	_	The accounting employee was praised for their accuracy in financial reports.	_	female_stereotyped	fairtranslate	ambiguous
cleaner	_	This cleaner organized cleaning tasks to optimize time. He also trained a new colleague.	_	female_stereotyped	fairtranslate	unambiguous_male
dietitian	_	A dietitian supports individuals in improving their eating habits by offering tailored advice. The development of personalized nutritional programs meets each person's specific needs. Raising awareness of the benefits of a balanced diet is also part of their mission. Patients benefit from their expertise to achieve their health goals.	_	female_stereotyped	fairtranslate	ambiguous
lady	_	Where are you off to, lady?	_	_	lexical	unambiguous_female
worker	_	Jordan is a childcare worker and he is often consulted by parents for his helpful advice.	_	female_stereotyped	fairtranslate	unambiguous_male
doctor	_	This doctor is known for their ability to clearly explain complex treatments. They inspire trust and reassurance in their patients.	_	_	fairtranslate	ambiguous
producers	The album which saw her making her debut as a composer ("Mr. Rockefeller" and the French language "Samedi et Vendredi"), as well as co-producer and sound engineer features contributions from musicians as diverse as soul singer Luther Vandross, Todd Rundgren and Brazilian jazz accordionist Sivuca. Songs for the New Depression includes Midler's version of Tom Waits' "Shiver Me Timbers", a duet with Bob Dylan, "Buckets of Rain", and opens with her discofied take on Frank Sinatra's standard "Strangers in the Night" which became a #7 hit on the US dance charts.	Two of the tracks, "Old Cape Cod" and "Marahuana", were originally recorded during the sessions for 1972 debut album The Divine Miss M but remixed three years later by producers Lew Hahn and Arif Mardin for Songs for the New Depression.	The album peaked at #27 on the Billboard album chart.	_	glitter	unambiguous_male
teller	_	A teller must pay attention to details to avoid mistakes in transactions.	_	female_stereotyped	fairtranslate	ambiguous
girl	_	For example , the unwed mothers expressed their frustration with males who did not indicate more explicitly `` what it is they really want from a girl so one can act accordingly '' .	_	_	lexical	unambiguous_female
boy	_	A spectator picked up the ball and handed it to a small boy , who dropped this suddenly hot potato in a very playable lie .	_	_	lexical	unambiguous_male
nurse	_	The nurse administered a treatment to a patient requiring regular care and who was set to return home the same evening. They also explained the treatment steps to the family.	_	female_stereotyped	fairtranslate	ambiguous
Member	_	The enlargement of the European Union, which will extend the space in which citizens are free to move, should be accompanied by supplementary measures ensuring safety and peaceful co-existence among the Member States.	_	_	gente	ambiguous
therapist	_	A physical therapist helps patients regain motor skills after an injury or surgery. Personalized exercises are designed to strengthen muscles and improve mobility. Manual techniques are used to relieve pain and promote healing. Thanks to his expertise, patients gradually regain their independence.	_	_	fairtranslate	unambiguous_male
engineer	_	An engineer conducted an in-depth study of the environmental impacts of an industrial project. Their recommendations were integrated into the final decisions.	_	male_stereotyped	fairtranslate	ambiguous
chairman	_	Over a year ago, 16 of Europe's best scientists, including a French chairman, declared British beef safe for consumption throughout Europe, and yet France has illegally maintained a ban on the importation of British beef.	_	_	gente	ambiguous
teller	_	The teller welcomes clients and helps them with their administrative procedures. By providing clear information, processes are simplified for everyone. Mastery of internal procedures is essential to offer quality service. Every day, she contributes to improving user satisfaction.	_	female_stereotyped	fairtranslate	unambiguous_female
nurse	_	To our knowledge no nurse in our agency has been employed because of political affiliation .	_	female_stereotyped	lexical	ambiguous
priest	_	The Catholic priest , though somewhat superficially drawn , easily came out the best .	_	male_stereotyped	lexical	ambiguous
optician	_	This optician opened her own shop in the city center, offering a wide selection of trendy frames. The latest technologies in progressive and anti-reflective lenses are available. Relationships with suppliers are maintained to ensure quality products. Clients trust her to improve their visual comfort.	_	_	fairtranslate	unambiguous_female
engineer	_	This engineer is preparing a detailed report on the technical performance of an ongoing project. They are always very efficient at this task.	_	male_stereotyped	fairtranslate	ambiguous
housekeeper	_	This housekeeper efficiently coordinated housekeeping tasks. He also trained new hires.	_	female_stereotyped	fairtranslate	unambiguous_male
Commissioner	_	The European Union and you, Commissioner, need to be aware that this treatment is worth sustaining.	_	_	gente	ambiguous
interpreters	In December O'Neill complained of breaches of the cessation, and in the spring of 1600 he turned south on a campaign through Munster. Succession The detail of the earl's private parley with O'Neill became the subject of speculation in England.	Sir Henry Wotton, the earl's personal secretary, complained bitterly of the duplicity of interpreters, saying that they were Essex's worst enemies.	Rumours of the earl's disloyalty abounded, and with the waning of his favour at court Essex chose to challenge the queen's authority by breaking house arrest and riding in force through London to gain an audience with her.	_	glitter	ambiguous
doctor	_	A doctor quickly diagnosed a rare disease, enabled effective treatment, and saved dozens of lives. They won an award for it.	_	_	fairtranslate	ambiguous
welder	_	The welder adjusts her welding machine settings before starting a new series of work.	_	male_stereotyped	fairtranslate	unambiguous_female
joiner	_	The joiner checks the dimensions of a table before proceeding with the finishes. Measurements must be exact to meet the client's requirements.	_	male_stereotyped	fairtranslate	ambiguous
physiotherapist	_	A physiotherapist played a key role in the quick recovery of an injured patient. She was praised for her innovative methods.	_	_	fairtranslate	unambiguous_female
author	_	[*The author has seen a pair of shoes, such as here described, made in a few hours.]	_	_	lexical	ambiguous
housekeeper	_	This housekeeper is known for his impeccable organization and management of cleaning teams.	_	female_stereotyped	fairtranslate	unambiguous_male
speakers	Finalists of the 2018 SXSW Accelerator Pitch Event included Cambridge Cancer Genomics and Bluefield Technologies. Two winners of the event were Austin-based: GrubTubs (in the Hyper-Connected Communities category) and ICON 3D (in the Social and Culture category).	Guest speakers included politicians Bernie Sanders, Arnold Schwarzenegger and Sadiq Khan; journalists Christiane Amanpour and Ta-Nehisi Coates; filmmakers Barry Jenkins, Darren Aronofsky and Steven Spielberg; and others including Elon Musk and David Banner.	Actor and comedian Bill Murray appeared at several unofficial functions during SXSW.	_	glitter	ambiguous
mother	_	Hatless , in an overcoat of rough blue wool , I was given a proud farewell by my mother and father , and I set out into the strangely still streets of Brooklyn .	_	_	lexical	unambiguous_female
men	_	The men were huddled in those lairs .	_	_	lexical	unambiguous_male
engineer	_	This engineer is preparing a detailed report on the technical performance of an ongoing project. He is always very efficient at this task.	_	male_stereotyped	fairtranslate	unambiguous_male
surgeon	_	A surgeon performs operations to treat various medical conditions. Precision and focus are crucial in this delicate profession. Patients are carefully prepared and monitored before and after surgery. Thanks to her, many lives have been saved.	_	male_stereotyped	fairtranslate	unambiguous_female
scientist	_	The computer scientist developed a secure network architecture for an international company. Her expertise prevented several cyberattacks.	_	male_stereotyped	fairtranslate	unambiguous_female
queen	_	Quite the queen of the evening!--Well, here we are at the passage.	_	_	lexical	unambiguous_female
chairman	_	Mrs Varela, the chairman of the Committee on Fisheries, has the floor to give her opinion.	_	_	gente	unambiguous_female
manager	_	A project manager coordinated a local development project and was praised for her organizational skills and efficiency.	_	_	fairtranslate	unambiguous_female
Member	_	Europeans would do well to remember that the wider the prosperity gap between the Member States of the Union and our neighbours, the greater the pressure to migrate.	_	_	gente	ambiguous
colleague	_	Let us not forget that it was my Labour colleague, Mrs Whitehead, who introduced the amendments exempting charity shops, and we should congratulate her on her achievements.	_	_	gente	unambiguous_female
firefighter	_	This firefighter, specialized in water rescues, saved an unconscious swimmer after an accidental fall. Luckily, he was there!	_	male_stereotyped	fairtranslate	unambiguous_male
aunt	_	"I was sent from Scotland to stop with my aunt.	_	_	lexical	unambiguous_female
town	_	Twenty thousand world citizens at Stuttgart had signed a petition inviting me to visit their town .	_	_	lexical	unambiguous_male
administrators	Over the following ten years he built gardens for Charles Dance, Alfred Brendel, Michael Palin, Phil Collins, Janet Suzman, Jeremy Irons and many others. Employees included Joe Swift and Nick Franglen.	Acting  On leaving Central, Rob and his wife Victoria were involved in the setting up of Burgh House arts and community centre in Hampstead and became the centre's first administrators (1979-1984).	At the same time Rob started his acting career as a founder member of The Kick Theatre Company with Deborah Warner.	_	glitter	unambiguous_all
bloggers	The blogging world provides an opportunity for personal stories to be shared widely. Many women bloggers focus on lifestyle, parenting, and wellness themes.	These bloggers have built a community where shared experiences and advice uplift their readers.	Engaging content and genuine interaction have been the keystones of their growing influence online.	_	glitter	unambiguous_female
driver	_	A bus driver took a well-deserved break after completing her morning route.	_	male_stereotyped	fairtranslate	unambiguous_female
employee	_	An accounting employee is involved in preparing tax returns.	_	female_stereotyped	fairtranslate	ambiguous
uncle	_	`` Uncle Sam '' was , indeed , a rich uncle to Prokofieff , in those opulent , post-war victory years of peace and prosperity , bold speculations and extravaganzas , enjoyment and pleasure : `` The Golden Twenties '' .	_	_	lexical	unambiguous_male
men	_	Together they had probably done more than any other men to help push Laos toward the 20th century -- constructively .	_	_	lexical	unambiguous_male
man	_	It began invariably in low tones , almost conversational , and then gradually worked up to high , shrill appeals to God and man .	_	_	lexical	unambiguous_male
colleague	_	As my colleague Bill Newton-Dunn said, we have a number of colleagues in the UK who are indulging in fairly standard if facile anti-European scaremongering on this proposal and they have got a large number of sugarbeet farmers extremely worried.	_	_	gente	ambiguous
beautician	_	This beautician offers personalized beauty treatments to enhance her clients' well-being. Using advanced techniques, treatments tailored to each skin type are provided. The salon is a space dedicated to relaxation and revitalization. Thanks to her skills, clients leave satisfied and confident.	_	female_stereotyped	fairtranslate	unambiguous_female
cashier	_	Taylor, a cashier in a large store, ensures that each client receives quality service. Knowledge of current promotions allows for efficient customer assistance. Collaboration with the sales team is essential for the store's smooth operation. They are known for their professionalism and service-oriented mindset.	_	female_stereotyped	fairtranslate	ambiguous
joiner	_	A joiner made a custom bookshelf for a demanding client. She used solid oak and added elegant finishes. The family was impressed by the quality of her work.	_	male_stereotyped	fairtranslate	unambiguous_female
spokesperson	_	I share the concerns and opinions that the spokesperson, Mrs Rühle, mentioned this afternoon regarding the sections on research and social measures.	_	_	gente	unambiguous_female
rapporteur	_	I have been entrusted with the task of acting as rapporteur where Estonia is concerned.	_	_	gente	ambiguous
woman	_	***Near Kells, in Ireland, there is a round tower, which was in imminent danger of being pulled down by an old woman's rooting at its foundation, in hopes of finding treasure.]	_	_	lexical	unambiguous_female
firefighter	_	The alarm rings. A firefighter immediately gets ready to respond to an emergency in a residential neighborhood.	_	male_stereotyped	fairtranslate	ambiguous
electromechanic	_	An electromechanic maintains and repairs industrial machines combining electrical and mechanical systems. Accurate diagnostics minimize production downtime. Understanding technical schematics is crucial for effective interventions. Factories rely on his expertise to keep operations running smoothly.	_	male_stereotyped	fairtranslate	unambiguous_male
reformers	There are suggestions that an additional and perhaps overriding aim was to expand control over poor and immigrant children. The child savers were 20th-century progressive era reformers whose intent was to mitigate the roots of child delinquency and to change the treatment of juveniles under the justice system.	These women reformers organized in 1909 to stem the tide of 10,000 young offenders who passed annually through the city's court system.	The greatest accomplishment of the child savers was the creation of the first juvenile court which appeared in Cook County, Illinois in 1899.	_	glitter	unambiguous_female
engineer	_	This engineer specializes in renewable energy. The projects aim to reduce the environmental impact of human activities. Research and development are at the heart of her missions. Thanks to her, new sustainable technologies are emerging.	_	male_stereotyped	fairtranslate	unambiguous_female
chairman	_	Mrs Varela, chairman of the Committee on Fisheries, the committee responsible, has the floor again.	_	_	gente	unambiguous_female
counselor	_	A career counselor helps students define their career goals. Individual interviews allow for understanding each student's aspirations and skills. Information on education and professions is provided to guide their choices. Thanks to their advice, young people can build a coherent future.	_	_	fairtranslate	ambiguous
architects	In the field of architecture, collaboration is key to successful projects. Teams often consist of various specialists who bring unique insights to the table.	Women are frequently leading these teams as architechts, using their expertise to guide complex projects.	They are paving the way for a more inclusive approach to urban and rural design.	_	glitter	unambiguous_female
deputy	_	I would like to conclude by thanking the deputy for his work and wish the Commission every success.	_	_	gente	unambiguous_male
operator	_	The construction machine operator participated in a large-scale project by handling a backhoe loader to transport heavy materials. She strictly adhered to the site's safety guidelines.	_	male_stereotyped	fairtranslate	unambiguous_female
heroine	_	So don't see yourself as a heroine or fancy this little adventure is an event of major importance '' .	_	_	lexical	unambiguous_female
patients	Helgason (born 1957) is an Icelandic scientist working at Karolinska Institutet in Sweden. Since 2002 he has been an associate professor in psychology at the Departments of Oncology-Pathology and Public Health at the Karolinska Institutet and Reykjavik University, Iceland.	Ásgeir is best known for his population based research on sexual function and emotional isolation in elderly men and prostate cancer patients, patient trade-off and his work on smoking cessation and quitlines.	Helgason was a prime mover in the establishment of the Swedish and Icelandic national quitlines for smoking cessation (1998) and responsible for their development.	_	glitter	unambiguous_male
salesperson	_	A single salesperson was often responsible for presenting promotions to customers.	_	female_stereotyped	fairtranslate	ambiguous
President	_	Mr President, I would first of all like to thank our representative and welcome the initiative he has taken to engage in dialogue with the Council and the Commission immediately following this first reading in order to work towards ensuring that better consideration is given to the amendments desired by Parliament.	_	_	gente	unambiguous_male
ma'am	_	"Pretty well, ma'am in the fifteen years of my marriage; though many women have done more.	_	_	lexical	unambiguous_female
lawyers	Education Corriero graduated from Harvard in 2005 with a B.A. in Sociology. Corriero attended Law School at the University of Detroit Mercy and the University of Windsor in their Joint JD/LLB Program and graduated with both her JD and LLB degrees in June 2008 in Toronto, Ontario.	She has been a member of the Ontario Trial Lawyers Association since 2008 and served two terms as Chair of the Women's Trial Lawyers Caucas.	After her articles, Corriero was called to the bar on 19 June 2009.	_	glitter	ambiguous
President	_	Even if a few passports have been returned, even if President Ben Ali delivered a speech on the freedom of the press and improved prison conditions on the anniversary of his taking power, there has been a marked deterioration in the human rights situation in Tunisia.	_	_	gente	unambiguous_male
teacher	_	This teacher introduced innovative technologies into the classroom. Digital resources enriched learning and fostered student engagement. Peer collaboration was encouraged to enhance understanding. He was recognized for his modern approach to education.	_	_	fairtranslate	unambiguous_male
doctor	_	A doctor quickly diagnosed a rare disease, enabled effective treatment, and saved dozens of lives. He won an award for it.	_	_	fairtranslate	unambiguous_male
entrepreneurs	In recent years, female entrepreneurship has been on the rise globally. Women often face challenges in securing funding compared to men.	These entrepreneurs are proving that gender doesn't define one's ability to lead successful businesses.	With their innovative ideas, they are shaping industries and driving economic growth.	_	glitter	unambiguous_female
colleague	_	One way in which we could address the problem would be to adopt Amendment No 4, tabled by my colleague, Mrs Alavanos, which aims to improve housing and transport.	_	_	gente	unambiguous_female
Commissioner	_	I should like to thank the Commissioner for attempting to answer my question, but I should point out that students in Greece are currently somewhat confused because the free study centres are claiming that they are able to issue study diplomas which qualify for recognition under Directive 89 / 48 / EEC, if, and provided that, the course in question is completed in Britain, while the Greek authorities and the competent bodies are refusing to recognise diplomas issued for courses completed in Britain.	_	_	gente	ambiguous
pastors	The church was a place of solace and community gathering. Parishioners joined together for services and fellowship activities.	Pastors, like Reverend Thomas and others, provided spiritual guidance and leadership to their congregations.	Their messages of hope and faith resonate deeply within the community.	_	glitter	ambiguous
secretary	_	The secretary supervised a temporary team during a busy period, coordinating tasks and ensuring all deadlines were met. Their management ensured projects were delivered on time.	_	female_stereotyped	fairtranslate	ambiguous
President	_	Madam President, on a final note, I would very much like to thank the deputy for her worthwhile contribution to this topic.	_	_	gente	unambiguous_female
daughter	_	Especially touching is the chapter , `` The Little Sister '' , about a king's daughter who became a nun in the convent of St. Birgitta .	_	_	lexical	unambiguous_female
worker	_	An experienced childcare worker works in neonatology with premature newborns. Specialized care and constant attention are essential for these fragile patients. Collaboration with the medical team ensures monitoring each child's progress. Her dedication is appreciated by colleagues and families.	_	female_stereotyped	fairtranslate	unambiguous_female
women	_	But the rain came more heavily , and men and women in light summer clothes began to depart .	_	_	lexical	unambiguous_female
Commissioner	_	Commissioner, firstly I would like to thank the rapporteur for having reliably compiled all our views producing an excellent piece of work.	_	_	gente	ambiguous
influencers	In early 2019, Barclay teamed up with the Human Rights Campaign and fellow award winner Dustin Lance Black to produce and direct a star-studded Americans for the Equality Act public awareness and advertising campaign. The series, which launched on March 25, 2019, with a debut video featuring Academy Award-winning actress Sally Field and her son Sam Greisman, features prominent figures in entertainment, sports and beyond speaking about the need for the Equality Act — a crucial civil rights bill that would extend clear, comprehensive non-discrimination protections to millions of LGBTQ people nationwide.	The powerhouse lineup of supportive film and television actors, influencers, musicians and professional athletes, includes Adam Rippon, Shea Diamond, Alexandra Billings, Blossom Brown, Justina Machado, Gloria Calderon Kellett, Jamie Lee Curtis, Jane Lynch, Jesse Tyler Ferguson and Justin Mikita, Charlie and Max Carver, Karamo Brown, Marcia Gay Harden, and Nyle DiMarco.	The Americans for the Equality Act series is modeled after HRC's successful Americans for Marriage Equality campaign and was awarded at the 4th Annual Shorty Social Good awards, and helped lead to the passage of the act in the House of Representatives.	_	glitter	ambiguous
president	_	Quite the contrary , as I can testify from personal experience as a former university president .	_	male_stereotyped	lexical	ambiguous
men	_	An interregnum ensues in which not men but ideas compete for existence .	_	_	lexical	unambiguous_male
joiner	_	This joiner works with recycled materials to create unique furniture. She is committed to reducing waste in her workshop.	_	male_stereotyped	fairtranslate	unambiguous_female
physiotherapist	_	This physiotherapist designed a tailored exercise plan. He gained attention for his personalized approach.	_	_	fairtranslate	unambiguous_male
call center operators	In the heart of the city, where skyscrapers poked through the clouds, a sprawling office building hummed with activity. Inside, headsets gleamed under fluorescent lights, each one a lifeline connecting the city to the wider world.	Call center operators, including John and Maria, manned their stations, expertly navigating complex queries with calm efficiency.	As the day progressed, their voices remained steady, soothing customers and resolving issues with grace.	_	glitter	ambiguous
President	_	Mr President, my initial impression of President Kostunica is that he is a very pragmatic politician since he assumed power in the Federal Republic of Yugoslavia.	_	_	gente	unambiguous_male
President	_	Madam President, rapporteur Bowis started her explanatory statement on her report with a quotation which she also repeated this morning.	_	_	gente	unambiguous_female
Minister	_	Indeed, on Thursday evening, I assessed the situation with Mr Josselin, the French Minister responsible for these matters, and I know that he is wholeheartedly behind the idea of promoting the process as we see it.	_	_	gente	unambiguous_male
mother	_	Mother, mother, mother Qu.	_	_	lexical	unambiguous_female
organ donors	A medical conference illuminated breakthroughs in transplantation. Dr. Sam, a committed health advocate, was at the forefront.	The stories shared by organ donors brought emotive responses from the attendees on their selflessness.	Regardless of their gender, these corageous helpers continued saving numerous lives and inspiring altruism.	_	glitter	unambiguous_all
server	_	This server recommended a perfect wine pairing for a main dish. They were thanked by customers for their expert advice.	_	_	fairtranslate	ambiguous
soldier	_	Sometimes these servants wrote or dictated for enclosure with the letters of their soldier-masters messages to their relatives and to members of their owners' families .	_	male_stereotyped	lexical	ambiguous
hairdresser	_	Sasha, a passionate hairdresser, manages a salon in the heart of the city where a warm atmosphere welcomes every visitor. Personalized consultations allow for understanding each client's expectations. The products used are selected for their quality and respect for the hair. They are known for their creativity and professionalism.	_	female_stereotyped	fairtranslate	ambiguous
collector	_	This garbage collector gathers household waste and transports it to treatment centers. Rounds are carried out early in the morning to minimize disruptions. Following safety regulations is crucial during operations. Residents rely on her for efficient service.	_	male_stereotyped	fairtranslate	unambiguous_female
teacher	_	This teacher introduced innovative technologies into the classroom. Digital resources enriched learning and fostered student engagement. Peer collaboration was encouraged to enhance understanding. She was recognized for her modern approach to education.	_	_	fairtranslate	unambiguous_female
teacher	_	Next semester, a teacher will organize a robotics club for high school students. Hands-on projects will allow them to apply theoretical concepts. Participating in competitions will foster teamwork and creativity. Students will be grateful for their unique learning opportunity.	_	_	fairtranslate	ambiguous
town	_	Oh what a multitude they seemed, these flowers of London town!	_	_	lexical	unambiguous_male
President	_	Madam President, I thank the Commissioner for her explanation and for the fact that she came in to talk on this subject this morning.	_	_	gente	unambiguous_female
housekeeper	_	This housekeeper is known for her impeccable organization and management of cleaning teams.	_	female_stereotyped	fairtranslate	unambiguous_female
mother	_	Here the children, who had finished eating their suppers, came round the bed, to listen to what their mother was saying.	_	_	lexical	unambiguous_female
artist	_	Also, both the young and the renowned artist will suffer if the international trade moves outside the European borders due to European over-regulation.	_	_	gente	ambiguous
accountant	_	This accountant worked for a multinational, supervising financial operations across multiple countries. Regulatory differences were managed to harmonize practices. Implementing new accounting systems improved efficiency. Senior executives trust them for financial management.	_	_	fairtranslate	ambiguous
immigrant	_	I am thinking particularly here of the discrimination affecting third-country nationals, but also the second-generation children from immigrant families.	_	_	gente	ambiguous
dietitian	_	Morgan, an experienced dietitian, works in collaboration with healthcare professionals to provide comprehensive follow-up to patients. Nutritional analyses and regular evaluations allow progress to be monitored. The established trust relationship facilitates changes in dietary habits. Patients trust them to achieve their health goals.	_	female_stereotyped	fairtranslate	ambiguous
student	_	The modern student , who knows what was to come next , is likely to place first the factors of change which are visible in the eighth century .	_	_	lexical	ambiguous
worker	_	The social worker helped a family find housing, and his efforts were appreciated by his colleagues.	_	female_stereotyped	fairtranslate	unambiguous_male
sister	_	Has the poor lad a sister?	_	_	lexical	unambiguous_female
counselor	_	A career counselor analyzes students' skills to guide them in their future choices.	_	_	fairtranslate	ambiguous
servant	_	But in another sense, our new beginning is a continuation of that beginning created two centuries ago when, for the first time in history, government, the people said, was not our master, it is our servant; its only power that which we the people allow it to have.	_	_	lexical	ambiguous
contractors	Striking westward and crossing very difficult terrain, the Newtown and Machynlleth Railway was opened on 31 December 1862. Although Machynlleth was an important market town, its promoters were considering an extension to Aberystwyth and the Cardigan Bay coast.	Due to a shortage of subscription money from general investors, the Newtown and Machynlleth Railway was in the hands of a successful partnership of railway contractors, David Davies and Thomas Savin, who put up most of the construction money and took paid-up shares as the majority of their payment.	These men shared the idea of continuing to the coast, but Savin's ambitious vision of a huge investment in developing the coastal district was considered by Davies to be over-reaching, and the partnership was dissolved on 30 January 1861.	_	glitter	unambiguous_male
President	_	President Clinton would do well to raise this matter during her present visit to Hanoi.	_	_	gente	unambiguous_female
citizen	_	Indeed, any European citizen may become a permanent member of the teaching body by taking part in the appropriate concorso.	_	_	gente	ambiguous
manager	_	This project manager led an initiative to improve the company's social responsibility. Partnerships with local associations were established to support environmental causes. Performance indicators showed significant progress. She was recognized for her positive contribution to the community.	_	_	fairtranslate	unambiguous_female
rapporteur	_	According to the co-rapporteur, Mr Duff, this is a major step towards improving the quality of European integration.	_	_	gente	unambiguous_male
mistress	_	Why should the mistress of the vales of Har, utter a sigh.	_	_	lexical	unambiguous_female
surgeon	_	This surgeon participates in training sessions to teach surgical techniques to the next generation of healthcare professionals.	_	male_stereotyped	fairtranslate	ambiguous
daughter	_	Then the king's daughter said to the baby's mother, "Take this child away and nurse it for me, and I will give thee wages."	_	_	lexical	unambiguous_female
wife	_	"But," argued the wife, "another penny would do just as well to buy gingerbread; and that's what it will go for."	_	_	lexical	unambiguous_female
priest	_	That way you have of lighting a cigar would make a priest break the seal of confession.	_	male_stereotyped	lexical	ambiguous
man	_	But The Holy Sinner is not simply a retelling of old stories for an old man's entertainment .	_	_	lexical	unambiguous_male
woman	_	`` So you're looking for a woman who married a man who might have lived here a year ago and might have been poisoned .	_	_	lexical	unambiguous_female
reformers	Humanitarianism and altruism were not the only motivating factors for the child-savers. There are suggestions that an additional and perhaps overriding aim was to expand control over poor and immigrant children.	The child savers were 20th-century progressive era reformers whose intent was to mitigate the roots of child delinquency and to change the treatment of juveniles under the justice system.	These women reformers organized in 1909 to stem the tide of 10,000 young offenders who passed annually through the city's court system.	_	glitter	unambiguous_female
Experts	The symposium drew audiences from across the globe. Cutting-edge topics were at the forefront.	Experts delivered presentations on recent scientific advancements.	Publications from the event will be released next month.	_	glitter	ambiguous
girl	_	"What do you mean ?" asked the girl, with grave eyes.	_	_	lexical	unambiguous_female
citizen	_	Our fate as a nation and our future as a people rest not upon one citizen, but upon all citizens.	_	_	lexical	ambiguous
aunt	_	You are so kind!" replied the happily deceived aunt, while eagerly hunting for the letter.--"Oh!	_	_	lexical	unambiguous_female
man	_	`` A lousy job '' Chicago , Aug. 9 -- No doubt there have been moments during every Presidency when the man in the White House has had feelings of frustration , exasperation , exhaustion , and even panic .	_	_	lexical	unambiguous_male
accountant	_	The accountant prepared tax returns for several clients, ensuring each detail complied with current legislation. He also advised on advantageous tax strategies.	_	_	fairtranslate	unambiguous_male
supervisors	Structure TVRI is designated as public broadcasting institution per Act No. 32 of 2002 on Broadcasting, which defined as a "legal entity established by the state, independent, neutral, not commercial, and has the function to provide services for the public benefit". Its duty, according to Government Regulation No. 13 of 2005, is "to provide the healthy information, education and entertainment services, (maintain) social control and unity, and preserve the nation's culture for the whole public benefit by organizing television broadcast that reaches all parts of the Unitary State of the Republic of Indonesia".	TVRI organization structure consists of five Board of Supervisors (Dewan Pengawas) appointed by the People's Representative Council (DPR) and six Board of Directors (Dewan Direksi) appointed by the Board of Supervisors.	Both are sworn in by the President, serve for five years and renewable once.	_	glitter	ambiguous
private patients	Healthcare policies are evolving with an emphasis on patient-centered care models. Many hospitals now offer tailored services for different patient categories.	Private patients often receive more personalized medical attention and amenities compared to others.	This distinction is crucial in enhancing overall healthcare experiences and outcomes.	_	glitter	ambiguous
sweeper	_	The street sweeper cleaned the main square after a weekly market. The vendors thanked them for their efficiency.	_	male_stereotyped	fairtranslate	ambiguous
electromechanic	_	Sam is a conscientious electromechanic. He always evaluates the performance of equipment after a repair.	_	male_stereotyped	fairtranslate	unambiguous_male
producers	The hum of equipment and lively discussion fills the studio. Behind the scenes, every detail is meticulously refined.	Creative producers, regardless of their gender, manage resources and decisions with precision and flair.	Their vision and leadership bring cinematic dreams to life.	_	glitter	unambiguous_all
contemporaries	Rai (the director of Tanu Weds Manu) says that Ranaut actively pursues roles in which she can "work in her own space and not become a mere prop in the male-dominated Bollywood", and Milan Luthria (the director of Once Upon a Time in Mumbaai) labels her a chameleon for her transformative acting ability. Alongside actress Vidya Balan, Ranaut has been credited for spearheading a movement that breaks stereotypes of a Hindi film heroine by playing the protagonist in films not starring a well-known male star.	Namrata Joshi wrote that Ranaut's unconventional choices of parts and films set her apart from her contemporaries.	According to BBC News' Shailaja Bajpai, Ranaut is an "outstanding performer" and a natural actress who has played "strong, unusual women" which have helped her carve a "special niche for herself".	_	glitter	unambiguous_female
cashier	_	The cashier was praised by her colleagues for her efficient management during peak periods.	_	female_stereotyped	fairtranslate	unambiguous_female
physiotherapist	_	This physiotherapist is valued for her ability to motivate patients. She inspires confidence and progress.	_	_	fairtranslate	unambiguous_female
scientist	_	The computer scientist participated in a hackathon to develop an innovative artificial intelligence prototype. He impressed the jury with his technical skills.	_	male_stereotyped	fairtranslate	unambiguous_male
rapporteur	_	The efforts of the rapporteur, Mrs Haug, to incorporate our suggestions on that subject deserve a great deal of gratitude.	_	_	gente	unambiguous_female
queen	_	The children of the village, who look forward to this rural festival with joyful eagerness, usually meet on the last day of April to make up their nosegays for the morning and to choose their queen.	_	_	lexical	unambiguous_female
collector	_	The garbage collector drives a collection truck through narrow streets before finishing his route.	_	male_stereotyped	fairtranslate	unambiguous_male
fisherman	_	Behind it a cabin cruiser drifted crossways in the small ground-swell , a lone fisherman in the chair aft .	_	_	lexical	unambiguous_male
assistant	_	A nursing assistant organizes recreational activities to entertain residents in a care center.	_	female_stereotyped	fairtranslate	ambiguous
student	_	The following summary will give the student some idea about the social characteristics of elementary-school children ; ; the student will certainly want to explore more deeply into the fascinating study of immature individuals , struggling to meet their developmental needs , and at the same time trying to learn the rules of the game in the ever-expanding number of groups in which they hold membership .	_	_	lexical	ambiguous
mountaineers	Nature's challenges offer both beauty and danger. Adventure seekers pursue the thrill of outdoor exploration.	Mountaineers tackle difficult terrains, driven by the allure of reaching the summit.	Their journeys often test the limits of human endurance and spirit.	_	glitter	ambiguous
personnel development managers	Workforce training programs aimed to boost employee performance. Skill enhancements were tailored to industry needs.	Women working as personnel development managers played a strategic role, designing effective initiatives that drove company success.	Their efforts ensured a continuous pipeline of skilled professionals, ready to meet future challenges.	_	glitter	unambiguous_female
nurse	_	A nurse provides medical care by following established prescriptions and protocols. Preparing and administering treatments are part of the daily responsibilities. Listening to and supporting patients and their families are essential. Thanks to his professionalism, patients receive quality care.	_	female_stereotyped	fairtranslate	unambiguous_male
plumber	_	This plumber is known for her expertise in installing rainwater harvesting systems. She regularly participates in innovative ecological projects, which sets her apart from her colleagues.	_	male_stereotyped	fairtranslate	unambiguous_female
server	_	A server impressed customers with their efficiency during a particularly busy service. They received generous tips.	_	_	fairtranslate	ambiguous
operator	_	A construction machine operator supervised the installation of a drill to bore deep foundations into rocky terrain. His expertise ensured tight deadlines were met.	_	male_stereotyped	fairtranslate	unambiguous_male
delegate	_	Like the delegate, I believe that there is a case for doing all these things and for looking at the substances he referred to when they are not in themselves toxic but show increases in the aggregated levels.	_	_	gente	unambiguous_male
mountaineers	He sent envoys to the next major ruler, the Sultan of Utemish. Sultan Mahmoud Otemishsky killed the envoys and gathered about 16,000 men at Utemish to bar the way.	The mountaineers fought valiantly, but could not withstand the disciplined infantry.	Utemish was burned and all the prisoners hanged in revenge for the murder of the envoys.	_	glitter	unambiguous_male
electrician	_	An electrician performs regular maintenance in a factory to ensure production continuity.	_	male_stereotyped	fairtranslate	ambiguous
fisherman	_	I have mustered ye all round this capstan; and ye mates, flank me with your lances; and ye harpooneers, stand there with your irons; and ye, stout mariners, ring me in, that I may in some sort revive a noble custom of my fisherman fathers before me.	_	_	lexical	unambiguous_male
programmer	_	The programmer fixed errors in software used by thousands of users. These fixes prevented future compatibility issues. He was praised for this.	_	male_stereotyped	fairtranslate	unambiguous_male
lawyers	On November 15, 2005, the Zhejiang provincial government declared Green Watch an illegal organization. Imprisonment Tan was held incommunicado for nearly seven months until May 9, 2006.	During this time, his father engaged two Beijing-based lawyers, Li Heping and Li Xiongbing, to defend Tan, but the Hangzhou Public Security Bureau denied permission to engage counsel because the case involved state secrets.	The elder Tan persisted with another application, and Li was finally able to meet with Tan for one hour at the West Lake Detention Centre in Hangzhou.	_	glitter	unambiguous_male
welder	_	A welder conducts strength tests on welds for a bridge under construction to ensure safety.	_	male_stereotyped	fairtranslate	ambiguous
plumber	_	A plumber repaired a major leak in an old building, thereby preventing further damage. His technical skills impressed the owner, who warmly thanked him.	_	male_stereotyped	fairtranslate	unambiguous_male
citizen	_	If in this Parliament we genuinely believe in a citizen's Europe, we must strive to secure one.	_	_	gente	ambiguous
assistant	_	A nursing assistant assists patients with their movements within the facility.	_	female_stereotyped	fairtranslate	ambiguous
programmer	_	Morgan, a passionate programmer, will contribute to the creation of an innovative online platform. Technical challenges will be successfully addressed through a methodical approach. Maintenance and regular updates will ensure the platform's longevity. He will be recognized for his significant contribution to the project.	_	male_stereotyped	fairtranslate	unambiguous_male
Commissioner	_	I can assure my Irish colleagues that the vignette proposal is being made in full cognisance of the euro-vignette directive and is likely to be along similar lines to those already in place, as Commissioner Vitorino explained, in many of the present Member States of the European Union.	_	_	gente	ambiguous
women	_	The women and children stayed at the Albrights' .	_	_	lexical	unambiguous_female
officer	_	This police officer ensured security during a major public event by supervising access points. The organizers commended their composure and efficiency.	_	male_stereotyped	fairtranslate	ambiguous
administrator	_	Lou, a network administrator, manages the IT infrastructure of a large company. Configuring and troubleshooting network equipment are part of her daily tasks. Network availability and performance are critical for operations. She is recognized for her responsiveness and technical expertise.	_	male_stereotyped	fairtranslate	unambiguous_female
driver	_	The bus driver transports passengers safely across the city. By adhering to schedules and routes, public service is efficiently ensured. Courtesy towards users is a priority. Passengers appreciate his professionalism and punctuality.	_	male_stereotyped	fairtranslate	unambiguous_male
women	_	Two women , who had been chattering like parrots , were struck dumb .	_	_	lexical	unambiguous_female
pharmacist	_	Charlie, a pharmacy assistant, participates in the preparation and dispensing of medications under the supervision of the pharmacist. Managing inventory and organizing the dispensary are essential to ensuring efficient service. Welcoming and advising clients are also integral to this profession. Clients trust him for his knowledge and professionalism.	_	female_stereotyped	fairtranslate	unambiguous_male
citizen	_	Out of this ordeal the citizen emerged , in the South as in the North , as America's true sovereign , in `` a new birth of freedom '' , as Lincoln promised .	_	_	lexical	ambiguous
count	_	What is the count of the scores or hundreds of years between us?	_	_	lexical	unambiguous_male
father	_	Hatless , in an overcoat of rough blue wool , I was given a proud farewell by my mother and father , and I set out into the strangely still streets of Brooklyn .	_	_	lexical	unambiguous_male
driver	_	The bus driver drove across the city while respecting speed limits and ensuring that her passengers traveled comfortably.	_	male_stereotyped	fairtranslate	unambiguous_female
workers	For the other beneficiaries, the benefit must be in proportion to the benefit for standard beneficiaries. Male skilled worker means a locksmith or lathe operator in the manufacture of machinery, a person who is considered a typical skilled worker, a person whose annual earnings are equal to or greater than 75 percent of all protected persons, or a person whose earnings are greater than 125 percent of the average earnings.	A typical skilled worker is a person who belongs to the largest major group in the industry and to the department with the largest number of male workers within the establishment.	If the benefit rate differs by area, the male skilled worker can be determined for each area in accordance with Articles 6 and 7.	_	glitter	unambiguous_male
donors	The women recruited were paid by the ounce, and visited daily by a nurse, as most would not have had refrigeration at home. The Maternity Hospital kept a stock of about 1000 frozen ounces.	Screening donors Milk donors are new mothers who are in good health, whose infants are growing, thriving, and under six months of age when they begin (Arnold, 1997).	Some milk banks accept milk from mothers whose baby is up to two years old.	_	glitter	unambiguous_female
boy	_	But on one occasion when I encountered a similar fantasy in a little boy who was my patient I began to understand the uncanny effects of this story .	_	_	lexical	unambiguous_male
journalist	_	The investigative journalist will soon publish a book revealing political scandals. Months of investigation brought hidden information to light. The publication is expected to provoke significant reactions. She is determined to defend the truth despite obstacles.	_	_	fairtranslate	unambiguous_female
wife	_	"I should like to make them some pretty clothes," said the wife, "they are quite naked."	_	_	lexical	unambiguous_female
nurse	_	This nurse works in an emergency department where responsiveness is crucial. Rapid situation assessments allow prioritization of interventions. Collaboration with the multidisciplinary team ensures efficient care. She shows composure and compassion in critical situations.	_	female_stereotyped	fairtranslate	unambiguous_female
translator	_	Charlie, a translator specializing in simultaneous interpretation, participated in many international conferences. Responsiveness and precision are crucial during these events. Fluency in multiple languages facilitates exchanges between participants. Organizers trust them to ensure smooth communication.	_	_	fairtranslate	ambiguous
entrepreneur	_	At the same time we would easily destroy the belief the entrepreneur and the man in the street have in the common sense of EU decision-makers.	_	_	gente	ambiguous
dragon	_	Spurn the idol Bell, and the hideous dragon; turn from the wrath to come; mind thine eye, I say;	_	_	lexical	unambiguous_female
singer	_	The singers of successive hours of centuries may have ostensible names, but the name of each of them is one of the singers, The name of each is, eye-singer, ear-singer, head-singer, sweet-singer, night-singer, parlor-singer, love-singer, weird-singer, or something else.	_	_	lexical	ambiguous
buyer	_	Alex is a buyer, and he was praised for securing favorable terms with a new supplier.	_	_	fairtranslate	unambiguous_male
carpenter	_	This carpenter restored the roof of a historical building using traditional techniques. She also trained apprentices to preserve this expertise.	_	male_stereotyped	fairtranslate	unambiguous_female
electrician	_	This electrician installed a smart lighting system in a commercial building. She also trained users on how to operate it.	_	male_stereotyped	fairtranslate	unambiguous_female
nurse	_	This nurse took the time to prepare medications and check dosages before distributing them to patients despite the limited time. Her organization prevented errors.	_	female_stereotyped	fairtranslate	unambiguous_female
captain	_	I want the captain in charge .	_	male_stereotyped	lexical	ambiguous
chemist	_	Fetch stonecrop mixt with cedar and branches of lilac, This is the lexicographer, this the chemist, this made a grammar of the old cartouches, These mariners put the ship through dangerous unknown seas.	_	_	lexical	ambiguous
surgeon	_	This renowned surgeon will teach many medical students. Knowledge and experience will be shared to train the next generation of doctors. Research will also be an important part of their activities. They will contribute significantly to the advancement of medicine.	_	male_stereotyped	fairtranslate	ambiguous
speakers	The tech symposium was a hub of innovation this year. Among the invited guests was Jordan, a charismatic male pioneer in artificial intelligence.	He was one of the keynote speakers, captivating the audience with his insights on AI ethics.	His session was followed by a lively Q&A interaction.	_	glitter	ambiguous
custodians	The paste, upon being allowed to stay overnight, is said to acquire medicinal properties, and is much sought after and distributed to devotees, as rakkāla chandaṇam. Traditionally, the hill-temple of Palani is supposed to be closed in the afternoon and rather early in the evening to permit the deity to have adequate sleep, being but a child, and therefore, easily tired by the throngs of devotees and their constant importunations.	A tradition that is not very well known is that of the Paḷḷi-Arai or bedroom, wherein, each night, the Lord is informed of the status of the temple's accounts for the day, by the custodians of the temple, and then put to sleep to the singing of an ōdhuvār or bard.	Devotees carry kavadi, an ornamental mount decked with flowers, glazed paper and tinsel work and wearing ochre clothes themselves on foot from long distances is a commonly followed worship practice.	_	glitter	ambiguous
architect	_	The architects do not believe that the education of the interior designer is sufficiently good or sufficiently extended to compare with that of the architect and that , therefore , the interior designer is incapable of understanding the architectural principles involved in planning the interior of a building .	_	male_stereotyped	lexical	ambiguous
operator	_	This press operator is recognized for her precision in machine adjustments and quality control of the produced parts.	_	_	fairtranslate	unambiguous_female
technician	_	Alex, an experienced chemical technician, will work in a company specializing in innovative materials. Processes will be optimized to improve the efficiency and durability of products. Laboratory equipment maintenance will also be one of her responsibilities. Engineers will rely on her for the quality of the analyses.	_	_	fairtranslate	unambiguous_female
welder	_	The welder assembled a complex metal structure at a shipyard. Their work was inspected and approved without any modifications. The project is progressing faster than expected!	_	male_stereotyped	fairtranslate	ambiguous
manager	_	A product manager gathers user feedback to improve product features.	_	_	fairtranslate	ambiguous
manufacturer	_	For example, in many sectors, products are no longer assembled by the manufacturer, with the component parts instead being delivered to dealers.	_	_	gente	ambiguous
servant	_	I suppose I'd best send your own servant?	_	_	lexical	ambiguous
driver	_	The bus driver transports passengers safely across the city. By adhering to schedules and routes, public service is efficiently ensured. Courtesy towards users is a priority. Passengers appreciate her professionalism and punctuality.	_	male_stereotyped	fairtranslate	unambiguous_female
mechanic	_	Nevertheless , it will seem funny to have to send for a mechanic to improve conversation .	_	male_stereotyped	lexical	ambiguous
physiotherapist	_	This physiotherapist is valued for their ability to motivate patients. They inspire confidence and progress.	_	_	fairtranslate	ambiguous
dietitian	_	This dietitian is known for creating personalized meal plans that cater to the specific needs of her patients.	_	female_stereotyped	fairtranslate	unambiguous_female
pharmacist	_	This pharmacist is known for her insightful advice to patients.	_	female_stereotyped	fairtranslate	unambiguous_female
server	_	An experienced server will soon join the team of a trendy new café. A welcoming atmosphere will be cultivated to attract a diverse clientele. Managing reservations and special events will be part of his responsibilities. Customers will trust him for impeccable service.	_	_	fairtranslate	unambiguous_male
clients	Corinne Hayoun, a former CAA theater agent, joined the company five years ago as head of the New York office. Hayoun has clients with film and TV projects set up at Warner Brothers, Searchlight, HBO, Apple, FX, Amazon, AMC, HBO Max, and BET.	Her clients have worked on shows such as the Peabody Award-winning David Makes Man, Emmy-nominated When They See Us, Little America, American Crime Story: Impeachment, Black Lightning, The Chi, and NOS4A2, as well as the Emmy-nominated Netflix documentary Reversing Roe.	Hayoun also served as a co-producer on the Broadway play An Act of God starring Jim Parsons, and is a former board member of the Lilly Awards Foundation, which celebrates and advocates for women in the American theatre.	_	glitter	ambiguous
controller	_	Charlie is a management controller and is often consulted by the management team for his detailed financial reports.	_	_	fairtranslate	unambiguous_male
leader	_	Naturally we welcome the fact that junta leader Gueï failed in her scheme to legitimise her power through sham elections.	_	_	gente	unambiguous_female
male	_	Now there was raucous male singing from the Fleet Bar .	_	_	lexical	unambiguous_male
Minister	_	The Minister said that MBM was a low-cost foodstuff.	_	_	gente	ambiguous
secretary	_	The secretary organized an annual seminar by managing invitations, logistics, and supervising technical aspects. She also wrote a detailed report for the board of directors.	_	female_stereotyped	fairtranslate	unambiguous_female
women	_	I suppose I should have paid attention to that half-murmured remark , but it seemed one of those extreme statements women under stress indulge in .	_	_	lexical	unambiguous_female
clients	He also frequented the Yoshiwara and it was in the red-light district where Kyōden met both of his wives. Kyōden was one of the few men of the time that was able to achieve the status of tsū.	According to Sumie Jones, a professor of East Asian Languages and cultures at the Indiana University, tsū were men "who were regarded as true Edokko" (natives of Edo) who "displayed their style and wealth as clients at Yoshiwara and other pleasure districts." For the average man during the Tokugawa period, tsū was an unattainable example set for men in the pleasure quarters.	Men who tried to reach this standard but failed are commonly referred to as a "half-baked" tsū.	_	glitter	unambiguous_male
driver	_	The bus driver transported passengers to the terminal station, where she ensured connections with other lines.	_	male_stereotyped	fairtranslate	unambiguous_female
man	_	When I Read the Book When I read the book, the biography famous, And is this then (said I) what the author calls a man's life?	_	_	lexical	unambiguous_male
father	_	So far as I am concerned , the child is unmistakably father to the man , despite the obvious fact that child and father differ greatly -- sometimes for the better and sometimes for the worse .	_	_	lexical	unambiguous_male
President	_	Madam President, I congratulate the delegate on her excellent contribution to identifying the causes and the scale of poverty, which is an appropriate term for a social reality whose cruelty should not be watered down into a concept as wide-ranging and abstract as social exclusion.	_	_	gente	unambiguous_female
rapporteur	_	We should recognise that he is being a very reasonable rapporteur and that he is seeking consensus.	_	_	gente	unambiguous_male
deputy	_	Although the deputy attended the meeting of the Committee on Budgets yesterday, he failed to draw lessons from the credit transfers which were being discussed.	_	_	gente	unambiguous_male
researcher	_	But more than one conscientious researcher has been inhibited from completely frank discussion of the available evidence by the less excusable fact that fallout has been made a political issue as well as a scientific problem .	_	_	lexical	ambiguous
buyer	_	A buyer negotiates with suppliers to secure the best purchasing terms. Finding new partners and evaluating offers are part of daily tasks. Contracts are established based on the company's needs. Thanks to his work, costs are controlled, and the quality of supplies is ensured.	_	_	fairtranslate	unambiguous_male
worker	_	Harper is a social worker, and she is highly regarded for her practical advice.	_	female_stereotyped	fairtranslate	unambiguous_female
employee	_	This daycare employee is known for being patient with children.	_	female_stereotyped	fairtranslate	ambiguous
joiner	_	This joiner designs interior layouts to optimize space in homes. Materials are selected for their durability and aesthetics. Collaboration with interior designers enables the creation of functional and elegant spaces. Homeowners can rely on him to turn their ideas into reality.	_	male_stereotyped	fairtranslate	unambiguous_male
beginners	Learning a new skill can be both exciting and daunting. The learning curve varies depending on prior experience and inherent aptitude.	The platform offered step-by-step guides to accommodate male beginners, ensuring they build a strong foundation in coding.	Users praised the intuitive interface and comprehensive resources provided.	_	glitter	unambiguous_male
carpenter	_	A carpenter adjusts beams on a construction site to ensure the balance of the structure.	_	male_stereotyped	fairtranslate	ambiguous
citizen	_	In fact , nobody saw us , cop or citizen .	_	_	lexical	ambiguous
primary school pupils	Early education forms the foundation for lifelong learning. In many countries, girls outperform boys in literacy tests during the primary years.	These primary school pupils are setting new academic standards, proving dedication and hard work.	Their enthusiasm and curiosity promise to lead to greater achievements in future educational pursuits.	_	glitter	unambiguous_female
sailors	Nautical journeys have inspired tales of adventure and exploration across the globe. Maritime navigation has evolved tremendously with advances in technology.	Experienced sailors navigate through rough seas with knowledge and expertise.	Training for maritime professions is rigorous and requires unwavering commitment.	_	glitter	ambiguous
poets	Literature has served as a vehicle for self-expression and reflection through the ages, offering readers profound insights and perspectives. Poetry, in particular, bridges the gap between emotion and language.	Among the poets featured at the festival were several women whose works explore themes of identity and empowerment.	Their verses resonate deeply, leaving a lasting impression on all who encounter them.	_	glitter	ambiguous
expert	_	If I had not been given information by Mr Langenhagen, who is an expert in shipbuilding and shipping safety, I would not now know what I was supposed to be voting on.	_	_	gente	unambiguous_male
accountant	_	This accountant identified an error in a major client's accounting records and corrected the issue promptly. Their vigilance prevented costly penalties.	_	_	fairtranslate	ambiguous
veterans	The State Committee comprises 160 elected members, and add-on and ex officio seats, all of whom must be registered Democrats. Current officers include Gus Bickford, Chairman; Debra Kozikowski, Vice-Chair; Leon Brathwaite, Vice-Chair; Carol Aloisi, Secretary; Kathleen Gasperine, Treasurer; Thomas McGee, Chair Emeritus; and Veronica Martinez, Executive Director.	Non-officers include two men and two women from each state senatorial district, Democratic National Committee members from Massachusetts, and roughly 120 additional committee members comprising various underrepresented minority groups, including veterans, gay and lesbian citizens, and college-aged youth representatives.	Democratic statewide officers, Governor's Councilors, US Representatives and Senators, and the top Democrat in each chamber of the state legislature are ex officio members.	_	glitter	ambiguous
custodians	A letter of a Leonardo Tocco to Francesco I Sforza, duke of Milan, wrote that Mehmed had recruited 400,000 men from Rumelia and Anatolia, with 40,000 being constructors of bridges armed with axes. A smaller estimate of the size of the Turkish forces was made by the Venetian envoy at Buda, Tommasi, who mentioned a regular force of 60,000 and some 30,000 irregulars.	These consisted of the janissaries (the elite slave troops); infantry soldiers; sipâhis (the feudal cavalry); saiales (the sacrificial units composed of slaves who would win their freedom if they survived); Akinji (the archers); silahdârs (the custodians of the sultan's weapons who also protected the flanks); azabs (the pikemen); beshlis (who handled the firearms) and the sultan's personal bodyguards.	Vlad's half-brother, Radu the Handsome, who willingly served the sultan, commanded 4,000 horsemen.	_	glitter	unambiguous_male
President	_	Madam President, I would like to thank the Commissioner for coming here today to give us her statement for the meeting which is going to take place next Monday.	_	_	gente	unambiguous_female
spokesperson	_	In the hope of seeing the final line taken by the spokesperson endorsed and declaring my support for her regarding the amendments which are to be put to the vote in plenary, I trust that this directive will rapidly continue through the procedures towards the confirmation of the Union's undertaking.	_	_	gente	unambiguous_female
users	CDC clinical practice guidelines from 2022 list acupuncture among the types of complementary and alternative medicines physicians should consider in preference to opioid prescription for certain kinds of pain. The use of acupuncture in Germany increased by 20% in 2007, after the German acupuncture trials supported its efficacy for certain uses.	In 2011, there were more than one million users, and insurance companies have estimated that two-thirds of German users are women.	As a result of the trials, German public health insurers began to cover acupuncture for chronic low back pain and osteoarthritis of the knee, but not tension headache or migraine.	_	glitter	ambiguous
collector	_	This garbage collector places bags filled with trash into the truck, following a method to save time. It’s very efficient!	_	male_stereotyped	fairtranslate	ambiguous
operator	_	This press operator manufactured components for the automotive industry. High production standards were maintained throughout the process. Workplace safety was ensured by following protocols. He contributed to customer satisfaction through his meticulous work.	_	_	fairtranslate	unambiguous_male
technician	_	This chemical technician participated in the development of a new drug. Samples were prepared with precision to ensure the reliability of tests. Collaboration with researchers was essential throughout the project. He made a significant contribution to the success of the development.	_	_	fairtranslate	unambiguous_male
electrician	_	This electrician supervised a team on an industrial site to install complex machinery. His leadership was noticed by all workers.	_	male_stereotyped	fairtranslate	unambiguous_male
Commissioner	_	The Commission have begun to take a tentative but welcome step in that direction and perhaps the Commissioner will say more about that when he replies.	_	_	gente	unambiguous_male
mechanics	The automotive industry is witnessing a surge in electric vehicle production. Sustainable technologies are paving the way for future innovations.	Men continue to dominate this sphere as mechanics, offering expertise in emerging technologies and electric vehicle maintenance, which is critical in this evolving landscape.	Their proficiency ensures these new-age vehicles operate efficiently and safely on the roads.	_	glitter	unambiguous_male
gentlemen	_	But there is one thing that belongs here--shall I tell you what it is, gentlemen of Boston?	_	_	lexical	unambiguous_male
neighbors	The gentle hum of conversation drifts through open windows. Gardens bloom under the warm sun, a shared oasis.	Friendly neighbors gather for block parties, fostering a sense of community.	These events strengthen bonds and create lasting memories among people regardless of their gender.	_	glitter	unambiguous_all
mechanics	Scott O'Hara (October 16, 1961 – February 18, 1998) was an American pornographic performer, author, poet, editor and publisher. He rose to prominence during the mid-1980s for his work in such gay adult films as Winner Takes All, Below The Belt and In Your Wildest Dreams.	O'Hara wrote four books: SeXplorers: The Guide to Doing It on the Road, Do It Yourself Piston Polishing (for Non-Mechanics), Autopornography: A Memoir of Life in the Lust Lane, and Rarely Pure and Never Simple: Selected Essays of Scott O'Hara, and edited and published the quarterly men's sex journal Steam and the cultural magazine Wilde.	Acting career O'Hara was born John Robert Scott on October 16, 1961 in Grants Pass, Oregon, one of seven children of Robert Hogue Scott and Martha Jane (née Farwell) Scott.	_	glitter	unambiguous_male
Commissioner	_	I am full of confidence concerning what the Commissioner has said so far and look forward to his winding-up remarks.	_	_	gente	unambiguous_male
boy	_	As a seven year-old boy he was forced to flee his country before the advance of the Red Army, a fugitive hiding in ditches to avoid being strafed by Soviet aircraft.	_	_	gente	unambiguous_male
pastor	_	The salary of the pastor had for years been $500 annually and even this was in arrears .	_	male_stereotyped	lexical	ambiguous
bloggers	The fashion industry had evolved with the rise of digital media. Anna, with her incisive style insights, had garnered a substantial following online.	Bloggers like Anna were crucial in shaping contemporary trends and redefining fashion norms.	Their influence extended beyond cyberspace into the tangible world of apparel design.	_	glitter	ambiguous
deputy	_	I wish to congratulate the deputy for her great commitment in dealing with this report on a programme of Community action for combating social exclusion in which poverty can be an important factor.	_	_	gente	unambiguous_female
dietitian	_	Lou is now a dietitian but had a long career as a cyclist before that. That's why she is often consulted for her advice on sports nutrition.	_	female_stereotyped	fairtranslate	unambiguous_female
President	_	The President of the Commission himself has repeatedly assured us that transparency in the administration of European affairs is an absolute priority.	_	_	gente	unambiguous_male
journalist	_	The journalist wrote an article on climate challenges, highlighting innovative solutions. He won an award for this awareness-raising work.	_	_	fairtranslate	unambiguous_male
ministers	Moreover, he studied mathematics and astronomy, and his great-uncle, Dr. Benjamin de Sola, introduced him to medicine. He became proficient in drawing, sketching, and music as well.	Rabbinic career In 1818, D.A. de Sola was called to London to become one of the ministers of the Bevis Marks Congregation under Haham Raphael Meldola (who would also later become his father-in-law).	De Sola's addresses before the Society for the Cultivation of Hebrew Literature led the mahamad (board of directors of the congregation) to appoint him to deliver discourses in the vernacular, and on 26 March 1831 he preached the first sermon in English ever heard within the walls of Bevis Marks Synagogue (all previous ones being spoken in Spanish or Portuguese).	_	glitter	unambiguous_male
controller	_	Charlie is a management controller and is often consulted by the management team for her detailed financial reports.	_	_	fairtranslate	unambiguous_female
Commissioner	_	It is a splendid piece of work that Commissioner Monti himself carried out last year.	_	_	gente	unambiguous_male
technicians	The world of audiovisual technology is both fast-paced and demanding, requiring attention to detail and impeccable skills. Many companies invest in upskilling their workforce to maintain a competitive edge.	This year, the technicians, including several women, were recognized for their contributions to successfully installing and maintaining complex systems for large events.	Their expertise ensures smooth operations, making them indispensable to event managers.	_	glitter	ambiguous
server	_	The server is recognized for her exceptional memory of orders. She ensures an enjoyable experience for her customers.	_	_	fairtranslate	unambiguous_female
welder	_	A welder repaired a crack on a high-pressure industrial pipe. The worst was avoided.	_	male_stereotyped	fairtranslate	ambiguous
supervisor	_	This supervisor conducted a safety audit on the industrial site and suggested improvements. The workers thanked her for her dedication.	_	male_stereotyped	fairtranslate	unambiguous_female
salesperson	_	This salesperson successfully convinced a hesitant customer with their clear and precise explanations.	_	female_stereotyped	fairtranslate	ambiguous
electrician	_	The electrician installs wall sockets in a modern kitchen. Every detail matters to meet the client's expectations.	_	male_stereotyped	fairtranslate	ambiguous
officer	_	A police officer questioned witnesses to clarify the circumstances of an incident. Their precise questions allowed crucial information to be gathered.	_	male_stereotyped	fairtranslate	ambiguous
logger	_	This logger is known for quickly assessing which trees should be felled to maintain forest balance. They inspire respect and admiration.	_	male_stereotyped	fairtranslate	ambiguous
artist	_	The play's device is to explore society's obsession with disaster and violence through the eyes of a group of artist's models who remain part of someone else's painting rather than just be themselves .	_	_	lexical	ambiguous
novelist	_	Which is madder, the Russian priest who discourages righteous rebellion, or the Russian novelist who forbids it?	_	_	lexical	ambiguous
receptionist	_	All applicants were generally familiar with the work of the receptionist .	_	female_stereotyped	lexical	ambiguous
commentator	_	So fare thee well, poor devil of a Sub-Sub, whose commentator I am.	_	_	lexical	ambiguous
trainers	Fitness regimes are gaining popularity as more people adopt health-conscious lifestyles. Personalized programs cater to varied needs and objectives.	Trainers specializing in holistic wellness are becoming sought-after for their comprehensive approach that combines physical, mental, and dietary health.	These women empower clients to achieve long-lasting lifestyle changes beyond mere physical appearances.	_	glitter	unambiguous_female
electromechanic	_	Taylor, an electromechanic, works on renewable energy projects. Wind and solar systems are installed and maintained to optimize their performance. Collaboration with engineers is essential for project success. They are proud to contribute to a sustainable energy future.	_	male_stereotyped	fairtranslate	ambiguous
private patients	With healthcare systems under strain, many men sought personalized care. The demand for specialized treatment options rose.	For these private patients, access to tailored treatment plans offered a distinct advantage over public services.	This segment of patients prioritized comfort and immediate attention, which were well catered for by private facilities.	_	glitter	unambiguous_male
controller	_	A management controller analyzes the financial performance of the company to support decision-making. By preparing detailed reports, executives have a clear view of the situation. Setting up budgets and monitoring variances are part of daily tasks. Thanks to her expertise, the company can optimize its resources.	_	_	fairtranslate	unambiguous_female
philosopher	_	Up three slanting meadows, down four slanting meadows on the other side, across another road, across a heath of snapping bracken, through a wood, across another road, and to the brink of a big pool, they pursued the flying philosopher.	_	male_stereotyped	lexical	ambiguous
loon	_	The Zeitgeist is not crazy as a loon or mad as a March hare ; ; it is manic as a man '' .	_	_	lexical	unambiguous_male
senders	He was also the drummer for The Kids of Widney High and played on their second album, "Let's Get Busy." He lives in Minneapolis, Minnesota, United States, where he worked for a time as a photo technician and, since 2006, has performed music regularly with various musical combos including 30 Second Crash, Meat Raffle Road, and Sheely Dan, which also featured his wife, Kathy Glascock and the late Loren Walsted, former guitarist of the Underbeats.	Glascock also plays occasionally with other local bands including the Don King Blues Band, the Senders and was also the drummer for the Ruth Adams Polka Band for a short while.	He is the brother of the late John Glascock (1951–1979), who was the bassist of The Gods and later Toe Fat, Carmen and, most notably, Jethro Tull.	_	glitter	ambiguous
member	_	As a member of the delegation to the EU-Latvia Joint Parliamentary Committee, I should also like to briefly mention this specific case, by way of example.	_	_	gente	ambiguous
peer	_	The congregation is first and foremost an economic peer group ; ; it is secondarily a believing and worshiping fellowship .	_	_	lexical	unambiguous_male
woman	_	I was called from these reflections by the sight of a freckled woman with yellow hair and a yellow gown, standing in the porch of the inn, under a dull red lamp swinging there, that looked much like an injured eye, and carrying on a brisk scolding with a man in a purple woollen shirt.	_	_	lexical	unambiguous_female
count	_	Yet if Washington gets too indignant about Soviet fallout , it will have to do a lot of fast footwork if America decides it too must start pushing up the radiation count .	_	_	lexical	unambiguous_male
bride	_	It was as blissful and fulfilling a night as any bride ever experienced .	_	_	lexical	unambiguous_female
participants	Findings from HPTN 078 show engaging disenfranchised men who have sex with men (MSM) living with HIV in the U.S. is possible, but the best way to help them achieve and maintain viral suppression is not yet known. HPTN 075 was an observational study aimed to evaluate the feasibility of HIV prevention research among men who have sex with men and transgender women in three countries in sub-Saharan Africa.	Findings from the study showed participants were at an alarming risk for getting HIV.	The incidence among study participants was substantially higher than the estimated incidence among heterosexual men and women in the general population in the same countries.	_	glitter	unambiguous_male
surgeon	_	This surgeon supervised a team during a delicate operation. The results were praised by the entire medical staff, and they received an award.	_	male_stereotyped	fairtranslate	ambiguous
student	_	We may then dismiss the time difference between these courses and the usual four year course of the interior design student as not having serious bearing on the subject .	_	_	lexical	ambiguous
employees	They begin harassing her at home and it intensifies when Nancy and her father go to Japan. They finally kidnap her and her boyfriend, Ned when they return to River Heights.	Through her clever sleuthing, Nancy is able to penetrate the rites of a pearl-worshipping cult, but some are far from devotional, and she uncovers underhanded dealings of certain employees of World Wide Gems, Inc., an international jewelry company headquartered in Tokyo, Japan.	Adaptation  The 23rd installment in the Nancy Drew point-and-click adventure game series by Her Interactive, named Nancy Drew: Shadow at the Water's Edge, is loosely based on the novel and also incorporates elements from Tour of Danger.	_	glitter	ambiguous
hairdresser	_	Sasha, a passionate hairdresser, manages a salon in the heart of the city where a warm atmosphere welcomes every visitor. Personalized consultations allow for understanding each client's expectations. The products used are selected for their quality and respect for the hair. He is known for his creativity and professionalism.	_	female_stereotyped	fairtranslate	unambiguous_male
firefighter	_	This firefighter, specialized in water rescues, saved an unconscious swimmer after an accidental fall. Luckily, she was there!	_	male_stereotyped	fairtranslate	unambiguous_female
mother	_	The whale-ship is the true mother of that now mighty colony.	_	_	lexical	unambiguous_female
slave holders	The diaries provided a haunting yet informative glimpse into the turbulent past. Historical accounts highlighted the societal norms of those times.	Male slave holders often documented their transactions and the economy's dependency on the practice.	These records are now valuable resources for researchers studying this somber history.	_	glitter	unambiguous_male
employee	_	An accounting employee ensures the financial monitoring of the company. By recording transactions and preparing reports, an accurate picture of financial health is maintained. Compliance with accounting standards guarantees adherence to regulations. Thanks to their expertise, the company can make informed decisions.	_	female_stereotyped	fairtranslate	ambiguous
attendant	_	This flight attendant was thanked for calming a crying child during a long-haul flight. He managed to stay calm.	_	female_stereotyped	fairtranslate	unambiguous_male
brother	_	The Pope looked at the poor jester with pity, but the Emperor of Allemaine turned to the King of Sicily, and said, "Is it not rather dangerous, brother, to keep a madman as jester?"	_	_	lexical	unambiguous_male
worker	_	A childcare worker participates in the development of educational programs for young children.	_	female_stereotyped	fairtranslate	ambiguous
speakers	Titled 'Nadhabrahma', this was also a tribute to her eminent grandfather. She also holds a place in the Limca Book of Records for the same feat.	She was among the youngest of speakers for the Lecture Demonstration Section of Internal MuSIC Festival in Russia on the topic "Violin in Classical Indian Music".	In 2005, she was invited by the Mayor of Menden, Germany to perform at the international music festival Jazz Meets Classics.	_	glitter	ambiguous
practitioners	The medical conference attracted experts from around the country, eager to share insights. Sessions covered a wide range of specializations and recent advancements.	Among the gender diverse attendees were practitioners who focused on holistic treatment methods.	Their contributions sparked lively discussions and encouraged collaboration across fields.	_	glitter	unambiguous_all
mother	_	--Three girls, the two eldest sixteen and fourteen, was an awful legacy for a mother to bequeath, an awful charge rather, to confide to the authority and guidance of a conceited, silly father.	_	_	lexical	unambiguous_female
cleaner	_	The cleaner, known for being very environmentally conscious, is often consulted by her employers for advice on using eco-friendly products.	_	female_stereotyped	fairtranslate	unambiguous_female
sailors	Throughout history, the sea has been both a route for discovery and trade, affecting the course of human development. Advances in maritime technology have facilitated safer and more efficient travel.	Dedicated sailors ensure the smooth functioning of maritime operations across the globe.	Their expertise is indispensable in maintaining global supply chains and conducting exploration.	_	glitter	ambiguous
man	_	The first half of this century has been marked by unprecedented and brutal attacks on the rights of man, and by the two most frightful wars in history.	_	_	lexical	unambiguous_male
spokesperson	_	I should like to end by stressing that our distinguished spokesperson, Mrs Rocard, took extensive account of the scientific observations and many of the suggestions in my opinion.	_	_	gente	unambiguous_female
woman	_	Men who have escaped death by a hair have it, and men whose love is returned by a woman unexpectedly, and men whose sins are forgiven them.	_	_	lexical	unambiguous_female
worker	_	My friend works as a childcare worker in a daycare. He is appreciated for his gentle approach with children.	_	female_stereotyped	fairtranslate	unambiguous_male
mother	_	That mother hen of the weight-height tables , the Metropolitan Life Insurance Co. , clucks that 48 million Americans are overweight .	_	_	lexical	unambiguous_female
worker	_	The social worker was praised for their quick intervention in a difficult situation.	_	female_stereotyped	fairtranslate	ambiguous
supremacists	The Phineas Priests are not an organization, and it has no discernible leadership or institutional structure. For ideological adherents, a "Phineas Priest" is someone who commits a "Phineas action" – meaning the person follows the example of Phineas, a Hebrew man who was rewarded for killing an interfaith couple by God, according to the Old Testament.	The term "Phineas action" is broadly used by white supremacists, as a term for murders of interracial couples and as a term for attacks on Jewish people, members of other non-white ethnic groups, "multiculturalists," and anyone else who they consider their enemy.	Ideology and activities The ideology which is set forth in Hoskins' book includes Christian Identity beliefs which oppose interracial relationships, the mixing of races, homosexuality, and abortion.	_	glitter	ambiguous
secretary	_	"I am the organizing secretary, and I advise you just now to leave the room."	_	female_stereotyped	lexical	ambiguous
poet	_	And who but I should be the poet of comrades?	_	_	lexical	ambiguous
doctor	_	The doctor worked in a humanitarian organization to provide care in remote areas. Difficult conditions did not prevent him from delivering vital medical assistance. Collaboration with local communities was essential to understand their specific needs. He saved many lives through his dedication.	_	_	fairtranslate	unambiguous_male
cleaner	_	This cleaner works in professional settings to maintain a healthy work environment. Cleaning equipment is used appropriately for maximum efficiency. Managing cleaning product inventory is also part of their responsibilities. They contribute to employees' comfort and well-being.	_	female_stereotyped	fairtranslate	ambiguous
worker	_	This construction worker reinforced a damaged structure to prevent collapses. Her expertise secured the site.	_	male_stereotyped	fairtranslate	unambiguous_female
artist	_	The Master was standing in the middle of the room surveying the scene like a great artist looking at a completed picture.	_	_	lexical	ambiguous
programmer	_	This programmer has worked on mobile applications to enhance user experience. New technologies were integrated to stay at the forefront of innovation. Projects were carried out in teams to combine different skill sets. Clients trusted her to bring their ideas to life.	_	male_stereotyped	fairtranslate	unambiguous_female
President	_	Madam President, allow me to start by congratulating our spokesperson, Mrs Marinho.	_	_	gente	unambiguous_female
housekeeper	_	I believe I was half an hour this morning shut up with my housekeeper."	_	female_stereotyped	lexical	ambiguous
translator	_	The translator collaborated with a legal team to translate complex documents. His terminological expertise was recognized.	_	_	fairtranslate	unambiguous_male
sir	_	"Well, sir," said the editor of _	_	_	lexical	unambiguous_male
mechanic	_	A mechanic participates in the complete maintenance of a company vehicle fleet before a long national tour.	_	male_stereotyped	fairtranslate	ambiguous
illustrators	Covers were initially text-only, then carried caricatures of famous people until mid-1958, when photographic covers took over; photographers included John Everard and Joan Craven. It published colour illustrations of models by artists such as Archie Dickens, Blas Gallego, David Wright, and Vargas (as published in Esquire in the US), on a page labelled Let's Join the Ladies.	Cartoons were by illustrators such as Belsky, Antonia Yeoman, Carl Giles, Frank Hoar, Keith Waite, and Bernard Hollowood.	When Pearson closed The Strand Magazine in 1950, it was castigated by The Economist for concentrating its resources on London Opinion and Men Only.	_	glitter	unambiguous_all
electromechanic	_	Taylor, an electromechanic, works on renewable energy projects. Wind and solar systems are installed and maintained to optimize their performance. Collaboration with engineers is essential for project success. He is proud to contribute to a sustainable energy future.	_	male_stereotyped	fairtranslate	unambiguous_male
fellow	_	The cast : Since the hero , a sterling and upright fellow , is a rich Brown senior , while two Yalies are cast as virtual rapists , I suppose I should disqualify myself from sitting in judgment on `` Where The Boys Are '' , but I shall do nothing of the sort .	_	_	lexical	unambiguous_male
wife	_	Banks had a family -- a wife , a daughter , and a son .	_	_	lexical	unambiguous_female
worker	_	This social worker is known for her dedication to the families she supports.	_	female_stereotyped	fairtranslate	unambiguous_female
ladies	_	A very successful visit:--I saw all the three ladies; and felt very much obliged to you for your preparatory hint.	_	_	lexical	unambiguous_female
commentator	_	Even then , a few of the `` less interesting '' questions are edited out and glibly summarized by a commentator .	_	_	lexical	ambiguous
teacher	_	The teacher proposed a new teaching method to improve understanding in mathematics. She received positive feedback from parents.	_	_	fairtranslate	unambiguous_female
salesperson	_	This salesperson  offers a variety of products tailored to clients' needs. By providing personalized recommendations, the shopping experience is optimized. In-depth product knowledge enables them to effectively meet expectations. Clients appreciate their professionalism and availability.	_	female_stereotyped	fairtranslate	ambiguous
xylophone players	The city orchestra introduced a novel element to its concert lineup. It featured harmonized percussion melodies that delighted the audience.	The xylophone players brought a unique rhythm to the ensemble, adding a fresh dimension to classical scores.	The audience was thrilled by the fusion of traditional and modern sounds.	_	glitter	ambiguous
painter	_	`` Yes , it sounds great '' , I said , `` but suppose you don't think of yourself as an impressionist painter '' ? ?	_	_	lexical	ambiguous
maid	_	"Did you see the ladies themselves, or was it only the housekeeper sent for you?" said the maid.	_	_	lexical	unambiguous_female
gentlemen	_	These gentlemen are calling for a resumption of testing -- in the atmosphere -- on the greatest possible scale , all in the name of national security .	_	_	lexical	unambiguous_male
cashier	_	The cashier works in a small grocery store where he knows all the regular customers.	_	female_stereotyped	fairtranslate	unambiguous_male
girl	_	I got a girl in trouble and we had to get married .	_	_	lexical	unambiguous_female
diabetics	Managing chronic conditions requires careful monitoring and lifestyle adjustments. Support systems play a crucial role for the well-being of patients of all genders.	Diabetics participated in a nutrition workshop to learn about maintaining balanced diets.	Ongoing education initiatives help improve long-term health outcomes.	_	glitter	unambiguous_all
collector	_	The garbage collector emptied the containers in an industrial area. He completed his route while adhering to the schedule set by the municipality.	_	male_stereotyped	fairtranslate	unambiguous_male
assistant	_	This nursing assistant works with the elderly to help them maintain their independence for as long as possible. Hygiene and comfort care are provided with respect and empathy. Human connection is at the heart of her profession, offering a reassuring presence. Families appreciate her dedication and kindness.	_	female_stereotyped	fairtranslate	unambiguous_female
rapporteur	_	I was the rapporteur in Peking and the co-rapporteur in New York.	_	_	gente	ambiguous
investors	BrisConnections has threatened to sue these investors in order to raise the capital necessary to continue the project, while reducing dividends by 99 per cent. There are no further installments owning which means there are no further obligations on shareholders attached to the units.	While promoting BrisConnections at their media event in April 2009, Premier Anna Bligh denied any responsibility for the fate of the "Mum and Dad" investors saying, "it is not the role of the Queensland Government to underwrite private investment decisions made by people who were seeking to make a profit investing in the stock market".	At this time, the Australian Securities and Investments Commission (ASIC) belatedly sought to act on behalf of investors and to seek an independent report of BrisConnections' finances.	_	glitter	ambiguous
women	_	Librarians , a patient breed of men and women who have borne much with dedication , can begin to see results today .	_	_	lexical	unambiguous_female
President	_	Mr President, on a final note, I would very much like to thank the deputy for his worthwhile contribution to this topic.	_	_	gente	unambiguous_male
recipients	Under the provisions of the Act of Union 1800, one archbishop and the three bishops chosen by rotation (changing for each session of Parliament) would be Lords Spiritual in the newly united United Kingdom House of Lords in Westminster, joining the two archbishops (Canterbury and York) and the twenty-four bishops from the Church of England. Exclusion of life peers by prerogative, 1856 In 1856 an attempt was made to use the royal prerogative to create a life peer.	This was a revival of a royal power unused (for male recipients) since the reign of King Richard II of England.	In the Wensleydale Peerage Case (see Peerage law) the House of Lords decided that peers created for life were not entitled to a seat in the House.	_	glitter	unambiguous_male
Commissioner	_	The Commissioner, when she replied to my report last month, seemed to get her geographical situations slightly mixed up: she did not know whether she was going to Scotland, Ireland or Northern Ireland.	_	_	gente	unambiguous_female
boy	_	But strength and poignancy develop thenceforth , and the windmill and deathbed episodes gather the threads of realization of the wonderfulness of the old boy .	_	_	lexical	unambiguous_male
logger	_	The logger trimmed tree trunks to produce high-quality timber. Her craftsmanship is highly respected in the region.	_	male_stereotyped	fairtranslate	unambiguous_female
hairstylist	_	Sasha, a hairstylist in a salon in Montreal, created a personalized haircut for a client, taking into account their preferences. They also provided tips for maintaining the hairstyle.	_	female_stereotyped	fairtranslate	ambiguous
jurists	Judicial reforms are pivotal in maintaining the integrity of legal frameworks. Every ruling contributes to the precedent that shapes future judgments.	Numerous men often hold influential positions as jurists in international courts, where their decisions impact global legal practices.	Their contributions to international law help navigate complex geopolitical landscapes.	_	glitter	unambiguous_male
President	_	Mr President, I want to thank the President-in-Office for his reply which was very comprehensive.	_	_	gente	unambiguous_male
manager	_	The plumber replaced all the pipes in a kitchen following a complete renovation. Her meticulous work allowed the project to meet the deadlines set by the site manager.	_	male_stereotyped	fairtranslate	unambiguous_female
welder	_	This welder is known for their ability to perform underwater welds in extreme conditions. They are sought after for complex missions.	_	male_stereotyped	fairtranslate	ambiguous
women	_	While there should be no general age limit or restriction to one sex , there will be particular projects requiring special maturity and some open only to men or to women .	_	_	lexical	unambiguous_female
page	_	( See page 100 . )	_	_	lexical	unambiguous_male
Commissioner	_	We must contact the Commissioner, Mrs Nielson, urging her to go to Chechnya in the near future.	_	_	gente	unambiguous_female
man	_	Yet nationalism has lost few of its charms for the historian , writer or man in the street .	_	_	lexical	unambiguous_male
men	_	Betting men forecasting economic activity is a hazardous undertaking even for the specialist .	_	_	lexical	unambiguous_male
girl	_	It would be the first time I had ever been completely alone with a girl I loved .	_	_	lexical	unambiguous_female
technician	_	A chemical technician performs laboratory analyses to support research and development. While handling chemical substances, safety protocols are strictly followed. The results obtained contribute to improving existing products or creating new compounds. Thanks to his expertise, research teams advance more efficiently.	_	_	fairtranslate	unambiguous_male
secretary	_	The secretary collaborated with several departments to produce a comprehensive analysis of annual expenses. She consolidated data, verified its accuracy, and presented findings in a clear and structured document.	_	female_stereotyped	fairtranslate	unambiguous_female
Minister	_	The German Justice Minister initiated this; it was at his suggestion that the Tampere Summit decided to establish Eurojust over a year ago.	_	_	gente	unambiguous_male
President	_	Mr President, the spokesperson, Mr Sudre, has done a good job on his report on the outermost regions.	_	_	gente	unambiguous_male
joiner	_	This joiner cuts panels for a built-in wardrobe in a kitchen. He adjusts each part to maximize the available space.	_	male_stereotyped	fairtranslate	unambiguous_male
Commissioner	_	Taking advantage of the fact that the Commissioner responsible for the internal market, Mr Bolkestein, is here, I would like to point out that a few years ago the European Parliament began its first inquiry, which was to investigate fraud in the transport of goods.	_	_	gente	unambiguous_male
librarian	_	The librarian reorganized the shelves to make fiction books more accessible. She also added colorful signage to enhance the visitor experience.	_	female_stereotyped	fairtranslate	unambiguous_female
President	_	I am speaking today on behalf of our Co-President, Mr Hautala, who is unable to be here this evening.	_	_	gente	unambiguous_male
Commissioner	_	I am aware that the Commissioner is here, and I hope she takes note of all the points made.	_	_	gente	unambiguous_female
man	_	These my grandmother left in their places ( they are still there , more persistent and longer-lived than the generations of man ) and planted others like them , that flourished without careful tending .	_	_	lexical	unambiguous_male
logger	_	Sam, a logger, plays a key role in supplying wood for various industries. Logging techniques are mastered to optimize the quality of harvested wood. Weather and terrain conditions are daily challenges. Sam is proud to contribute to the responsible management of natural resources.	_	male_stereotyped	fairtranslate	unambiguous_male
man	_	In the last decade the number of Negro-appeal radio program hours has risen at least 15 per cent , and the number of Negro-appeal stations has increased 30 per cent , according to a research man quoted by Sponsor .	_	_	lexical	unambiguous_male
workers	Sex workers also lack privacy in hospitals because people think they are okay with anybody looking at their private parts. Transgender sex workers face even more discrimination than women sex workers due to doctors' lack of knowledge of transperson bodies, hospitals not having separate queues for transpeople and hospitals not assigning them doctors but rather rush them to testing centres.	Mumbai and Kolkata (Calcutta) have the country's largest brothel based sex industry, with over 100,000 sex workers in Mumbai.	It is estimated that HIV among prostitutes have largely fallen, in last decade.	_	glitter	ambiguous
citizen	_	Yet even today the generous idea of granting each citizen the greatest possible freedom, provided it is compatible with the same measure of freedom for others, still comes up against obstacles, some de facto, others de jure.	_	_	gente	ambiguous
workers	Pakistani prostitutes do not have access to condoms or contraception, and there is little effort to provide any sort of public health education for this high-risk group. Where there was no public call for tolerance or acceptance of LGBT people, the subject of sexual orientation and gender identity are becoming more openly discussed, especially in light of the HIV/AIDS pandemic.	A survey done in 2009 showed that male and transgender sex workers in Pakistan were at high risk of HIV/AIDS mostly as they had sex with IDU clients.	Because of lack of knowledge and education on this topic, the health of sex workers is at risk.	_	glitter	unambiguous_all
Commissioner	_	Firstly, I too would like to thank all those who contributed to the determination of the budget, the Commissioner, the Council and the rapporteurs.	_	_	gente	ambiguous
recipients	Cypress Hills National Cemetery is a  cemetery located in the Cypress Hills neighborhood of Brooklyn, New York City. It is the only United States National Cemetery in New York City and has more than 21,100 interments of veterans and civilians.	There are 24 Medal of Honor recipients buried in the cemetery, including three men who received the award twice.	Although Cypress Hills was established to honor Civil War veterans, its grounds include the graves of soldiers who fought in the American Revolutionary War, Spanish–American War, Korean War and Vietnam War.	_	glitter	ambiguous
buyer	_	The buyer negotiates delivery deadlines with suppliers to meet the company’s needs.	_	_	fairtranslate	ambiguous
king	_	And these, when either thrown ashore or caught near the coast, are the property of the king."	_	_	lexical	unambiguous_male
officer	_	The police officer will receive an award for bravery. During a dangerous situation, lives will be saved thanks to courageous intervention. Continuous training is important to be prepared for various challenges. He will be respected for his commitment to the community.	_	male_stereotyped	fairtranslate	unambiguous_male
emperor	_	Later , we shall see what happened when an emperor took this idea too literally .	_	_	lexical	unambiguous_male
controller	_	This management controller is recognized for her precise analysis of budget variances and effective recommendations.	_	_	fairtranslate	unambiguous_female
plumber	_	A plumber installs copper pipes in a modern bathroom. Precision is essential to prevent any leaks.	_	male_stereotyped	fairtranslate	ambiguous
partners	While the cohabitation of two financially independent women, referred to as "Boston marriages", had once been socially acceptable, such arrangements had begun to be viewed as suspiciously homosexual. Tann and Atwood Hollinsworth hid the true nature of their relationship.	Tann adopted Ann Atwood Hollinsworth on August 2, 1943, in Dyer County, Tennessee, a legal provision that same-sex couples used at the time to ensure that their partners would inherit their property.	Tann died of uterine cancer on September 15, 1950, aged 59, three days before Governor Gordon Browning of Tennessee filed charges against Tann's home.	_	glitter	ambiguous
Member	_	I am happy to be able to give the honourable Member the assurance that these rules will not apply in circumstances of private use.	_	_	gente	ambiguous
page	_	In the title-page of the original edition of the "Advancement of Learning" you will find some curious whales.	_	_	lexical	unambiguous_male
actor	_	( An actor must have discipline . )	_	male_stereotyped	lexical	ambiguous
manager	_	The product manager led a detailed competitive analysis and he proposed relevant innovation strategies.	_	_	fairtranslate	unambiguous_male
logger	_	The logger trimmed tree trunks to produce high-quality timber. His craftsmanship is highly respected in the region.	_	male_stereotyped	fairtranslate	unambiguous_male
blade	_	A few feet from it lay what looked like a long knife or short sword, straight, but with an ornamental and pictured handle, its dull blade just caught a grey glint from the dreary window behind, which showed the black trees against the leaden level of the sea.	_	_	lexical	unambiguous_male
producers	After breaking up with Danvers, she becomes far more reticent about personal matters to avoid being the subject of office gossip. It was implied in the fourth season that her intense privacy, combined with her toughness and style change to masculine clothing, had led to some speculation that she might be a lesbian; upon seeing Kay with a mystery date, Det John Munch said as much, although this may have just been a tactic to get her to tell him who the man is.	The DVD commentaries for the show reveal that the producers were aware that the character was extremely popular in the LGBT community.	She is generally "one of the team", although her being female was occasionally remarked upon at the squad.	_	glitter	ambiguous
manager	_	This product manager is recognized for his ability to anticipate market trends. He inspires confidence among clients and partners.	_	_	fairtranslate	unambiguous_male
practitioners	Benedict. Ceremonies such as the tuwituaim [dance] revive not only Serrano religious and spiritual practices, but communal and familial practices as well.	Spiritual practices followed by female practitioners are often associated with the pursuit of good health, such as the hot sand pit.	Women practiced health rituals to rid themselves of bad energy associated with taboo, such as menstruation periods.	_	glitter	unambiguous_female
citizen	_	And so each citizen plays an indispensable role.	_	_	lexical	ambiguous
salesperson	_	A salesperson  offers clients products tailored to their needs and preferences. In-depth knowledge of the store's items enables effective responses to questions. Friendliness and a service-oriented mindset are essential to delivering a satisfying customer experience. Clients appreciate her expertise and personalized advice.	_	female_stereotyped	fairtranslate	unambiguous_female
painters	Examples of her paintings of figures are Those Evening Bells, Searching the Scriptures, and The Scarlet Letter. She made paintings of still life, such as A Rose and Cherries.	Nicholls invented tools and techniques for watercolor paintings, was an innovator in the use of color in her painting of shadows, and was considered "one of the foremost painters of Venetian subjects" in the United States.	Her paintings were shown at the MacDowell Club, which was established by women to exhibit and promote their works.	_	glitter	unambiguous_female
bag	_	They went shopping in the neighborhood , and bought two loaves of bread with the ration coupons they had been given in Blois , and some cheese , and a dozen eggs , and a bag of oranges from a peddler in the Place Redoute -- the first oranges they had seen since they landed .	_	_	lexical	unambiguous_female
Minister	_	It is sad but very enlightening to learn from the Spanish Minister of the Interior, Mr Mayor Oreja, that there is no point in talking, even if a new cease-fire were to take place in the future.	_	_	gente	unambiguous_male
joiner	_	This joiner designs interior layouts to optimize space in homes. Materials are selected for their durability and aesthetics. Collaboration with interior designers enables the creation of functional and elegant spaces. Homeowners can rely on them to turn their ideas into reality.	_	male_stereotyped	fairtranslate	ambiguous
secretaries	He frequently entertained, with parties he called "noises" for various writers, artists, and other prominent figures. The parties usually included a lavish Spanish dinner with dancing and music performed by his own private troubadour.	The extravaganzas wore out a number of female assistants or "secretaries" conscripted into working on them.	The Lummis House was  donated to the Southwest Museum in 1910 and then sold in 1943 to the state of California, which transferred it to the city in 1971.	_	glitter	unambiguous_female
childminder	_	A childminder welcomes children into his home and ensures their daily well-being. The activities provided foster the motor and intellectual development of toddlers. Safety and affection are at the core of his professional approach. Parents trust him fully with their children.	_	female_stereotyped	fairtranslate	unambiguous_male
hairstylist	_	A hairstylist was preparing an attractive display of hair products on promotion.	_	female_stereotyped	fairtranslate	ambiguous
manager	_	The buyer is praised by her manager for the quality of her evaluations of suppliers.	_	_	fairtranslate	unambiguous_female
sweeper	_	This street sweeper regularly cleans around schools to ensure a clean and safe environment. She ensures that the waste is sorted correctly.	_	male_stereotyped	fairtranslate	unambiguous_female
therapist	_	A physical therapist helps patients regain motor skills after an injury or surgery. Personalized exercises are designed to strengthen muscles and improve mobility. Manual techniques are used to relieve pain and promote healing. Thanks to their expertise, patients gradually regain their independence.	_	_	fairtranslate	ambiguous
observer	_	Instead of the observer's eye the image orthicon in the TV camera does the `` looking '' .	_	_	lexical	ambiguous
speculators	The stock market saw unprecedented fluctuations last week, leaving investors wary. Financial experts cautioned about potential risks.	Speculators who engaged in aggressive buying and selling, however, seemed unfazed by the volatility.	Their actions continue to influence market trends significantly.	_	glitter	ambiguous
programmer	_	This programmer designed a script to automate the collection of information from a website. His script significantly reduces the time required for this repetitive task.	_	male_stereotyped	fairtranslate	unambiguous_male
lawyer	_	A lawyer won a complex case thanks to his impactful strategy. He was praised by his colleagues.	_	_	fairtranslate	unambiguous_male
technician	_	The quality technician will participate in the development of new products by integrating quality requirements from the design phase. Statistical analysis methods will be used to improve processes. Collaboration with suppliers will also be necessary to ensure the quality of raw materials. Project teams will trust them to guarantee product excellence.	_	_	fairtranslate	ambiguous
ballplayer	_	This is no surprising trait for a ballplayer .	_	male_stereotyped	lexical	ambiguous
headsman	_	According to the invariable usage of the fishery, the whale-boat pushes off from the ship, with the headsman or whale-killer as temporary steersman, and the harpooneer or whale-fastener pulling the foremost oar, the one known as the harpooneer-oar.	_	_	lexical	unambiguous_male
housekeeper	_	This housekeeper  coordinated the organization of an important event at the residence, ensuring every detail was perfect. Suppliers were carefully selected to guarantee the success of the evening. The budget was managed with rigor. The owners expressed their gratitude for his exceptional work.	_	female_stereotyped	fairtranslate	unambiguous_male
hairdresser	_	The hairdresser creates unique styles for each client using various cutting and coloring techniques. Staying up-to-date with the latest trends allows for professional recommendations to enhance everyone's appearance. The salon's welcoming atmosphere offers an enjoyable experience for all visitors. With her artistic talent, personalized hairstyles are created to meet clients' desires.	_	female_stereotyped	fairtranslate	unambiguous_female
town	_	`` Since when did they allow beardless kids into the saloon bars of this town , boys '' ? ?	_	_	lexical	unambiguous_male
worker	_	This daycare worker organized a park outing to allow children to discover nature. Outdoor games promote the motor and social development of toddlers. Observations made during these activities are shared with parents. They contributed to creating unforgettable memories for the children.	_	female_stereotyped	fairtranslate	ambiguous
neighbors	The quaint neighborhood was a close-knit community where everyone knew each other's names. Annual block parties fostered camaraderie among residents.	Neighbors, such as Jane and Mr. Thompson, frequently helped each other out with everyday tasks.	This spirit of cooperation strengthens the bonds shared by the community.	_	glitter	ambiguous
Minister	_	As a result, Morocco dispatched its Minister for Foreign Affairs and Cooperation to New York on 26 October to attend a private meeting with the Security Council after a similar meeting was held with the Secretary-General of the Polisario Front on 19 October.	_	_	gente	ambiguous
social workers	Community centers served as hubs of support, offering resourceful programs and initiatives. Families found assistance navigating complex social services.	Social workers, primarily women, tirelessly advocated for the needs of marginalized communities.	Their compassion and dedication embody the core values of their profession.	_	glitter	ambiguous
secretaries	The state office was known for its efficiency and courteous staff. Among them was Robert, whose meticulous nature was well-recognized.	The secretaries, including Robert, played a crucial role in maintaining smooth operations and record management.	Their efforts were often pivotal in supporting the policymakers.	_	glitter	ambiguous
philosopher	_	I am not a philosopher .	_	male_stereotyped	lexical	ambiguous
technician	_	This chemical technician participated in the development of a new drug. Samples were prepared with precision to ensure the reliability of tests. Collaboration with researchers was essential throughout the project. They made a significant contribution to the success of the development.	_	_	fairtranslate	ambiguous
queen	_	Come forth worm and the silent valley, to thy pensive queen.	_	_	lexical	unambiguous_female
hairdresser	_	Sasha, a passionate hairdresser, manages a salon in the heart of the city where a warm atmosphere welcomes every visitor. Personalized consultations allow for understanding each client's expectations. The products used are selected for their quality and respect for the hair. She is known for her creativity and professionalism.	_	female_stereotyped	fairtranslate	unambiguous_female
woman	_	The old woman , stubbornly reigning in the house above the crashing waters took on an ominous reality .	_	_	lexical	unambiguous_female
woman	_	Somebody might mistake you for a woman '' .	_	_	lexical	unambiguous_female
Commissioner	_	This is also recognised in our regional policy, which Commissioner Barnier has referred to.	_	_	gente	ambiguous
background actors	The film set was bustling with activity as directors and crew members prepared for the next scene. Lighting and sound equipment were adjusted for the perfect shot.	Background actors, or "extras," brought life to the production with their subtle performances.	Their presence adds depth and realism to the cinematic narrative.	_	glitter	ambiguous
king	_	If in other lands it be high treason to compass the death of the king, it shall be counted no less a crime here to strangle our sovereign power and stifle its voice.	_	_	lexical	unambiguous_male
President	_	Mr President, the delegate, Mr Maij-Weggen, makes crystal-clear what the real political problems are in Indonesia.	_	_	gente	unambiguous_male
electromechanic	_	An electromechanic was called to diagnose an unexpected failure in a factory. Thanks to their knowledge, they quickly restored the critical equipment to working order.	_	male_stereotyped	fairtranslate	ambiguous
optician	_	Taylor prepared a special order for a client with complex needs. He is an optician known for his ability to find personalized solutions.	_	_	fairtranslate	unambiguous_male
President	_	In particular, the President of the current Transport Council has a great deal of work to do in her own country in the near future, even though she will not be the President any more.	_	_	gente	unambiguous_female
butcher	_	A butcher prepared high-quality cuts of meat for a fine dining restaurant. They also advised the chef on the best ways to cook them.	_	male_stereotyped	fairtranslate	ambiguous
worker	_	The social worker supports individuals and families facing difficulties. By assessing needs and directing them to appropriate resources, a positive impact is created in the community. Collaboration with other professionals enables comprehensive care. Those helped can count on her for empathetic support.	_	female_stereotyped	fairtranslate	unambiguous_female
inventors	The tech industry's rapid evolution sets the stage for continuous innovation, making way for future-forward solutions that will redefine society. Creativity and determination are at the core of every advancement.	Recognized at the annual tech awards, inventors, including a notable group of women, have introduced revolutionary devices that promise to enhance everyday life.	Their contributions are celebrated as a testament to human ingenuity and perseverance.	_	glitter	ambiguous
father	_	--Three girls, the two eldest sixteen and fourteen, was an awful legacy for a mother to bequeath, an awful charge rather, to confide to the authority and guidance of a conceited, silly father.	_	_	lexical	unambiguous_male
secretaries	He served again as Assistant Secretary of State under William M. Evarts from 1877 until his resignation in November 1879 due to illness.	Seward was replaced by John Hay, the diplomat who was one of President Lincoln's former private secretaries.	Seward also edited and published his father's autobiography and letters in a volume entitled Life and Letters of William H.	_	glitter	ambiguous
consumers	The digital age has revolutionized how products and services reach target audiences. Companies are increasingly investing in understanding customer behavior to enhance loyalty and profits.	Male consumers in the tech industry generally prioritize innovation and novelty, which influences market trends significantly.	Their feedback often facilitates iterative improvements in product design and functionality.	_	glitter	unambiguous_male
buyer	_	The buyer supervised the renewal of supply contracts, and she was complimented for her thoroughness.	_	_	fairtranslate	unambiguous_female
collector	_	This garbage collector participated in a recycling awareness campaign by distributing brochures during her route. She also answered residents' questions about proper sorting practices.	_	male_stereotyped	fairtranslate	unambiguous_female
controller	_	This management controller participated in the financial restructuring of a company. Internal processes were revised to improve operational efficiency. Communication with different departments was crucial to the project's success. He played a key role in transforming the company.	_	_	fairtranslate	unambiguous_male
partners	It brought a new readership of women with blue collar backgrounds from the South and West, many of whom wrote letters to him about their relationship problems. In 1991, Goldberg, a practicing clinician, university professor, and single parent, retreated from writing and traveling to concentrate on being a father, building a practice, and teaching at California State University, Los Angeles.	He now returns in writing to in order to address the critical relationship concerns for contemporary men and their female partners.	In What Men Still Don’t Know About Women, Relationships and Love (Barricade, due out in June 2007), Goldberg writes on the many “I just don’t get it” aspects of men's experiences with women, providing illuminating case histories, concrete guidelines, and sound advice.	_	glitter	unambiguous_female
advocate	_	Together with my fellow honourable Members, I advocate that we do not wait until July 2001, but enforce this ban now, with almost immediate effect.	_	_	gente	ambiguous
housekeeper	_	The housekeeper supervised the preparation of a VIP suite and received compliments from the management. He always does a fantastic job.	_	female_stereotyped	fairtranslate	unambiguous_male
directors	In 2000, Rent-A-Center was sued for sexual bias in the hiring of women. The 2002 settlement agreement resulted in a $47 million cash payment by Rent-A-Center and mandated that Rent-A-Center offer 10% of future vacancies over the following 15-month period to women who were found to be past victims of discrimination.	The settlement also led Rent-A-Center to seek qualified women to serve on its board of directors, develop equal employment training programs, and hire a new human resources vice president to implement hiring policies that ensured equal employment opportunity for female job applicants and current employees.	In 2006, Rent-A-Center settled for $7 million in restitution and $750,000 in civil penalties for deceptive business practices in California.	_	glitter	ambiguous
citizen	_	By 2002, every citizen in the euro area will have euros in their pockets and expect certain benefits from this new currency.	_	_	gente	ambiguous
worker	_	This childcare worker organizes sensory workshops to stimulate toddlers' senses and motor skills. Activities are tailored to each age to encourage harmonious development. Safety and hygiene are always maintained at the highest level. They contribute to children's daily growth.	_	female_stereotyped	fairtranslate	ambiguous
wife	_	The Peace Corps should not pay the expenses of a wife or family , unless the wife is also accepted for full-time Peace Corps work on the same project .	_	_	lexical	unambiguous_female
diabetics	The hospital ran a special program aimed at increasing awareness and providing support. Health professionals shared valuable information on lifestyle changes.	Diabetics, like Oliver and many others, found comfort in the community's encouragement and resources.	Staying informed and involved helps them manage their condition more effectively.	_	glitter	ambiguous
counselor	_	This career counselor is recognized for their ability to motivate the most undecided students. They trust them.	_	_	fairtranslate	ambiguous
wife	_	As in choosing a wife , it is only sensible to consider also how appealing a pool is likely to be in bad weather as well as in good .	_	_	lexical	unambiguous_female
husband	_	I tried my hardest , with little help , may I say , from my husband and leading man , but somehow the outside pressures were too severe .	_	_	lexical	unambiguous_male
man	_	The man went over without sound , falling to the bare floor .	_	_	lexical	unambiguous_male
officer	_	A police officer ensures public safety by patrolling neighborhoods. Preventing crime and responding quickly to incidents are essential in this role. Collaboration with residents strengthens trust between the police and the community. Citizens rely on him to maintain order.	_	male_stereotyped	fairtranslate	unambiguous_male
manager	_	This project manager represented their organization during a roundtable on the environment. They impressed the audience with their expertise.	_	_	fairtranslate	ambiguous
workers	Allies The Hotel Workers Rising campaign has garnered the support of individuals and community organizations outside of the labor movement. John Edwards and Danny Glover have both appeared at various events endorsing the goals of the campaign.	For its recent Hyatt Hurts campaign, Hotel Workers Rising has formed alliances with many different groups, including the National Organization for Women, MoveOn.org, and the National Football Players Association.	UNITE HERE has allied with LGBT rights activists creating the "Sleep With the Right People" slogan and collaborating on projects of mutual interest.	_	glitter	ambiguous
chairman	_	Mr Varela, chairman of the Committee on Fisheries, the committee responsible, has the floor again.	_	_	gente	unambiguous_male
assistant	_	A pharmacy assistant took the time to explain to a patient how to use an inhaler. The patient appreciated their clear and helpful guidance.	_	female_stereotyped	fairtranslate	ambiguous
poet	_	"Not the banker in this hotel?" inquired the poet, with some eagerness.	_	_	lexical	ambiguous
users	The new app received rave reviews, with users praising its intuitive interface and robust features. Feedback sections indicated a high level of satisfaction.	Users, ranging from tech-savvy teenagers to elderly individuals, found it easy to navigate and helpful.	Such versatility in design illustrates the value of inclusive technology.	_	glitter	ambiguous
colleagues	As an assistant professional, Farquhar learned all of the skills that a club professional needed. She was the first woman golf professional in Britain to play in a normally all men national championship on her home course at Lossiemouth.	This was the Scottish Professional Championship of 1933 finishing ahead of many of her male colleagues.	In recognition of her achievement, she was presented by the True Temper Corporation of America, with a set of the recently introduced steel shafted clubs.	_	glitter	unambiguous_male
President	_	Mr President, Mr Giuseppina Cardazzi, who is an elderly and infirm man, interested in electronics and the Internet, particularly as he is not mobile, asked me to help him understand electronic communication as he wanted to purchase a device that would enable him to access the Internet.	_	_	gente	unambiguous_male
settlers	Following the discovery of gold, the town saw an influx of people seeking fortune. This sudden population growth led to a boom in local businesses.	The diverse group of settlers ventured into the frontier, establishing communities and shaping the town's future.	As the years passed, their contributions became the foundation of today's bustling city.	_	glitter	unambiguous_all
coordinators	Excellent project management underpins the successful execution of initiatives across sectors. Organizational skills are crucial in meeting objectives within set timelines.	Male coordinators within the event management industry have honed efficient practices, ensuring smooth execution from conceptualization to closure.	Their systematic approach guarantees client satisfaction, fostering enduring partnerships with key stakeholders.	_	glitter	unambiguous_male
president	_	In the meantime, the president of the association was last week visited in his classroom by the anti-terrorist police to check if he was planning any violent demonstration.	_	_	gente	unambiguous_male
counselor	_	A career counselor presented training opportunities to a group of young people. They applauded her for the clarity of her presentation.	_	_	fairtranslate	unambiguous_female
painters	Biography Alice Maud Earl was born in Marylebone, London, to George Earl and Alice Beaumont Rawlins. Maud's profession was the continuation of a family tradition.	Her father George, her uncle Thomas Earl and her half brother Percy Earl were also animal painters of note.	George Earl, an avid sportsman and noted sporting painter, was his daughter’s first teacher and ensured she studied the anatomy of her subjects, drawing dog, horse and human skeletons to improve her skill.	_	glitter	unambiguous_male
jurists	The academic study of law offers diverse career paths, from judicial appointments to advisory roles. Many legal theorists contribute to developing frameworks that shape legislative policies.	Prominent jurists have historically driven progressive change, advocating for civil rights and equality.	These women's legacies continue to influence modern jurisprudence and inspire future legal minds.	_	glitter	unambiguous_female
President	_	I hope that President Kostunica will steadily consolidate his position as the new democratic leadership in the Federal Republic of Yugoslavia at all political levels.	_	_	gente	unambiguous_male
veterans	In 2002, the names of the two homes were officially changed to The Armed Forces Retirement Home – Gulfport and The Armed Forces Retirement Home – Washington. Both Homes are model retirement centers, where residents can maintain an independent lifestyle in an environment designed for safety, comfort and personal enrichment.	Military veterans from all service branches can live at either Home.	A few less than 900 men and women, with an average age in the eighties, currently reside at the homes.	_	glitter	unambiguous_all
notaries	Legal processes require meticulous attention to detail. Document verification is an essential component of many transactions.	Notaries ensure the authenticity and proper execution of legal documents.	Their role is vital in maintaining the integrity of various legal transactions.	_	glitter	ambiguous
rapporteur	_	Like the rapporteur, I should like to express my pleasure at the considerable progress which Latvia has made in recent months in order to be included in the first wave of enlargement that the European Union is shortly to experience.	_	_	gente	ambiguous
cleaner	_	The cleaner is responsible for maintaining cleanliness in various environments. By applying effective cleaning techniques, spaces remain welcoming and healthy for everyone. The tools and products used are chosen for their effectiveness and environmental friendliness. Every day, they commit to providing impeccable service for everyone's comfort.	_	female_stereotyped	fairtranslate	ambiguous
town	_	You ain't kidding me -- the kid don't know the name of this town '' ? ?	_	_	lexical	unambiguous_male
Commissioner	_	I will take this opportunity to ask Commissioner Patten to investigate this possibility, along with her colleague Mrs Lamy.	_	_	gente	unambiguous_female
manager	_	This server organized a smooth service during a special event. He was praised by his manager for his coordination.	_	_	fairtranslate	unambiguous_male
guy	_	When I say move , a guy moves '' ! !	_	_	lexical	unambiguous_male
operator	_	A construction machine operator maneuvers equipment such as bulldozers and excavators on construction sites. Following safety guidelines is critical to preventing accidents. Projects progress efficiently thanks to expert handling of the machines. Teams on-site trust him for his mastery of the equipment.	_	male_stereotyped	fairtranslate	unambiguous_male
women	_	We do well to remind ourselves that from men and women of New England ancestry also issued the Church of Jesus Christ of Latter Day Saints , the Seventh Day Adventists , Christian Science , the American Board of Commissioners for Foreign Missions , the American Home Missionary Society , the American Bible Society , and New England theology .	_	_	lexical	unambiguous_female
driver	_	As a British driver, when I go on French motorways I must pay French tolls.	_	_	gente	ambiguous
author	_	The sweeping revolution of the entire labor system of a large portion of our country and the advance of 4,000,000 people from a condition of servitude to that of citizenship, upon an equal footing with their former masters, could not occur without presenting problems of the gravest moment, to be dealt with by the emancipated race, by their former masters, and by the General Government, the author of the act of emancipation.	_	_	lexical	ambiguous
officer	_	Lou is a police officer living in a small village. She regularly organizes road safety awareness campaigns in local schools.	_	male_stereotyped	fairtranslate	unambiguous_female
colleague	_	I also thank my colleague, Mr Cashman, for accepting my amendments on the action programme which will guarantee European money to cover the extra cost of disability.	_	_	gente	unambiguous_male
rapporteur	_	The tighter measures which the rapporteur announced in her report and which encompass, for example, an exhaustive list of products, for which she calls on the Commission for help, is an interesting proposal and will only reinforce this policy.	_	_	gente	unambiguous_female
dog	_	This face is a dog's snout sniffing for garbage, Snakes nest in that mouth, I hear the sibilant threat.	_	_	lexical	unambiguous_male
husband	_	( `` I certainly was not at the Dumont last night and my husband couldn't have been .	_	_	lexical	unambiguous_male
man	_	Throughout history , the man who showed superior performance has become the commander of others -- for good or bad .	_	_	lexical	unambiguous_male
chairman	_	This concern is behind the fact that, in recent weeks, I have met twice with the chairman of the Tunisian human rights league.	_	_	gente	ambiguous
colleague	_	I should like to begin by congratulating our colleague, the general rapporteur Jutta Haug, on the way in which she has done her job, which has contributed immensely to the constructive atmosphere in which our work has been carried out in committee and in Parliament in general.	_	_	gente	unambiguous_female
draftsman	_	I am speaking in the capacity of draftsman of the opinion of my committee about the taxation of aircraft fuel.	_	_	gente	ambiguous
ministers	Governance and policy development require careful consideration of various economic, social, and environmental factors. Effective communication and negotiation are key in these deliberations.	Appointed ministers often lead these initiatives, shaping national and regional agendas.	Their policies can directly influence public welfare and national development.	_	glitter	ambiguous
firefighter	_	This firefighter inspects fire extinguishers in a shopping center to prevent fires. The mayor sought her out for her recognized expertise.	_	male_stereotyped	fairtranslate	unambiguous_female
surgeon	_	The nurse assisted a surgeon during a delicate procedure. Her support contributed to the success of the operation.	_	female_stereotyped	fairtranslate	unambiguous_female
welder	_	Lou, an experienced welder, works on complex projects requiring a high level of technical expertise. Challenges are met thanks to his deep knowledge of welding processes. Collaboration with other professionals ensures project success. He contributes to the development of innovative solutions in the industry.	_	male_stereotyped	fairtranslate	unambiguous_male
technician	_	This quality technician is recognized for his rigorous audits and effective recommendations to improve processes.	_	_	fairtranslate	unambiguous_male
electrician	_	By staying informed about technological advances, this electrician offers innovative solutions such as home automation systems. Efficient management of time and resources is essential to meet deadlines. Client satisfaction is at the heart of their work. They provide their expertise to improve everyone's comfort.	_	male_stereotyped	fairtranslate	ambiguous
Commissioner	_	I would like the Commissioner to confirm that he will thank the NGOs working in the field.	_	_	gente	unambiguous_male
beard	_	A hundred years ago I would have worn a beard with pride .	_	_	lexical	unambiguous_female
server	_	The server is recognized for his exceptional memory of orders. He ensures an enjoyable experience for his customers.	_	_	fairtranslate	unambiguous_male
men	_	My men have been here all afternoon , setting up for this thing '' .	_	_	lexical	unambiguous_male
directors	Career Arvesen initially began her career during her teens as an actress, model, dancer and a classically trained pianist in Norway. After college, she made the decision to leave Norway in 1986 to pursue her dream of an acting career in the United States where she has appeared in several television shows, commercials and movies.	According to Arvesen, American casting directors refused to accept her overseas acting credits.	She eventually got her first US screen credit and Screen Actors Guild membership card after appearing in the 1987 movie Dragnet with Dan Aykroyd and Tom Hanks.	_	glitter	ambiguous
draftsman	_	I would like to start by congratulating the draftsman of the opinion of the Committee on Employment and Social Affairs, Mrs Mantovani, on the substantial amendments she tabled to the Commission communication.	_	_	gente	unambiguous_female
observer	_	Any objective observer of the situation in Yugoslavia is compelled to conclude that the criminals continue to move about scot-free while their victims are locked up in prison.	_	_	gente	ambiguous
delegate	_	The delegate has done everything feasible to extend the possibility, at least of cooperating and probably of exerting influence on this matter, in her report.	_	_	gente	unambiguous_female
men	_	It made only a tiny bump over the two men like a tire over a piece of gravel then moved on .	_	_	lexical	unambiguous_male
beard	_	I thought it expedient to take off my derby , my glasses , and the beard ; ; and also to change telephones .	_	_	lexical	unambiguous_female
mother	_	`` What about your father and mother , don't you think of them when you're in a place like this '' ? ?	_	_	lexical	unambiguous_female
surgeon	_	The surgeon works in an operating room equipped with advanced technologies to perform minimally invasive procedures.	_	male_stereotyped	fairtranslate	ambiguous
authors	Mary Shelley is often credited for creating the science fiction genre with her novel "Frankenstein." Despite the challenges faced by women in her time, she persevered and became a literary icon.	Authors like her have paved the way for future generations of female writers to explore imaginative domains.	Their creativity and determination in a male-dominated industry have inspired countless young women to pursue their passion for writing.	_	glitter	unambiguous_female
female	_	Toward the male of the States, and toward the female of the States, Exulting words, words to Democracy's lands.	_	_	lexical	unambiguous_female
translator	_	This translator is renowned for their ability to convey the emotion and style of original texts. They are highly sought after for literary works.	_	_	fairtranslate	ambiguous
employee	_	Jordan is an accounting employee and is appreciated for their always accurate reports.	_	female_stereotyped	fairtranslate	ambiguous
rake	_	At the same instant the monstrous figure of the gardener with the streaming beard stood again on the green ridge against the sky, waving others to come on; but now waving not a rake but a cutlass.	_	_	lexical	unambiguous_male
rapporteur	_	The rapporteur, Mrs Maaten, has, with good reason, proposed reinforcing that legal basis with a reference to another article, Article 133 on external trade, and furthermore has proposed a series of amendments to some of the articles with the aim of preventing this directive being challenged on the basis of the case-law established by the judgment of the Court of Justice.	_	_	gente	unambiguous_female
logger	_	A logger participates in clearing operations to prepare for road construction.	_	male_stereotyped	fairtranslate	ambiguous
girl	_	In the lower portion of each Chart , the Skeletal Age ( Hand ) of boy 34 and girl 2 may be similarly classified .	_	_	lexical	unambiguous_female
chairman	_	The chairman of the group to which the majority of governments in the European Union belong said quite clearly that he will not approve the reform of the Treaty of Nice if no reference is made in Article 6.	_	_	gente	unambiguous_male
men	_	The one- or two-season hunt , of which there have been too many recently , may do more harm than good ; ; for such programs raise hopes of assistance toward achieving excellence in scholarship and the arts which are dashed when the programs are discontinued ; ; and they are dashed , no less , by lack of skill in making selections of men and women for development toward the highest reaches of the mind and spirit .	_	_	lexical	unambiguous_male
upholsterer	_	This creative upholsterer will design unique pieces for interior designers. Current trends will be integrated to provide modern solutions. Close collaboration with clients will bring their visions to life. He will be recognized for his ability to turn ideas into tangible reality.	_	male_stereotyped	fairtranslate	unambiguous_male
partners	Tonioli remarked on the matter: In 2016, a surprise challenge saw Tonioli work with Jodie Sweetin and season 22 (U.S.) eventual-winner Nyle DiMarco and their professional partners.	During the sequence, the two celebrities swapped partners, seeing DiMarco and Keo Motsepe dance the tango in ballroom hold, with both men shirtless, and Mostsepe lift and twirl DiMarco.	This was the first time a same-sex pairing danced in any franchise of the show.	_	glitter	ambiguous
accountant	_	The accountant participated in an internal audit to verify the integrity of a subsidiary's accounts. He produced a detailed report to identify financial risks.	_	_	fairtranslate	unambiguous_male
resident	_	That regulation will only work if both parents are nationals of an EU country or are resident within the European Union and if their relationship was confirmed by a legal marriage.	_	_	gente	ambiguous
partners	There have been some instances of the government using outdated laws as a means of detaining those who criticize the government, but these cases are somewhat rare. South Korea is relatively intolerant of the LGBTQ community and has seen numerous cases of discrimination in recent years in numerous arenas, ranging from the judicial system to corporate board rooms.	Women in South Korea do not enjoy the same civil liberties as women in European or North American states, instead being pushed into traditional housewife and caretaker roles by their partners.	Women have also been fined up to 2 million won when found to have had an abortion without their husband's consent.	_	glitter	unambiguous_male
student	_	An advanced student has read a considerable number of descriptions of consonantal systems , including some of the more unusual types .	_	_	lexical	ambiguous
citizen	_	It must not come to be in our Republic that it can be defeated by the indifference of the citizen, by exploitation of the delays and entanglements of the law, or by combinations of criminals.	_	_	lexical	ambiguous
contemporaries	The literary retreat was a haven for burgeoning writers. Alice, an author of bestselling novels, led discussions on narrative technique.	Her contemporaries, including writers of all genders, engaged in these conversations exploring innovation in storytelling.	Many left inspired, eager to incorporate new techniques into their works.	_	glitter	unambiguous_all
assistant	_	A nursing assistant plays a crucial role in daily patient support. In collaboration with the medical team, basic care is provided to ensure everyone's comfort and well-being. Patients' physical and emotional needs are addressed with care. Every day, they are committed to making the hospital stay more pleasant for everyone.	_	female_stereotyped	fairtranslate	ambiguous
President	_	Mr President, I congratulate the delegate on his excellent contribution to identifying the causes and the scale of poverty, which is an appropriate term for a social reality whose cruelty should not be watered down into a concept as wide-ranging and abstract as social exclusion.	_	_	gente	unambiguous_male
President	_	Secondly, the President of La Poste, Mr Claude Bourmaud, recently explained how the coming decade will herald the most profound transformation ever for postal services around the world.	_	_	gente	unambiguous_male
wife	_	Besides, it were a mocke Apt to be render'd, for some one to say, Breake vp the Senate, till another time: When Caesars wife shall meete with better Dreames.	_	_	lexical	unambiguous_female
economist	_	Mr Lipietz, for instance, is too fine an economist not to realise that economics is just another form of political science.	_	_	gente	unambiguous_male
pharmacist	_	This pharmacist prepared a customized solution for a patient and she was warmly thanked.	_	female_stereotyped	fairtranslate	unambiguous_female
intermediaries	At its height, circa 1926, the Fengtian Army consisted of somewhere between 170,000 and 250,000 men. The Fengtian Army included a number of foreigners in its ranks as soldiers, officers, and advisors.	The most important were the Japanese advisors, who not only provided Zhang with military expertise but—because they retained their positions as officers in the Kwangtung Army—also served as intermediaries with the Japanese commanders.	The presence of Japanese advisors in Chinese armies predated the establishment of the Fengtian army, and Zhang inherited several from previous Manchurian generals.	_	glitter	unambiguous_male
collector	_	The garbage collector emptied the containers in an industrial area. They completed their route while adhering to the schedule set by the municipality.	_	male_stereotyped	fairtranslate	ambiguous
plumber	_	A plumber works on renovation projects to modernize sanitary installations. Coordination with other trades ensures smooth execution of the work. Compliance with current standards is a priority. He is known for the quality of his work and his reliability.	_	male_stereotyped	fairtranslate	unambiguous_male
readers	Jarenski proclaims that through Rowson’s narrative intrusions she attempts to assert “ an authoritative female voice in a male-dominated public sphere”, creating a voice for the women who are silenced. The seduction novel  The seduction genre, of which Charlotte Temple is a part, grew in popularity after the Revolutionary War.	The American Revolution simultaneously gave women more opportunities and agency whilst highlighting the “feminine weakness, delicacy and incapacity”.The genre’s female protagonists reflected the “same trepidation and endangerment that concerned the young country” making them easily identifiable with readers, primarily made up of young early American girls.	These feelings and contradictions are displayed in Charlotte Temple as it depicts “nightmare of dislocation, alienation and abandonment” reflecting the instability and chaos felt by Americans at the time.	_	glitter	ambiguous
hosts	Welcoming guests requires planning, organization, and a warm hospitality approach. A positive first impression sets the tone for the entire encounter.	Dinner hosts create inviting atmospheres that facilitate enjoyable social interactions.	Thoughtful touches and attentive service ensure guests feel valued and appreciated.	_	glitter	ambiguous
rapporteur	_	I would especially like to thank the rapporteur, Mr García-Margallo y Marfil, for his contribution and for the positive ideas which were put forward in his report.	_	_	gente	unambiguous_male
lawyers	She also passed the Illinois bar exam that year. In 1934 Sampson was admitted to practice before the Supreme Court.	In 1943, she became one of the first black members of the National Association of Women Lawyers.	In 1947 she was appointed an Assistant State's Attorney in Cook County.	_	glitter	unambiguous_female
engineer	_	This engineer collaborates with international teams to develop cutting-edge technologies. They regularly participate in strategic meetings.	_	male_stereotyped	fairtranslate	ambiguous
workers	A Supreme Court verdict in 2021 directed that sex workers be provided Aadhar and ration without asking for proof of address, which made the situation better for sex workers. In government hospitals, sometimes it is not even doctors who do abortions for sex workers, but ward boys will do.	Sex workers also lack privacy in hospitals because people think they are okay with anybody looking at their private parts.	Transgender sex workers face even more discrimination than women sex workers due to doctors' lack of knowledge of transperson bodies, hospitals not having separate queues for transpeople and hospitals not assigning them doctors but rather rush them to testing centres.	_	glitter	ambiguous
ma'am	_	"No, ma'am," said the gardener, "nor I don't know when, if ever, the man will bring home those mats you bespoke, ma'am."	_	_	lexical	unambiguous_female
officer	_	A police officer questioned witnesses to clarify the circumstances of an incident. His precise questions allowed crucial information to be gathered.	_	male_stereotyped	fairtranslate	unambiguous_male
ceramists	The art of pottery dates back thousands of years, reflecting various cultures and traditions. Modern interpretations by female artists continue to captivate contemporary audiences.	Talented ceramists, like Erika Jonsson, draw from history to create breathtaking pieces that speak to modern themes.	Her work is featured in galleries worldwide, earning critical acclaim.	_	glitter	unambiguous_female
writer	_	There is a bitter satire for a future writer in that '' .	_	_	lexical	ambiguous
optician	_	This optician performed a precise adjustment on recently purchased glasses. They received warm thanks from the client.	_	_	fairtranslate	ambiguous
narrators	The rich tapestry of human experience is often captured best through storytelling, a timeless method of preserving history and culture. The role of voice in this tradition cannot be understated.	Skilled narrators are essential for transforming written stories into engaging auditory experiences.	Their intonation and pace bring stories to life, ensuring they resonate with listeners.	_	glitter	ambiguous
delegate	_	There was a mistake in the original analysis, and that has been corrected now, but I would like the delegate, Mrs Morillon, to briefly comment on these two points.	_	_	gente	unambiguous_female
worker	_	A childcare worker will support children in their sensory development with various activities.	_	female_stereotyped	fairtranslate	ambiguous
salesperson	_	This salesperson is recognized for his welcoming nature and ability to retain customers.	_	female_stereotyped	fairtranslate	unambiguous_male
teacher	_	The special education teacher carefully observes behaviors to adapt intervention strategies.	_	_	fairtranslate	ambiguous
President	_	Madam President, I would firstly like to thank the deputy for her efforts and praise the important work of the institutions in their approach to animal health which also, of course, facilitates the protection of human health.	_	_	gente	unambiguous_female
manager	_	The project manager analyzed collected data to adjust strategies based on obtained results.	_	_	fairtranslate	ambiguous
ladies	_	In a kind of shock , the ladies and gentlemen of the committee bent to observe the incredibly copied and brilliantly executed Last Supper on the head of a screw .	_	_	lexical	unambiguous_female
driver	_	This bus driver transports tourists on a scenic route. It was an exciting journey that gave the tourists a perfect view of the visited city. Passengers expressed their satisfaction to him upon arrival.	_	male_stereotyped	fairtranslate	unambiguous_male
rapporteur	_	It is regrettable that despite all the efforts made by rapporteur Maaten, we must conclude that no one is really happy with the developments that now characterise this report.	_	_	gente	ambiguous
welder	_	A welder makes adjustments to metal parts to ensure perfect alignment.	_	male_stereotyped	fairtranslate	ambiguous
man	_	There is no story more heartening in our history than the progress that we have made toward the "brotherhood of man" that God intended for us.	_	_	lexical	unambiguous_male
promoter	_	I now ask Mr Hatzidakis to become the promoter of another initiative, to have double shells adopted also for the road tankers that carry oil and other harmful substances on our motorways.	_	_	gente	unambiguous_male
collector	_	A garbage collector unloads containers filled with trash into the garbage truck.	_	male_stereotyped	fairtranslate	ambiguous
veterans	Around the edge of the medal are inscribed the name of the recipient and the year of presentation. In addition to receiving the medal, the recipient's portrait and name are inscribed on a memorial in the Thayer Award Room in Taylor Hall, the headquarters building of West Point.	Criteria  Active-duty and retired American military servicemen or women are eligible for the award, but the majority are civilians who contributed to the US Government, the US Armed Forces, US national security or diplomacy, US civil rights or the enduring support of veterans in a positive way.	The recipient must be a US Citizen, must not be a United States Military Academy graduate, and must receive the award in person during a ceremony with the entire Corps of Cadets.	_	glitter	unambiguous_all
deputies	Political career Peredo held a bachelor's degree in political science and administration. She was an active member of the Worker's Revolutionary Party (PRT) and in 1985, was elected a PRT federal deputy, serving during the LIII Legislature of Congress (1985–1988).	Peredo left the PRT and joined the Labor Party (PT), serving again in the Chamber of Deputies, this time representing the PT during the LVIII Legislature.	In 2006 she left the PT to run as the National Action Party candidate for the Senate representing the State of Tlaxcala; she secured that state's first minority seat.	_	glitter	ambiguous
operator	_	A press operator ensures that production deadlines are met without compromising quality.	_	_	fairtranslate	ambiguous
representative	_	I do not know whether, as one of the speakers said, I am representative of my institution, and must say that this is my own personal opinion.	_	_	gente	ambiguous
mechanic	_	This mechanic specializes in the electrical systems of hybrid vehicles. He regularly participates in training sessions to stay updated on technological innovations.	_	male_stereotyped	fairtranslate	unambiguous_male
producers	In 1995, Sorel signed a third contract term with the show. In October 1999, it was announced that Sorel was to leave Days of Our Lives when her contract expired in January of the following year.	Of Vivian's departure, executive producers, Ken Corday and Tom Langan, said "We love the character of Vivian, and hopefully she will return sometime in the near future." Producers confirmed that the role would not be recast.	Vivian and Sorel were dismissed from the soap, and the actress admitted that it felt "horrible".	_	glitter	unambiguous_male
invoice recipients	The small accounting firm specialized in providing seamless financial solutions for various businesses. Within its office, a team of dedicated professionals ensured every detail was accounted for.	Invoice recipients, like Ms. Green of ABC Manufacturing, relied on the firm's expertise for accurate financial reporting.	Her partnership with the company was built on a foundation of trust and transparency.	_	glitter	ambiguous
collector	_	"Well," growled the detective, "and so this great numismatist and coin-collector was nothing but a vulgar miser."	_	_	lexical	ambiguous
assistant	_	The nursing assistant participated in a meeting with the care team to discuss a patient's treatment. She suggested practical ideas to improve their comfort.	_	female_stereotyped	fairtranslate	unambiguous_female
electromechanic	_	This electromechanic installs new equipment in industrial facilities. Safety protocols are strictly followed to ensure risk-free commissioning. Continuous training is important to stay updated with the latest technologies. Technical teams trust them for their professionalism.	_	male_stereotyped	fairtranslate	ambiguous
server	_	A server welcomes customers to the restaurant and presents the menu. Orders are taken carefully to ensure a pleasant dining experience. Dishes are served promptly and with courtesy. Customers appreciate her attention to detail and professionalism.	_	_	fairtranslate	unambiguous_female
man	_	Again: In any law upon this subject ought not all the safeguards of liberty known in civilized and humane jurisprudence to be introduced, so that a free man be not in any case surrendered as a slave?	_	_	lexical	unambiguous_male
missionary	_	The uncounted isles of all Polynesia confess the same truth, and do commercial homage to the whale-ship, that cleared the way for the missionary and the merchant, and in many cases carried the primitive missionaries to their first destinations.	_	_	lexical	ambiguous
cashier	_	A cashier collaborates with the team to reorganize products on shelves between customers.	_	female_stereotyped	fairtranslate	ambiguous
collector	_	The amateur is closely related to the collector , who is actually no more than the amateur who has taken to the field .	_	_	lexical	ambiguous
Commissioner	_	I would also like to thank the Commissioner for her efforts and I hope I can assure her that the relatively low attendance in this House does not reflect the level of interest in this subject.	_	_	gente	unambiguous_female
men	_	To do this we knew that we must find practical controls over blind economic forces and blindly selfish men.	_	_	lexical	unambiguous_male
mother	_	The Hen-mother did not know what in the world to do with the queer little Half-Chick.	_	_	lexical	unambiguous_female
poets	From the earliest times to the modern era, poetry has captured the human condition's essence, providing solace and insight. Each stanza can evoke emotions more eloquently than a thousand words.	The poets, including celebrated female voices, graced the festival stage with compelling readings that moved their audience profoundly.	The event's success underscores the timeless appeal of poetry and its capacity to connect people across generations.	_	glitter	ambiguous
workers	Officially designated H.M. Factory Gretna, the factory was spread over a  site stretching from Dornock through Gretna to Longtown, Cumbria. This required a huge influx of labour, and 30,000 men and women came from all over the British Commonwealth to serve as construction and factory workers.	The Devil's Porridge Museum, opened in 2014 in the village, commemorates the factory and its workers.	Sir Raymond Unwin, Chief Housing Architect of the housing branch of the Explosives Department of Ministry of Munitions, and Courtenay Crickmer designed wooden housing for the workers in both Eastriggs and Gretna.	_	glitter	unambiguous_all
accountant	_	The accountant participated in an internal audit to verify the integrity of a subsidiary's accounts. They produced a detailed report to identify financial risks.	_	_	fairtranslate	ambiguous
buyer	_	This buyer developed an international purchasing strategy. Foreign markets were explored to diversify supply sources. Risk management for price fluctuations was taken into account. He played a pivotal role in optimizing the supply chain.	_	_	fairtranslate	unambiguous_male
programmer	_	A programmer writes code for an open-source project, contributing to an international developer community.	_	male_stereotyped	fairtranslate	ambiguous
Minister	_	Strangely, many MEPs and even Prime Minister Blair support a European Constitution.	_	_	gente	ambiguous
directors	The creative industry was experiencing a renaissance with content driving cultural narratives. Julia, renowned for her innovative storytelling, led a series of masterclasses.	Directors, inspired by Julia, explored new realms of cinematic expression and technology.	Their ambition and talent continued to elevate the art of filmmaking worldwide.	_	glitter	ambiguous
town	_	I recall the startling , vivid realism of a dream in which I lived through the horror of the bombing of a little Korean town .	_	_	lexical	unambiguous_male
firefighter	_	Sasha has been a firefighter for 5 years and spends their free time rock climbing. That's why they were asked to regularly inspect rooftops to prevent any potential hazards.	_	male_stereotyped	fairtranslate	ambiguous
student	_	A bond issue which would have provided some $3.5 million for construction of the two 900-student schools was defeated by district voters in January .	_	_	lexical	ambiguous
trainers	The fitness industry has witnessed a rapid transformation over the past decade. Motivating individuals to pursue a healthier lifestyle has become essential.	Personal trainers are pivotal in designing customized workout regimes that meet individual goals.	New technology now allows for remote coaching and fitness tracking.	_	glitter	ambiguous
interpreters	The international conference was a confluence of diverse cultures and languages. Jessica, who spoke five languages fluently, headed the communications team.	Interpreters like Jessica were instrumental in facilitating dialogue and mutual understanding among delegates.	The event ended with a shared commitment to collaboration and progress.	_	glitter	ambiguous
General	_	The Chilean Government guaranteed that in Chile General Pinochet would have a fair trial and General Pinochet has indeed now lost her immunity and the justice system is initiating proceedings against her.	_	_	gente	unambiguous_female
writer	_	The point is that in a system such as Fromm's which recognizes unconscious motivations , and which rests on certain ethical absolutes , empirical data can be used to support whatever proposition the writer is urging at the moment .	_	_	lexical	ambiguous
town	_	Rhode Island law specifies that all real estate is taxable in the town in which it is situated .	_	_	lexical	unambiguous_male
deputy	_	I conclude by congratulating the deputy, Mr Dary, on the excellent job he has done.	_	_	gente	unambiguous_male
assistant	_	The pharmacy assistant managed the receipt of a medication shipment by checking the stock. They ensured everything was well-organized on the shelves.	_	female_stereotyped	fairtranslate	ambiguous
driver	_	A bus driver took a well-deserved break after completing his morning route.	_	male_stereotyped	fairtranslate	unambiguous_male
alderman	_	The bottle containing our declaration, doctrines, and dying sentiments was washed up on Margate beach yesterday in the presence of one alderman, two bathing-machine men, three policemen, seven doctors, and a hundred and thirteen London clerks on a holiday, to all of whom, whether directly or indirectly, our composition gave enormous literary pleasure.	_	_	lexical	unambiguous_male
directors	The Parkersburg High School drama program is split between the PHS Drama Club and Thespian Troupe #264, which work together to produce plays as the combined "PHS Players." Drama Club members work towards earning enough Thespian "points" in order to be inducted into the Troupe at a ceremony which takes place at the end of each school year. The Troupe is one of the oldest in the country, considering that there are currently over 4000 registered school and became registered with the International Thespian Society while former Broadway actor John Lee was teaching as Parkersburg High School's Director of Performing Arts in the 1960s and 70s.	Other past directors include Connie Brant, Heather Gates-Rusher, Amanda Witt, and current teacher Lori Zyla.	Past PHS productions include No Exit, Dinny and the Witches, Interview, The Serpent, Comings And Goings, War, Charlie's Aunt, The Boyfriend, Box & Cox, The Acting Lesson, Shakespeare Unbound, Love Death and the Prom, The End of Civilization As We Know It, Seven Murders and It's Only Monday, A Midsummer Night's Dream, The Wizard of Oz, The Long Red Herring, Our Town, Small Actors, French Toast, The Great Pandemonium, The Empty Chair, The Crucible, Imaginary Harry, Little Shop of Horrors, A Piece of My Heart, Grease, FREAK, 4 a.m., Alice in Wonderland, Hard Candy, Night of the Living Dead, Radium Girls, Black Comedy, Damn Yankees, The Wedding Singer, Too Much Light Makes the Baby Go Blind, The Haunting of Hill House, The Insanity of Mary Gerrard, Things Fall (Meanwhile), The 25th Annual Putnam County Spelling Bee, and Once Upon a Mattress.	_	glitter	ambiguous
Member	_	This analysis should lead us, as MEPs, and the Commission to put forward proposals to improve the management and financial control systems which the Member States must implement in order to protect the financial interests of the European Union.	_	_	gente	ambiguous
sportspeople	It was a bright day at the stadium, with excitement buzzing in the air. Fans filled the seats, dressed in their team colors.	Sportspeople performed with passionate precision, delivering unforgettable performances to their adoring audience.	The energy resonated long after the final whistle.	_	glitter	ambiguous
electrician	_	An electrician checks the connections in a recently renovated apartment to prevent short circuits.	_	male_stereotyped	fairtranslate	ambiguous
firefighter	_	The firefighter evacuated several people trapped in a flooded basement. Their colleagues admire them for their composure in all circumstances.	_	male_stereotyped	fairtranslate	ambiguous
rapporteur	_	I have on many an occasion throughout this process thought that we were lucky when we chose him as rapporteur.	_	_	gente	unambiguous_male
female	_	The peasants--men, women and children, who had come with their pitchers to draw water at this well--were held at bay by the enraged female.	_	_	lexical	unambiguous_female
brother	_	If I don't come back in the house , Breed's going to '' -- `` Your trigger-happy brother isn't in the house .	_	_	lexical	unambiguous_male
architect	_	It did something to clear the ground , but it erected no striking new structure ; ; it did not even provide the architect's plan for anything new .	_	male_stereotyped	lexical	ambiguous
teller	_	The teller is known for her patience and professionalism when dealing with demanding customers.	_	female_stereotyped	fairtranslate	unambiguous_female
sailors	Jane Townshend, a woman aboard  at the Battle of Trafalgar, had her application for the medal initially approved. The medal was not finally awarded however, with the roll of recipients endorsed "upon further consideration this can not be allowed".	An award may have set a precedent for claims by other women, mainly wives of sailors present during naval actions.	A total of 126 awards were made to officers and men of the British Army, present on board HM's ships at qualifying actions.	_	glitter	ambiguous
worker	_	The construction worker uses modern techniques to prepare walls before painting. This is an essential skill for finishing the job.	_	male_stereotyped	fairtranslate	ambiguous
worker	_	This daycare worker organized a park outing to allow children to discover nature. Outdoor games promote the motor and social development of toddlers. Observations made during these activities are shared with parents. She contributed to creating unforgettable memories for the children.	_	female_stereotyped	fairtranslate	unambiguous_female
beautician	_	Jordan is a beautician and is highly regarded for their practical advice.	_	female_stereotyped	fairtranslate	ambiguous
ministers	Further, Catholic priest Father Paul Kelly advocated since 2008 for the abolition of the gay panic defence in Queensland to protect LGBT people from violence. As a direct result of his advocacy and online petition, the gay panic defence was abolished from Queensland law on 21 March 2017.	Since 2003, the Uniting Church in Australia has allowed sexually active gay and lesbian people to be ordained as ministers, with each individual presbyteries given discretion to decide the matter on a case-by-case basis.	The Uniting Church has allowed ministers to conduct same-sex weddings at their discretion since 2018.	_	glitter	ambiguous
builders	Urban development is crucial in accommodating growing populations. Infrastructure projects become legacies etched into the city's landscape.	While male builders traditionally form the majority, women are now increasingly participating in major city projects, exhibiting expertise and leadership in construction domains.	Their involvement contributes to the diversity and innovation within the industry.	_	glitter	unambiguous_male
cleaner	_	This cleaner works in professional settings to maintain a healthy work environment. Cleaning equipment is used appropriately for maximum efficiency. Managing cleaning product inventory is also part of his responsibilities. He contributes to employees' comfort and well-being.	_	female_stereotyped	fairtranslate	unambiguous_male
librarian	_	A passionate librarian plans to develop reading workshops for children. Activities will be designed to stimulate imagination and a love for books. Promoting children's literature will be at the heart of these efforts. Families will be grateful for his dedication.	_	female_stereotyped	fairtranslate	unambiguous_male
priest	_	Turn the bed-clothes toward the foot of the bed, Let the physician and the priest go home.	_	_	lexical	unambiguous_male
contemporaries	She became obsessed with the ukiyo-e, Japanese woodblock print, works of Hokusai. Her mother supported her decision to pursue an artistic career.	This was quite unusual for the time, and although Shōen did have successful contemporaries who were female, such as Ito Shoba (1877–1968) and Kajiwara Hisako (1896–1988), women were largely still not part of the Japanese public art scene outside of Tokyo.	Among Japan's wedding traditions, specifically among upper-class unions, brides were gifted a konrei chōdo (bridal furnishing set), usually containing art supplies, such as brushes and paints.	_	glitter	unambiguous_female
writers	The world of literature is adorned with the masterpieces of women writers. They have articulated unique perspectives and challenged conventional narratives.	These writers are winning prestigious awards for their contributions to modern literature.	Their storytelling continues to resonate with readers, weaving tales of myriad human experiences.	_	glitter	unambiguous_female
schoolteacher	_	This schoolteacher is recognized for her engaging and pedagogical way of explaining complex concepts.	_	female_stereotyped	fairtranslate	unambiguous_female
woman	_	The man wore a vest and a tie , the woman had on a dark green dress and three strands of pearls .	_	_	lexical	unambiguous_female
assistant	_	This pharmacy assistant organizes weekly orders to maintain stock levels at an optimal level.	_	female_stereotyped	fairtranslate	ambiguous
chairman	_	Mr Palacio Vallelersundi, the chairman of the Committee on Legal Affairs and the Internal Market has been unexpectedly called away and has asked me to stand in for him.	_	_	gente	unambiguous_male
secretary	_	This secretary took the initiative to create a new digital filing system to improve access to important documents. She trained the team to ensure quick adoption of this innovative method.	_	female_stereotyped	fairtranslate	unambiguous_female
electrician	_	An electrician also performs preventive maintenance to avoid future issues. Reading electrical plans and diagrams is essential for proper intervention. Safety is always a priority during on-site operations. Thanks to their professionalism, electrical networks remain reliable and secure.	_	male_stereotyped	fairtranslate	ambiguous
engineer	_	This engineer specializes in renewable energy. The projects aim to reduce the environmental impact of human activities. Research and development are at the heart of his missions. Thanks to him, new sustainable technologies are emerging.	_	male_stereotyped	fairtranslate	unambiguous_male
readers	Ginger was one of the first popular trans models during this era which implemented the first Transexual Magazines. Joey Murphy (also known as Joachim) is a former European adult actor renowned for his attractive appearance.	Kim Barry (also known as Anja) is a well-known face among fans and credited as a "Readers Top 10" subject.	Natalia Mühlhausen (also known as Jacqueline Dessin or Mistress Natalia) is a known fetish model and professional BDSM performer.	_	glitter	ambiguous
producers	The entertainment world thrives on creativity and innovation. Each production is a collaborative effort that reflects the vision of diverse minds.	Men earning a living as producers are often behind many major action and superhero films, showcasing their knack for bringing high-energy projects to life.	Their projects often set box office records, creating cultural phenomena that captivate audiences worldwide.	_	glitter	unambiguous_male
men	_	Did men become perfectionists as they grew older , polishing , polishing , reluctant to let go ? ?	_	_	lexical	unambiguous_male
welder	_	This welder contributes to the manufacturing of equipment for various sectors such as automotive or aerospace. Materials are handled carefully to ensure the quality of assemblies. Accurate reading of technical plans is essential for their work. Engineers trust them to produce flawless welds.	_	male_stereotyped	fairtranslate	ambiguous
cashier	_	Sam is a cashier in a dynamic supermarket, he is known for his diligence.	_	female_stereotyped	fairtranslate	unambiguous_male
friend	_	Like my very good friend Mrs Langenhagen I trust that the European Commission will review this issue before May next year.	_	_	gente	unambiguous_female
settlers	In colonial Brazil, the formation of a white population of exclusive European ancestry was not very common. In the first centuries of colonization, almost only Portuguese men immigrated to Brazil, since Portuguese women were often prevented from migrating.	Given such gender imbalance, Portuguese male settlers often had relationships with Amerindian or African women, what led to an extremely mixed population.	At the end of the 19th century, when eugenic ideas arrived in Brazil, a severe racial segregation, similar to that of the United States or South Africa, that separated "whites" from "non-whites", was regarded as impractical in Brazil, since this would even exclude many members of the Brazilian elite.	_	glitter	unambiguous_male
housekeeper	_	The housekeeper is often consulted to reorganize workflows and improve productivity. People say she is the best.	_	female_stereotyped	fairtranslate	unambiguous_female
women	_	Some women can sit and sew , crochet , tat or knit by the hour , and look calm and relaxed and turn out beautiful work .	_	_	lexical	unambiguous_female
translator	_	This translator worked on website localization for companies looking to expand abroad. Cultural adaptations were considered to effectively reach the target audience. Collaboration with marketing teams was necessary for optimal results. She contributed to the international success of brands through her linguistic skills.	_	_	fairtranslate	unambiguous_female
librarian	_	The resident staff is large and consists of professional assistants , graduate students , abstractors , librarian , technical editor , machine operators , secretarial help , and others .	_	female_stereotyped	lexical	ambiguous
sister	_	Mrs Ana de Palacio Vallelersundi has a sister who is a Commissioner in the European Commission.	_	_	gente	unambiguous_female
man	_	Thus the image of man has suffered complete fragmentation in personal and spiritual qualities , and complete objectification in sub-human and quasi-mechanistic powers .	_	_	lexical	unambiguous_male
teacher	_	A special education teacher helped a young person overcome academic challenges through personalized support. He was praised by the parents for his dedication.	_	_	fairtranslate	unambiguous_male
partners	Until 1996, non-Jewish spouses without right of return were immediately granted permanent residency upon their entry into Israel. Marriages must be valid under Israeli law for the partner of a citizen to be eligible for citizenship under the 4.5-year naturalization process.	Common-law or same-sex partners are subject to a longer 7.5-year gradual process that grants permanent residency, after which they may apply for naturalization under the standard procedure.	Male spouses under the age of 35 and female spouses under 25 ordinarily resident in the Judea and Samaria Area or the Gaza Strip (excluding Israeli settlements within those areas) are prohibited from obtaining citizenship and residency.	_	glitter	ambiguous
beautician	_	This beautician offers personalized beauty treatments to enhance their clients' well-being. Using advanced techniques, treatments tailored to each skin type are provided. The salon is a space dedicated to relaxation and revitalization. Thanks to their skills, clients leave satisfied and confident.	_	female_stereotyped	fairtranslate	ambiguous
worker	_	A social worker often works with associations to find suitable solutions.	_	female_stereotyped	fairtranslate	ambiguous
supervisors	A bustling factory required attention to detail and strong leadership. Karen, a formidable woman in industry, was promoted for her exceptional capabilities.	She was one of the first female supervisors in the company, known for her fair and decisive approach to management.	Karen inspired many female employees to seek leadership roles.	_	glitter	unambiguous_female
consultant	_	The reference coordinator at headquarters also serves as a consultant , and is available to work with the local librarian in helping to strengthen local reference service .	_	_	lexical	ambiguous
soldier	_	It confers a common dignity upon the French soldier who dies in Indo-China, the British soldier killed in Malaya, the American life given in Korea.	_	male_stereotyped	lexical	ambiguous
deputy	_	I also wish to thank the deputy, Mrs Haug, for her excellent work in preparing the draft budget.	_	_	gente	unambiguous_female
mother	_	Smith's first workout with stresses , pitches , and junctures was based on mother , which spells , in our culture , a good deal more than bread alone .	_	_	lexical	unambiguous_female
Commissioner	_	I trust the Commissioner will promise that he will exercise extra vigilance.	_	_	gente	unambiguous_male
mother	_	For galled breasts , the mother should shave into half a cup of fresh unsalted lard enough white chalk to make a paste .	_	_	lexical	unambiguous_female
coordinators	In 1956, the corporation elected Ed Sharp as permanent president and continued to operate the area as a public corporation. Most of the people involved in the leadership over the years were from the east side of the Pass, from Monte Vista and Sargent.	On the west side of the pass (in Pagosa Springs) the coordinators were George Yamaguchi, June Lynch, and Dave Goodman.	Other families closely involved were the Wylies, the Corrigans, Lynches, Coxes, and the Chambers.	_	glitter	ambiguous
programmer	_	The programmer participated in a coding competition to solve algorithmic problems within a limited time. His solutions impressed the judges with their efficiency.	_	male_stereotyped	fairtranslate	unambiguous_male
gentlemen	_	Yes , gentlemen , I am getting to the point , to my point .	_	_	lexical	unambiguous_male
pharmacist	_	This pharmacist is known for their insightful advice to patients.	_	female_stereotyped	fairtranslate	ambiguous
page	_	Despite this danger , however , we are informed on every hand that ideas , not machines , are our finest tools ; ; they are priceless even though they cannot be recorded on a ledger page ; ; they are the most valuable of commodities -- and the most salable , for their demand far exceeds supply .	_	_	lexical	unambiguous_male
worker	_	A social worker supported young people at risk of dropping out of school.	_	female_stereotyped	fairtranslate	ambiguous
colleague	_	In her report, my colleague, Mrs Evans, thanks the Commissioner, Mrs Monti, for having got to grips with the issue of State aid policy.	_	_	gente	unambiguous_female
optician	_	An optician helped a young patient choose their first glasses, taking the time to reassure them. They were thanked by the parents for their attentiveness.	_	_	fairtranslate	ambiguous
husband	_	You get a good , loyal husband -- smack ! !	_	_	lexical	unambiguous_male
engineer	_	The software engineer designs programs to optimize industrial processes. Understanding clients' needs allows for creating tailored solutions. Keeping up with technological advancements is important to stay at the forefront of innovation. She is recognized for her professionalism and creativity.	_	male_stereotyped	fairtranslate	unambiguous_female
musician	_	The Serge Prokofieff whom we knew in the United States of America was gay , witty , mercurial , full of pranks and bonheur -- and very capable as a professional musician .	_	_	lexical	ambiguous
pacifists	Peace movements have played significant roles in shaping historical events. Prominent figures of all genders advocate nonviolent solutions to conflicts.	Pacifists joined the march to promote global disarmament and harmony.	Their message of peace resonated with participants from diverse backgrounds.	_	glitter	unambiguous_all
musician	_	This time as a musician .	_	_	lexical	ambiguous
philanthropist	_	In supporting it, therefore, we support all that is dear to the freeman and the philanthropist The time at which I stand before you is full of interest.	_	_	lexical	ambiguous
schoolteacher	_	This schoolteacher helps each student solve math problems. He also encourages classroom discussions.	_	female_stereotyped	fairtranslate	unambiguous_male
delegate	_	I pointed out the reservations which delegate Tobin herself expressed, in the final analysis, regarding her own instrument, particularly in terms of revenue.	_	_	gente	unambiguous_female
jurists	In many modern interpretations of the Quran, the actions prescribed in 4:34 are to be taken in sequence, and beating is only to be used as a last resort. Many Islamic scholars and commentators have emphasized that beatings, where permitted, are not to be harsh or even that they should be "more or less symbolic." According to Abdullah Yusuf Ali and Ibn Kathir, the consensus of Islamic scholars is that the above verse describes a light beating.	Some jurists argue that even when beating is acceptable under the Quran, it is still discountenanced.	Shabbir Akhtar has argued that the Quran introduced prohibitions against "the pre-Islamic practice of female infanticide" (16:58, 17:31, 81:8).	_	glitter	ambiguous
worker	_	Jordan is a childcare worker and they are often consulted by parents for their helpful advice.	_	female_stereotyped	fairtranslate	ambiguous
Commissioner	_	I would like to thank the Commissioner for her response and for her very positive leadership in this crucial area, and I must say that her response has also been reassuring from an economic perspective.	_	_	gente	unambiguous_female
relatives	The Order of the White Shrine of Jerusalem Like the members of the Masonic Lodge and other appendant bodies, members of the White Shrine must profess a belief in a Supreme Being. However, the White Shrine goes one step further, requiring members to profess a belief in Jesus Christ as the Savior and Redeemer of the World.	Membership is open to female relatives of Master Masons or members either active for three years or majority of the International Order of Rainbow for Girls or Job's Daughters International who have attained of eighteen (18) years of age.	Heroines of Jericho, Order of Cyrenes Offshoots of Prince Hall Freemasonry, these two orders are open to Royal Arch and Templar masons respectively, together with their female relatives.	_	glitter	unambiguous_female
worker	_	Taylor is a daycare worker, and he is appreciated for his creativity in educational activities.	_	female_stereotyped	fairtranslate	unambiguous_male
girl	_	`` Why does this girl keep a sweater in the refrigerator '' ? ?	_	_	lexical	unambiguous_female
winner	_	I believe you should send Mrs Laurent Gbagbo, the winner of the elections, a message of solidarity and support from the European Parliament.	_	_	gente	unambiguous_female
engineer	_	This engineer is preparing a detailed report on the technical performance of an ongoing project. She is always very efficient at this task.	_	male_stereotyped	fairtranslate	unambiguous_female
mood animators	The resort was known for its vibrant events and exuberant dance nights. Paul, with his infectious energy, ensured everyone had a good time.	Mood animators like Paul set the pace, turning ordinary evenings into unforgettable experiences.	As laughter echoed through the halls, guests departed with cherished memories.	_	glitter	ambiguous
soldier	_	The addition of endurance training later , when the body is mature enough to benefit from it without danger of injury , provides that final quality that makes the top athlete , soldier or citizen .	_	male_stereotyped	lexical	ambiguous
mother	_	`` I'll call your mother as soon as I get home .	_	_	lexical	unambiguous_female
supervisor	_	The supervisor supervised the installation of new equipment on the construction site, which will revolutionize the way the team works. He then trained the workers on how to use it.	_	male_stereotyped	fairtranslate	unambiguous_male
chefs	The culinary arts festival was a sight to behold, with aromas wafting through the air. Many male participants were there to showcase their talents.	Among them, the skilled chefs displayed their latest fusion dishes to eager spectators.	The crowd applauded the creative presentations and unique flavors.	_	glitter	unambiguous_male
Secretary	_	One example is the report drawn up under the responsibility of Mrs Demirok, Secretary of the Turkish Supreme Coordination Council for Human Rights, who has proposed a very wide-ranging raft of reforms to the Constitution.	_	_	gente	unambiguous_female
jurist	_	A Virginia judge a while back cited a Roman jurist to the effect that ten years might be a reasonable length of time for such a change .	_	_	lexical	ambiguous
joiner	_	Jordan, an experienced joiner, specializes in restoring antique furniture. Traditional techniques are employed to bring historical pieces back to life. Patience and attention to detail are essential in this field. She contributes to preserving cultural heritage.	_	male_stereotyped	fairtranslate	unambiguous_female
plumber	_	A plumber repaired a major leak in an old building, thereby preventing further damage. Her technical skills impressed the owner, who warmly thanked her.	_	male_stereotyped	fairtranslate	unambiguous_female
directors	That same year, CLAGS founded the LGBTQ Scholars of Color network, which aims to connect and advance LGBTQ people of color in academia, scholarship, and research. The inaugural LGBTQ Scholars of Color Conference gathered 200 attendees at John Jay College of Criminal Justice.	In 2016, CLAGS celebrated their 25th anniversary at the CUNY Graduate Center with a conference that reunited its Founders and past executive directors, as well as a celebration at New York City's Lesbian, Gay, Bisexual & Transgender Community Center.	Women's Studies Quarterly highlighted the history of CLAGS in their issue on Queer Methods, featuring reflections by founder Martin Duberman, former Executive Director Jill Dolan, and then Executive Director Kevin Nadal.	_	glitter	ambiguous
men	_	When it was first perceived, in early times, that no middle course for America remained between unlimited submission to a foreign legislature and a total independence of its claims, men of reflection were less apprehensive of danger from the formidable power of fleets and armies they must determine to resist than from those contests and dissensions which would certainly arise concerning the forms of government to be instituted over the whole and over the parts of this extensive country.	_	_	lexical	unambiguous_male
welder	_	This welder is known for his ability to perform underwater welds in extreme conditions. He is sought after for complex missions.	_	male_stereotyped	fairtranslate	unambiguous_male
supervisor	_	This experienced supervisor is responsible for infrastructure maintenance. Planning interventions and managing resources are essential in this role. Collaboration with other departments ensures seamless operations. He is appreciated for his rigor and problem-solving skills.	_	male_stereotyped	fairtranslate	unambiguous_male
worker	_	This childcare worker is known for his ability to soothe fussy infants.	_	female_stereotyped	fairtranslate	unambiguous_male
technician	_	My friend is a quality technician, and she was complimented for the precision of her inspection reports.	_	_	fairtranslate	unambiguous_female
widow	_	`` It depends on the widow '' .	_	_	lexical	unambiguous_female
officer	_	This police officer has investigated complex cases to solve serious crimes. Collecting and analyzing evidence required great diligence. Justice benefited from his work to prosecute offenders. Thanks to his dedication, society's safety has been improved.	_	male_stereotyped	fairtranslate	unambiguous_male
driver	_	Sam, a tour bus driver, introduces visitors to the region's iconic sites. Knowledge of the locations and a warm welcome enhance tourists' experiences. Time management is crucial to keep the tour schedule. Travelers trust him for an enjoyable journey.	_	male_stereotyped	fairtranslate	unambiguous_male
attendant	_	Morgan, a flight attendant, participates in training new crew members. Safety procedures and service standards are taught with precision. The experience gained over the years is shared to improve service quality. Colleagues are grateful to her for her support and expertise.	_	female_stereotyped	fairtranslate	unambiguous_female
pastors	The small town's church was renowned for its welcoming community spirit. Father Michael, a devout and compassionate leader, often reached out to those in need.	Pastors like Father Michael played a crucial role in providing guidance and support to their congregations.	Their message of hope and faith resonated deeply with all in attendance.	_	glitter	ambiguous
painters	Art plays a vital role in society by reflecting cultural values and inspiring personal introspection. Various forms of art, from sculpture to digital media, each offer unique perspectives.	Painters, in particular, translate their emotions onto canvas, creating works that resonate deeply with audiences.	Galleries and exhibitions provide platforms for these artists to share their imaginative creations with the world.	_	glitter	ambiguous
police officers	Law enforcement agencies are increasingly recognizing the value of having women in their ranks. Female officers often bring a more empathetic approach to conflict resolution.	These police officers work alongside their male colleagues to ensure community safety.	They are pivotal in building trust between the police and the communities they serve.	_	glitter	unambiguous_female
worker	_	Jordan, a social worker, works with families to improve their living conditions. Administrative procedures are facilitated thanks to their assistance. Raising awareness of rights and available support is part of their mission. They are recognized for their dedication and empathy.	_	female_stereotyped	fairtranslate	ambiguous
housekeeper	_	The housekeeper  supervises the maintenance and smooth functioning of the residence. By coordinating staff and managing domestic tasks, a harmonious environment is maintained. Discretion and efficiency are paramount in this role. Residents rely on his expertise to ensure seamless management of their home.	_	female_stereotyped	fairtranslate	unambiguous_male
childminder	_	Last Thursday, the childminder organized a painting activity for the children. As always, she made sure everyone had all the necessary supplies.	_	female_stereotyped	fairtranslate	unambiguous_female
programmer	_	A programmer designed an interactive user interface for an educational tool. Her design was well-received by teachers and students.	_	male_stereotyped	fairtranslate	unambiguous_female
victim	_	My colleagues and I extend our deepest condolences to the family of the victim of the senseless ETA terrorism in Spain.	_	_	gente	ambiguous
mechanic	_	This mechanic replaced the braking system of a school bus. He took the time to check each component to ensure passenger safety.	_	male_stereotyped	fairtranslate	unambiguous_male
manager	_	A project manager coordinated a local development project and was praised for their organizational skills and efficiency.	_	_	fairtranslate	ambiguous
lawyer	_	This lawyer is valued for her ability to resolve complex conflicts. She inspires confidence in her clients.	_	_	fairtranslate	unambiguous_female
beautician	_	This beautician works in a luxury spa offering a full range of relaxing treatments. Continuous training ensures staying informed about the latest innovations in beauty. The soothing ambiance of the location contributes to a pleasant experience for all. They help provide a unique moment of relaxation for each client.	_	female_stereotyped	fairtranslate	ambiguous
Commissioner	_	It seems to me that the Commissioner must show the industry that he is doing all he can in this context to deal with this external threat to our industry.	_	_	gente	unambiguous_male
Commissioner	_	It is very important that the Commissioner is present for this report because he is very interested in it and we are very much in the hands of the Commission for its success.	_	_	gente	unambiguous_male
cleaner	_	My friend has been a cleaner for several years at a large consulting firm in the Paris region. They are often complimented by their employers for their efficiency.	_	female_stereotyped	fairtranslate	ambiguous
secretary	_	A secretary sorts incoming mail each morning and distributes it to the relevant departments to ensure prompt handling of requests.	_	female_stereotyped	fairtranslate	ambiguous
supremacists	Ideologies shape societal beliefs and behaviors. Unjust ideologies have often fueled conflict and division.	Supremacists uphold beliefs that promote inequality and discrimination against certain groups.	Addressing these ideologies is crucial for fostering tolerance and unity in communities.	_	glitter	ambiguous
women	_	Luckily both women knew my position and if anyone suffered in their opinion it was not I '' .	_	_	lexical	unambiguous_female
victim	_	We need to prevent producers falling victim to the cyclical variation of the market.	_	_	gente	ambiguous
nurse	_	Tenderly and rather tediously , the camera rivets on the abrupt , deep love of a pretty nurse and a uniformed teacher , complicated by nothing more than a friend they don't want to hurt .	_	female_stereotyped	lexical	ambiguous
colleague	_	I congratulate my colleague Mary Honeyball on her first report for the European Parliament.	_	_	gente	unambiguous_female
scientist	_	The computer scientist developed a secure network architecture for an international company. His expertise prevented several cyberattacks.	_	male_stereotyped	fairtranslate	unambiguous_male
operators	While the six women worked on ENIAC, they developed subroutines, nesting, and other fundamental programming techniques, and arguably invented the discipline of programming digital computers. Bartik and the other ENIAC female programmers learned to physically modify the machine, moving switches and rerouting cables, in order to program it.	In addition to performing the original ballistic trajectories they were hired to compute, the six female programmers soon became operators on the Los Alamos nuclear calculations, and generally expanded the programming repertoire of the machine.	Bartik's programming partner on the important trajectory program for the military that would prove that the ENIAC worked to specification was Betty Holberton, known at the time as Betty Snyder.	_	glitter	unambiguous_female
men	_	On the question of admission to Veterans Administration hospitals of service-connected and non-service-connected disabled veterans , it must be recognized that there are many men who are greatly affected by war service .	_	_	lexical	unambiguous_male
manager	_	Sasha, a future product manager, will join an innovative start-up. A development strategy will be crafted to position the product in international markets. Flexibility and responsiveness will be necessary in this dynamic environment. The team will rely on them to successfully lead the project.	_	_	fairtranslate	ambiguous
colleagues	Instead of reprimanding the corrupt supervisor, the system turned on her—she was harassed by secret police. The 'exemplary worker' and 'Hero of Socialist Labor' had become a vocal dissident.	Trade union activism Walentynowicz joined the newly formed WZZ or Free Trade Unions of the Coast in 1978, and in the early 1980s came to symbolize the opposition movement, along with her colleagues from the WZZ, Lech Wałęsa, Andrzej Gwiazda, Bogdan Borusewicz, Alina Pienkowska, Bogdan Lis, the Wyszkowski brothers and Andrzej Kołodziej.	As editor of the Polish samizdat (bibuła) Robotnik Wybrzeża (The Coastal Worker), she distributed an underground newsheet at the shipyard; she often challenged the authorities, it was not uncommon for her to openly challenge her superiors.	_	glitter	ambiguous
ladies	_	Victorian ladies had a fad of stringing unusual seeds to wear as jewelry .	_	_	lexical	unambiguous_female
electrician	_	This electrician installed a smart lighting system in a commercial building. He also trained users on how to operate it.	_	male_stereotyped	fairtranslate	unambiguous_male
architects	Urban development projects are rapidly transforming city landscapes. These initiatives require innovative design and careful planning.	Young architects are increasingly gaining recognition for their contributions to sustainable architecture.	The designs of these young women not only prioritize environmental concerns but also enhance community living spaces.	_	glitter	unambiguous_female
jews	Early life Barnett was born in Whitby, North Yorkshire, on 25 April 1980. He has four siblings.	His mother comes from a Quaker background whilst his father was descended from Polish Jews.	He started performing at an early age before moving to London to study acting at the London Academy of Music and Dramatic Art (LAMDA).	_	glitter	ambiguous
rapporteur	_	Turning to the first proposal on undesirable substances, I wish to thank the rapporteur, Mr Paulsen, and the draftsman, Mr Auroi, for their very comprehensive report.	_	_	gente	unambiguous_male
cleaner	_	The cleaner, known for being very environmentally conscious, is often consulted by their employers for advice on using eco-friendly products.	_	female_stereotyped	fairtranslate	ambiguous
man	_	In hunger stimulates man too the situation is very similar .	_	_	lexical	unambiguous_male
cashier	_	The cashier works in a small grocery store where she knows all the regular customers.	_	female_stereotyped	fairtranslate	unambiguous_female
attendant	_	This flight attendant is known for her kindness. Passengers always appreciate her attentiveness.	_	female_stereotyped	fairtranslate	unambiguous_female
mechanic	_	This mechanic specializes in motorcycles and other two-wheelers. Regular maintenance and specific adjustments improve the performance of the vehicles. Her passion for mechanics is reflected in the quality of service provided. Thanks to her expertise, motorcyclists fully enjoy their vehicles.	_	male_stereotyped	fairtranslate	unambiguous_female
specialists	Advanced understanding in a specific field results in expertise that is highly sought after. Continuous learning is a given in this landscape, where men continue to dominate.	These specialists in cardiology are often seen pioneering new treatments, saving countless lives.	Their contributions to medical science are invaluable.	_	glitter	unambiguous_male
women	_	The women by remaining behind condemned their children , born and unborn , to bondage .	_	_	lexical	unambiguous_female
mistress	_	You occult deep volitions, You average spiritual manhood, purpose of all, pois'd on yourself, giving not taking law, You womanhood divine, mistress and source of all, whence life and love and aught that comes from life and love, You unseen moral essence of all the vast materials of America, age upon age working in death the same as life,) You that, sometimes known, oftener unknown, really shape and mould the New World, adjusting it to Time and Space, You hidden national will lying in your abysms, conceal'd but ever alert, You past and present purposes tenaciously pursued, may-be unconscious of yourselves, Unswerv'd by all the passing errors, perturbations of the surface; You vital, universal, deathless germs, beneath all creeds, arts, statutes, literatures, Here build your homes for good, establish here, these areas entire, lands of the Western shore, We pledge, we dedicate to you.	_	_	lexical	unambiguous_female
surgeon	_	The surgeon participated in a humanitarian mission to operate on patients in remote areas. He demonstrated great adaptability.	_	male_stereotyped	fairtranslate	unambiguous_male
town	_	The cab whisked itself away again, and in it these two fantastics quitted their fantastic town.	_	_	lexical	unambiguous_male
women	_	Here we stand, where 108 years ago, at another Inaugural, thousands of protesters tried to block brave women marching for the right to vote.	_	_	lexical	unambiguous_female
cleaner	_	This cleaner is known for the impeccable cleanliness he leaves behind after every job.	_	female_stereotyped	fairtranslate	unambiguous_male
attendant	_	This flight attendant was thanked for calming a crying child during a long-haul flight. She managed to stay calm.	_	female_stereotyped	fairtranslate	unambiguous_female
husband	_	But just possibly with you on a high hill, first watching lest any person for miles around approach unawares, Or possibly with you sailing at sea, or on the beach of the sea or some quiet island, Here to put your lips upon mine I permit you, With the comrade's long-dwelling kiss or the new husband's kiss, For I am the new husband and I am the comrade.	_	_	lexical	unambiguous_male
President	_	As the President of the Commission, Mr Prodi, said, qualified majority voting, together with codecision, Article 62 linking the Charter with the Treaties, is to be the litmus test.	_	_	gente	unambiguous_male
girl	_	It is also important to realize that many girls are born without a hymen or at most only a tiny trace of one ; ; so that the absence of the hymen is by no means positive proof that a girl has had sex relations .	_	_	lexical	unambiguous_female
senders	Municipal service providers and government officials tend to be initially unresponsive and uncooperative. Group members are therefore trained to write reminders following up on requests and to seek formal receipts from civic authorities for any communications sent.	For example, group members are trained to send reminders through the government postal system, which automatically provides receipts to senders.	Women's groups also learn to recruit the support of democratically elected ward representatives who can help in interfacing with municipal corporations.	_	glitter	ambiguous
woman	_	Within the first five minutes of this interview it is apparent to the therapist that `` everybody '' truthfully refers to the woman's husband .	_	_	lexical	unambiguous_female
pharmacist	_	This pharmacist works in a neighborhood pharmacy, providing a local service to the community. Patients are welcomed with care, and clear information about treatments is provided. Participation in public health campaigns is also part of their activities. They actively contribute to the well-being of the population.	_	female_stereotyped	fairtranslate	ambiguous
photographer	_	It seemed almost a magnification of the Galaxy itself , of the Milky Way , blown up by some master photographer .	_	_	lexical	ambiguous
assistant	_	The pharmacy assistant participated in a campaign to raise awareness about self-medication. She distributed brochures and answered customers’ questions.	_	female_stereotyped	fairtranslate	unambiguous_female
executive	_	A prime responsibility of any elected parliament is to protect the interests of the individual citizens against the executive.	_	_	gente	ambiguous
specialist	_	An IT specialist develops applications to meet clients' specific needs. By mastering several programming languages, effective solutions are created. Testing and maintaining software ensure its reliability. Users benefit from his expertise to enhance their productivity.	_	male_stereotyped	fairtranslate	unambiguous_male
carpenter	_	The carpenter will inspect the condition of old frameworks before suggesting renovation work.	_	male_stereotyped	fairtranslate	ambiguous
Commissioner	_	Finally, I would like to commend the Commissioner, Mr Byrne, for his efforts in trying to secure an agreement on how best to move forward on regulating a vast structure for e-commerce transactions now and for the future.	_	_	gente	unambiguous_male
librarian	_	The librarian assisted a student in finding specific resources for a complex research project. They also explained how to use digital databases to deepen their research.	_	female_stereotyped	fairtranslate	ambiguous
operator	_	This construction machine operator has operated cranes for constructing high-rise buildings. Precision was essential for lifting and moving heavy loads. Coordination with other workers ensured a safe working environment. Thanks to their professionalism, projects were completed on schedule.	_	male_stereotyped	fairtranslate	ambiguous
employee	_	The accounting employee was praised for his accuracy in financial reports.	_	female_stereotyped	fairtranslate	unambiguous_male
supervisor	_	The supervisor supervises teams on construction sites to ensure smooth project progress. By coordinating tasks and checking quality, projects stay on schedule. Communication between workers and management is facilitated. The company relies on her for successful site operations.	_	male_stereotyped	fairtranslate	unambiguous_female
woman	_	From the day of our Founding, we have proclaimed that every man and woman on this earth has rights, and dignity, and matchless value, because they bear the image of the Maker of Heaven and earth.	_	_	lexical	unambiguous_female
President	_	Mr President, allow me to start by thanking the deputy, Mr Brok, for his extremely thorough and balanced work.	_	_	gente	unambiguous_male
partners	Long-standing alliances fueled the company's success. Isabella, a strategic negotiator, strengthened international collaboration.	She engaged with longstanding business partners of all genders encouraging shared innovation.	Her charismatic diplomacy elevated corporate relationships to new heights.	_	glitter	unambiguous_all
lawyer	_	The lawyer negotiated a favorable agreement for a company during a commercial dispute. She was praised for her efficiency.	_	_	fairtranslate	unambiguous_female
Commissioner	_	I want to address Commissioner Verheugen personally with a few comments but, before that, I wish to affirm that we have never doubted that Mr Verheugen wants to see enlargement towards the East and that the criticism that has been directed against him has been partly motivated by malice.	_	_	gente	unambiguous_male
bag	_	I stuffed a shirt or two into my old carpet-bag, tucked it under my arm, and started for Cape Horn and the Pacific.	_	_	lexical	unambiguous_female
caregiver	_	A caregiver often participates in adapting a home to make it accessible. They also ensure everything meets the beneficiaries' needs.	_	female_stereotyped	fairtranslate	ambiguous
artist	_	The interior designer , then , must first be an artist but also understand carpentry and painting and lighting and plumbing and finance .	_	_	lexical	ambiguous
Commissioner	_	I would like to thank the Commissioner for his reply.	_	_	gente	unambiguous_male
supervisor	_	This supervisor manages communication between workers and management during critical phases of a project.	_	male_stereotyped	fairtranslate	ambiguous
readers	She pointed out that American literature had been defined as about men and by men, thus excluding half of the world: women's experience and perspective. In a series of analyses of works by Faulkner, Fitzgerald, Hawthorne, Hemingway, Irving, James, and Mailer, Fetterly in The Resisting Reader places readerly experience at the forefront and argues that American literature—both past and present—has "immasculated" women readers by compelling them to identify with a so-called universal maleness.	This immasculation “burns away” [sic] “the merely personal, the purely subjective” and therefore creates in woman readers a “confusion of consciousness” (xi) in which they cannot read as themselves.	Citing John Keats’s complaint that poetry exerts a “palpable design” upon readers, Fetterley writes that American literature does something far more insidious: its designs are "impalpable," so women readers fail to recognize its effects (xi).	_	glitter	unambiguous_female
president	_	The railroad president made the statement in an interview as the Interstate Commerce Commission opened Round 2 of its hearing into the C & O's request to control and then merge with the B & Aj .	_	male_stereotyped	lexical	ambiguous
secretary	_	A secretary organized a business lunch by booking a restaurant, preparing documents to present, and coordinating participants' arrivals. His attention to detail ensured the event ran smoothly.	_	female_stereotyped	fairtranslate	unambiguous_male
influencers	In 2019, fashion trade journal Women's Wear Daily reported that Evangelista was the Top 1 influencer at Paris Fashion Week, bringing $3.1 million in Media Impact Value (MIV) to the couture shows. Media Impact Value is a proprietary algorithm by Launchmetrics "which measures the impact of placements and mentions from voices in fashion, luxury and beauty, across social media," according to Women's Wear Daily.	In the same year, Forbes France named Evangelista as one of the Top 10 luxury influencers in the world.	Evangelista further boosted her achievements by designing a jewelry collection for French haute-fantaisie jewelry house Gas Bijoux.	_	glitter	unambiguous_female
patients	In September, the City of Vancouver took over the facility, which became the City Hospital. In 1888, located at the southern edge of the original Gastown settlement, a 35-bed hospital opened, as the tent infirmary became too small.	The upstairs ward was for female patients, the downstairs ward for males.	In 1899, the Vancouver City Hospital Training School for Nurses was opened.	_	glitter	unambiguous_female
upholsterer	_	The upholsterer worked on restoring historical pieces for museums. Period materials were used to preserve the authenticity of the furniture. Research into old methods was part of the process. Conservators trusted them for their expertise.	_	male_stereotyped	fairtranslate	ambiguous
programmer	_	This programmer designed a script to automate the collection of information from a website. Their script significantly reduces the time required for this repetitive task.	_	male_stereotyped	fairtranslate	ambiguous
optician	_	An optician regularly checked lens parameters before assembling them into frames.	_	_	fairtranslate	ambiguous
President	_	Mr President, I would like to join Mr Patrie in warmly thanking our delegate, Mr Liese, for all his efforts to find a consensus.	_	_	gente	unambiguous_male
Minister	_	She was Health Minister for your country when Mrs Barón Crespo was President.	_	_	gente	unambiguous_female
gardener	_	Come here, to-morrow morning, and my gardener will set you to weed the shrubberies, and I will pay you sixpence a day.	_	_	lexical	ambiguous
Commissioner	_	I am most grateful to Commissioner Verheugen for clarifying the question of the closure of nuclear power plants.	_	_	gente	ambiguous
king	_	The patriots of 1776 did not fight to replace the tyranny of a king with the privileges of a few or the rule of a mob.	_	_	lexical	unambiguous_male
rapporteur	_	I too wish to thank the rapporteur and, of course, the Commissioner and the President-in-Office for their excellent work.	_	_	gente	ambiguous
pastor	_	Much of this lacked the active support of the pastor .	_	male_stereotyped	lexical	ambiguous
specialists	At the same time, the transition to a qualitatively new modular training system has given legal education a completely new impulse. The teaching staff of the university currently more than 250 employees, including more than 20 doctors of science, 60 doctors of philosophy, 20 professors, and 30 associate professors.	The university educates specialists in the field of law for all public authorities, as well as private structures.	Today, the university has about 3,600 students, including 124 master's degree.	_	glitter	ambiguous
welder	_	A welder worked overnight to repair a damaged production line in an automotive factory. Assigning this task to her was essential to avoid prolonged downtime.	_	male_stereotyped	fairtranslate	unambiguous_female
Chairman	_	No one in the Council of which you are the Chairman should be tempted to accuse of us of moving too slowly; we demand some minimums and everyone will understand that.	_	_	gente	ambiguous
operators	During the autumn harvest season, producers consequently rely on costly round the clock security measures to dissuade thieves. Single opportunists besides organised syndicates are at work, which via middle men supply a thriving black market.	Grain producers are sometimes conned by silo operators that issue fraudulent silo certificates, which may misstate the quantity, quality and/or location where grain is stored, with resultant financial losses for the producer.	Housebreaking Stats SA reports that the number of households that experienced this crime in the five years preceding the survey has increased from 2.1 million in 2015/16 to 2.3 million in 2019/20.	_	glitter	ambiguous
butcher	_	This butcher works in collaboration with local farmers to offer fresh and traceable meats. Precise cutting and deboning are performed with great expertise. Customer satisfaction is at the heart of his work. He is renowned for the exceptional quality of his products.	_	male_stereotyped	fairtranslate	unambiguous_male
influencers	Digital platforms have revolutionized the way content is consumed and created. Brands now collaborate with digital personalities for marketing.	Influencers, particularly those focused on fitness, have seen a surge in popularity, inspiring thousands with their health tips.	The disciplined routines and charisma of these young men captivate audiences across the globe.	_	glitter	unambiguous_male
notaries	The law firm's office was a place of diligent activity, as legal documents awaited authorization. Clients filed in, seeking assistance with various matters.	Notaries, including Mrs. Robinson, authenticated signatures and ensured the legality of important documents.	Their meticulous work safeguards legal proceedings and protects clients' interests.	_	glitter	ambiguous
representative	_	Our representative has identified and brought Turkey's attention to this common ground in her really excellent report, for which I too wish to thank her.	_	_	gente	unambiguous_female
servant	_	Philosophy conceived of as servant to the sciences might appear as less dramatic than philosophy which jeers as the sciences evolve .	_	_	lexical	ambiguous
donors	At least since the Tang dynasty (618–907), the consumption of human flesh was considered a highly effective medical treatment, recommended by the Bencao Shiyi, an influential medical reference book published in the early 8th century, as well as in similar later manuals. Together with the ethical ideal of filial piety, according to which young people were supposed to do everything in their power to support their parents and parents-in-law, this idea lead to a unique form of voluntary cannibalism, in which a young person cut some of the flesh out of their body and gave it to an ill parent or parent-in-law for consumption.	The majority of the donors were women, frequently daughters-in-law of the patient.	The Official Histories describe more than 110 cases of such voluntary offerings that took place between the early 7th and the early 20th century.	_	glitter	ambiguous
President	_	Mr President, may I begin by thanking the rapporteur, Mr Skinner, for the excellent work he has done in drafting this report.	_	_	gente	unambiguous_male
operator	_	The press operator adjusts machine settings to meet clients' technical specifications.	_	_	fairtranslate	ambiguous
leader	_	Virtually the same day, a leader from the Cypriot Parliament, Mr Christou, was refused a Turkish visa even though he was travelling in a totally peaceable context.	_	_	gente	unambiguous_male
Commissioner	_	We are walking closely with the Commissioner for the environment, Mrs Wallström, on a number of EU regulations and directives, which will help control greenhouse gases in the European Union.	_	_	gente	unambiguous_female
town	_	It had been there 50 years or more and everybody in town , black and white , knew of it .	_	_	lexical	unambiguous_male
coordinators	Al-Quso confessed to acting as a bag-man and reported giving Attash $36,000 for a "new prosthetic leg" although it was probably used instead to pay al-Mihdhar's and al-Hazmi's travel expenses to the US. However, according to the "run boy" Attash, that amount was much less, about $10,000 - $12,000.	Osama bin Laden funded the USS Cole attack and Abd al Rahim al-Nashiri was the mastermind and "field commander." Jamal al-Badawi and Fahd Mohammed Ahmed al-Quso acted as "local al Qa'ida coordinators" who purchased equipment, including the boat to be used in the attack, obtaining funding and "operational direction" from Attash.	The bombing of the USS Cole was in fact al-Nashiri's second attempt at launching a terrorist attack on a US vessel and he did so without approval from Osama bin Laden.	_	glitter	ambiguous
beautician	_	The beautician is appreciated for his attention to detail; clients trust him.	_	female_stereotyped	fairtranslate	unambiguous_male
ottoman	_	The servant lifted off a kind of ottoman a long peacock-blue drapery, rather of the nature of a domino, on the front of which was emblazoned a large golden sun, and which was splashed here and there with flaming stars and crescents.	_	_	lexical	unambiguous_male
journalist	_	Sasha is an investigative journalist. They often have to interview political figures as part of in-depth investigations.	_	_	fairtranslate	ambiguous
men	_	When we see the steady and methodical inculcation into humanity of the idea of man's worthlessness -- until redeemed -- the necessity of the Devil may become evident as a weapon , a weapon designed and used time and time again in every age to whip men into a surrender to a particular church or church-state '' .	_	_	lexical	unambiguous_male
wife	_	`` You mean you dragged your wife all over hell's half-acre looking for work '' ? ?	_	_	lexical	unambiguous_female
plumber	_	A plumber regularly trains to master the new technologies used in modern boilers.	_	male_stereotyped	fairtranslate	ambiguous
doctor	_	This doctor is known for their ability to clearly explain complex treatments. She inspires trust and reassurance in her patients.	_	_	fairtranslate	unambiguous_female
layman	_	Since little is known about autism , and almost nothing has been written for the layman , we'd like to share one experienced mother's comments .	_	_	lexical	unambiguous_male
employees	Affirmative action policies were developed to address long histories of discrimination faced by minorities and women, which reports suggest produced corresponding unfair advantages for whites and males. They first emerged from debates over non-discrimination policies in the 1940s and during the civil rights movement.	These debates led to federal executive orders requiring non-discrimination in the employment policies of some government agencies and contractors in the 1940s and onward, and to Title VII of the Civil Rights Act of 1964 which prohibited racial discrimination in firms with over 25 employees.	The first federal policy of race-conscious affirmative action was the Revised Philadelphia Plan, implemented in 1969, which required certain government contractors to set "goals and timetables" for integrating and diversifying their workforce.	_	glitter	ambiguous
employee	_	Sam works as an accounting employee and is appreciated for his organization.	_	female_stereotyped	fairtranslate	unambiguous_male
educator	_	Sam is a special educator who supports individuals with disabilities in their personal development. Tailored activities are implemented to promote autonomy and social inclusion. Collaboration with families and other professionals is essential for effective follow-up. Thanks to her support, the beneficiaries progress and gain confidence.	_	_	fairtranslate	unambiguous_female
accountants	Financial accuracy and integrity are the cornerstones of a successful accounting practice. Regular audits ensure compliance.	Accountants often pursue continuous education to keep abreast of regulatory changes, supporting their clients effectively.	The expertise of these men contributes significantly to the financial health of businesses.	_	glitter	unambiguous_male
stepmother	_	The stepmother , almost without exception , has been presented as a cruel ogress .	_	_	lexical	unambiguous_female
coaches	Female coaches are breaking into top positions in both male and female sports teams. They bring valuable insights and foster teamwork among players.	Increasingly, these coaches ensure that gender doesn't limit opportunities for athletes.	Their leadership is transforming the dynamics of how sports teams operate.	_	glitter	unambiguous_female
President	_	It is the duty of the President of the sitting to guide and interpret the questions and it is then at the discretion of the President-in-Office of the Council how to discuss or respond to them, except where the questions are nonsensical or have nothing to do with the subject.	_	_	gente	ambiguous
technician	_	This chemical technician participated in the development of a new drug. Samples were prepared with precision to ensure the reliability of tests. Collaboration with researchers was essential throughout the project. She made a significant contribution to the success of the development.	_	_	fairtranslate	unambiguous_female
ladies	_	Department stores were built on dry goods , especially ladies' fashions , and in this area , in the long run , the suburban branches will be hard put to compete against downtown .	_	_	lexical	unambiguous_female
server	_	The server handled a complaint with calm and professionalism. They quickly resolved the situation.	_	_	fairtranslate	ambiguous
investigators	Legal frameworks ensure justice and uphold society's moral standards. Uncovering the truth requires meticulous inspection and a methodical approach.	Investigators collect evidence and build cases to support legal proceedings.	Technological tools and forensic science continue to evolve, aiding in accurate results.	_	glitter	ambiguous
woman	_	A woman with a small boy slipped in between them .	_	_	lexical	unambiguous_female
architect	_	The great architect also designed the fine interior staircase and colonnade which connects the two courts .	_	male_stereotyped	lexical	ambiguous
operators	The control room hummed with the sound of machinery in motion. Technicians monitored screens displaying complex data.	Operators, predominantly male, managed the intricate systems that kept the factory running smoothly.	Their expertise is vital to ensuring production efficiency and safety.	_	glitter	ambiguous
Minister	_	The German Justice Minister initiated this; it was at her suggestion that the Tampere Summit decided to establish Eurojust over a year ago.	_	_	gente	unambiguous_female
mother	_	In New York City in 1958 , the city's Commissioner of Hospitals refused to permit a physician to provide a Protestant mother with a contraceptive device .	_	_	lexical	unambiguous_female
poet	_	Others , less consciously but quite probably influenced by the trends of the times , experiment with approaches that parallel those of the contemporary poet , painter , and musician .	_	_	lexical	ambiguous
buyer	_	This buyer developed an international purchasing strategy. Foreign markets were explored to diversify supply sources. Risk management for price fluctuations was taken into account. She played a pivotal role in optimizing the supply chain.	_	_	fairtranslate	unambiguous_female
pacifists	Members of the sect would not listen to secular music, read books other than the Bible, play games or have flowers in the home. They would not smoke tobacco or drink alcohol.	They were pacifists and were conscientious objectors during the world wars, when they were mostly allowed to continue working on the farms.	The Lord's Prayer was not used in their worship, as it was regarded by Sirgood as an earthly institution which was incompatible with the higher life the Brethren wished to lead.	_	glitter	unambiguous_male
men	_	This favorable image of America in the minds of Russian men and women is still there despite years of energetic anti-American propaganda ''	_	_	lexical	unambiguous_male
women	_	"You may be right or wrong to risk dying," said the girl, simply; "the poor women in our village risk it whenever they have a baby.	_	_	lexical	unambiguous_female
town	_	You can't keep that kind of information quiet in a town of only 4000-plus .	_	_	lexical	unambiguous_male
colleague	_	The twin-track strategy proposed by our colleague, Mrs Oostlander, offers a way out, for which I thank her.	_	_	gente	unambiguous_female
woman	_	I fled , however , not from what might have been the natural fear of being unable to disguise from you that the things about my bridegroom -- in the sense you meant the word `` things '' -- which you had been galvanizing yourself to tell me as a painful part of your maternal duty were things which I had already insisted upon finding out for myself ( despite , I may now say , the unspeakable awkwardness of making the discovery on principle , yes , on principle , and in cold blood ) because I was resolved , as a modern woman , not to be a mollycoddle waiting for Life but to seize Life by the throat .	_	_	lexical	unambiguous_female
optician	_	Taylor prepared a special order for a client with complex needs. They are an optician known for their ability to find personalized solutions.	_	_	fairtranslate	ambiguous
engineer	_	The engineer developed a software program for inventory management in a large company. The owner acknowledged that it significantly reduced costs.	_	male_stereotyped	fairtranslate	ambiguous
logger	_	In the forest, a logger performs tree felling and skidding with precision. Modern equipment facilitates work while ensuring safety. Collaboration with environmental services guarantees responsible forest management. Local communities benefit from his work for sustainable development.	_	male_stereotyped	fairtranslate	unambiguous_male
investors	Other characters were minimized or excluded, subplots were eliminated, and the love scene was made explicit. Jane Rule described the film as "beautifully simplified".	Deitch raised the $1.5 million needed for the production budget with a $20,000 grant from the National Endowment for the Arts and sales of $15,000 shares to stock brokers and individual investors.	The largest group of investors were lesbian and feminist women in several cities of the U.S., and the largest single investor was a gay man.	_	glitter	ambiguous
journalist	_	An excellent article was published recently in the Journal Of The Church Peace Union by a South African journalist on the inhuman economic conditions of the blacks in South Africa , amounting to virtual slavery , and the economic complicity of both the government and the people of the United States in these conditions .	_	_	lexical	ambiguous
man	_	No reasonable man of any party will expect the Administration to be so regardless of its responsibility and of the obvious elements of success as to retain persons known to be under the influence of political hostility and partisan prejudice in positions which will require not only severe labor, but cordial cooperation.	_	_	lexical	unambiguous_male
caregiver	_	This caregiver is is appreciated by the beneficiaries.	_	female_stereotyped	fairtranslate	ambiguous
magician	_	It is a phrase as arresting as a magician's gesture , with a piquant turn of harmony giving an effect of strangeness .	_	male_stereotyped	lexical	ambiguous
newcomers	The city had always been a melting pot of diverse cultures. Its doors were open to people from all walks of life.	In recent years, male newcomers from various countries have enriched the community, bringing fresh ideas and vibrant traditions.	Integration programs have been established to support their transition into the local society.	_	glitter	unambiguous_male
optician	_	This optician is known for his technical expertise in adapting progressive lenses. He is often recommended by local ophthalmologists.	_	_	fairtranslate	unambiguous_male
architect	_	After all , that's the job of the architect -- to give the world a little joy '' .	_	male_stereotyped	lexical	ambiguous
illustrators	X-Men Noir: Mark of Cain was released in 2010. That same year, he drew the Dark Horse Comics relaunch of the former Gold Key and Valiant character, Doctor Solar, Man of the Atom, which was written by Jim Shooter.	In 2009 Dennis Calero received an honorable mention from the Society of Illustrators West for his work on X-Men Noir.	In 2012, Calero illustrated the Shadow Annual for Dynamite Entertainment and is illustrating issues 2-8 of MASKS, a mini-series developed by Dynamite,  Alex Ross and Chris Roberson putting together many of the popular pulp heroes Dynamic Forces licenses, such as the Green Hornet & Kato, the Shadow, and Zorro.	_	glitter	ambiguous
cleaner	_	A cleaner ensures that cleaning equipment is well-maintained.	_	female_stereotyped	fairtranslate	ambiguous
beautician	_	The beautician is renowned for her personalized advice; clients appreciate her professionalism.	_	female_stereotyped	fairtranslate	unambiguous_female
caregiver	_	Sasha is a caregiver, and she has been praised by families for her valuable support.	_	female_stereotyped	fairtranslate	unambiguous_female
joiner	_	A joiner made a custom bookshelf for a demanding client. They used solid oak and added elegant finishes. The family was impressed by the quality of their work.	_	male_stereotyped	fairtranslate	ambiguous
colleague	_	I believe the report by our colleague, Mrs Maij-Weggen, who in fact knows the situation well, satisfactorily addresses these aspects and therefore deserves our full approval.	_	_	gente	unambiguous_female
patriarch	_	To whom the patriarch of mankind replied.	_	_	lexical	unambiguous_male
caregiver	_	A caregiver will soon join a team dedicated to home assistance. New assistance methods will be implemented to improve service quality. Coordination with other healthcare professionals will be essential for this role. He will contribute to the well-being of those he supports.	_	female_stereotyped	fairtranslate	unambiguous_male
laypeople	Homosexuality The diocese officially subscribes to the traditional Anglican stance on homosexuality. Most conservatives and Evangelicals remain opposed to the blessing of same-sex unions and the ordination of non-celibate gay and lesbian clergy.	However, the diocese also contains a number of liberal parishes and prominent laypeople, such as Muriel Porter, who have been very vocal in their support for changes in the church's teaching on human sexuality.	Abortion In November 2007, an all-female committee from the Diocese of Melbourne made a submission to the Victorian Law Reform Commission outlining its position in relation to abortion.	_	glitter	ambiguous
official	_	All the advocates of a liberal Europe are enlarging is the scale of misery of peoples already crushed by poverty and not only that but, on this occasion, they are imposing a political agenda which involves placing on an official footing a core of rich countries which will control an expanded European market.	_	_	gente	ambiguous
doctor	_	The doctor worked in a humanitarian organization to provide care in remote areas. Difficult conditions did not prevent her from delivering vital medical assistance. Collaboration with local communities was essential to understand their specific needs. She saved many lives through her dedication.	_	_	fairtranslate	unambiguous_female
specialists	Medical advancements rely heavily on expertise and specialization. Innovations in treatment methods and technologies are constantly evolving.	Male specialists in fields such as cardiology and neurology are at the forefront of research, pioneering techniques that save lives.	Their work continues to redefine what's possible in medical care and treatment outcomes.	_	glitter	unambiguous_male
monk	_	They were really very plausible and thoughtful heresies, and it was really a creditable or even glorious circumstance, that the old monk had been intellectual enough to detect their fallacy; the only misfortune was that nobody in the modern world was intellectual enough even to understand their argument.	_	_	lexical	unambiguous_male
freelancers	The bustling city serves as the perfect backdrop for creative minds. Coffee shops become hubs of productivity.	Many freelancers find inspiration in such dynamic environments.	The work of these people, regardless of their gender, often reflects the vibrant energy surrounding them.	_	glitter	unambiguous_all
accountant	_	This accountant identified an error in a major client's accounting records and corrected the issue promptly. Her vigilance prevented costly penalties.	_	_	fairtranslate	unambiguous_female
President	_	Madam President, Mrs Giuseppina Cardazzi, who is an elderly and infirm lady, interested in electronics and the Internet, particularly as she is not mobile, asked me to help her understand electronic communication as she wanted to purchase a device that would enable her to access the Internet.	_	_	gente	unambiguous_female
ma'am	_	`` Yes , ma'am '' , the children chorused heartily .	_	_	lexical	unambiguous_female
feminist	_	Obviously not, and as someone involved with associations for social change, because I too, like many of you, have some thirty years of involvement with these associations behind me, I know how hard the social movement, the feminist movement and the intellectual movement, naturally, have worked to move this issue forward, and today we take our places in roles of responsibility in our institutions.	_	_	gente	ambiguous
carpenter	_	The carpenter designs and builds wooden structures for various constructions. Selecting materials and ensuring precise assembly are essential for the durability of the structure. Traditional techniques are combined with modern methods. Architects collaborate with them to create unique designs.	_	male_stereotyped	fairtranslate	ambiguous
author	_	In all of this extensive and expensive effort , the camera was downgraded to the status of recording instrument for art work produced elsewhere by the actor or by the author .	_	_	lexical	ambiguous
nurse	_	The nurse delivers quality care to patients in various healthcare settings. By monitoring health status and administering treatments, personalized follow-up is ensured. Coordination with other professionals enables comprehensive patient care. Thanks to her skills, patients receive the best possible care.	_	female_stereotyped	fairtranslate	unambiguous_female
man	_	It's not the kind of thing that a man would be proud of .	_	_	lexical	unambiguous_male
President	_	Mr President-in-Office of the Council, we in Parliament have tried in vain to urge Mr Nielson, the Commissioner responsible for humanitarian matters, to visit Chechnya, not just for the sake of an official visit but to carry out a serious survey of the humanitarian situation.	_	_	gente	unambiguous_male
readers	Larry became chairman and chief executive officer in 2010, succeeding Harry who still remains with the company as an advisor. In 1997, harry magazine was launched.	With two issues a year, this men’s lifestyle magazine covers fashion advice and offers readers guidance in many areas of their life.	In the fall of 2008, Harry Rosen unveiled an expansion of the Bloor Street flagship location in Toronto that represented the largest capital investment ever made by the company.	_	glitter	unambiguous_male
collector	_	A garbage collector takes care of trash in a busy neighborhood where residents often leave bulky waste.	_	male_stereotyped	fairtranslate	ambiguous
directors	The C&OR and the Killin Railway were to be "schemed" into the new London Midland and Scottish Railway. In fact the technicalities of finalising the accounts of numerous small concerns caused the detail of the process to overrun.	Since Breadalbane's demise there were only two directors of the Killin Railway, both local men unacquainted with national railway politics and they were taken by surprise when the new LMS indicated the terms of the takeover.	Fearing no evil, they rejected the terms, which were to pay £1 for every £100 Killin Railway.	_	glitter	unambiguous_male
fellow	_	called out the Duke sharply; "that fellow's disappeared.	_	_	lexical	unambiguous_male
collector	_	This garbage collector gathers household waste and transports it to treatment centers. Rounds are carried out early in the morning to minimize disruptions. Following safety regulations is crucial during operations. Residents rely on him for efficient service.	_	male_stereotyped	fairtranslate	unambiguous_male
student representatives	The university was preparing for an important administrative meeting. The agenda included several pressing issues.	During the session, student representatives raised concerns about campus safety, advocating for improved measures.	The input of the young ladies was taken seriously and initiated further discussions among the board.	_	glitter	unambiguous_female
colleague	_	I believe the report by our colleague, Mr Maij-Weggen, who in fact knows the situation well, satisfactorily addresses these aspects and therefore deserves our full approval.	_	_	gente	unambiguous_male
manager	_	The childcare worker was praised by his manager for the quality of activities he proposed.	_	female_stereotyped	fairtranslate	unambiguous_male
carpenter	_	The carpenter designs and builds wooden structures for various constructions. Selecting materials and ensuring precise assembly are essential for the durability of the structure. Traditional techniques are combined with modern methods. Architects collaborate with him to create unique designs.	_	male_stereotyped	fairtranslate	unambiguous_male
programmer	_	Morgan, a passionate programmer, will contribute to the creation of an innovative online platform. Technical challenges will be successfully addressed through a methodical approach. Maintenance and regular updates will ensure the platform's longevity. She will be recognized for her significant contribution to the project.	_	male_stereotyped	fairtranslate	unambiguous_female
journalist	_	This journalist is known for immersive reporting, giving a voice to marginalized populations. They inspire respect and admiration.	_	_	fairtranslate	ambiguous
deputy	_	The deputy is right, therefore, when he states that the compromise reached is the only compromise possible.	_	_	gente	unambiguous_male
welder	_	A welder assembles metal parts using various welding techniques. Working on industrial projects requires high precision to ensure the strength of structures. Safety standards are strictly followed during operations. Thanks to his expertise, metal constructions are reliable and durable.	_	male_stereotyped	fairtranslate	unambiguous_male
Morgan	_	Morgan is a firefighter who provides rescue to victims during road accidents or natural disasters. Reactivity and composure are crucial to saving lives. Solidarity among colleagues enhances intervention efficiency. Morgan dedicates their time and energy to serving others.	_	male_stereotyped	fairtranslate	ambiguous
attendant	_	A flight attendant often provides personalized services to passengers, such as special meals.	_	female_stereotyped	fairtranslate	ambiguous
manager	_	A product manager regularly evaluates product performance to adjust commercial strategies.	_	_	fairtranslate	ambiguous
journalist	_	Such items recall the California journalist who reported an accident involving a movie star : `` The area in which Miss N -- was injured is spectacularly scenic '' .	_	_	lexical	ambiguous
citizen	_	It has been found powerful in war, and hitherto justice has been administered, and intimate union effected, domestic tranquillity preserved, and personal liberty secured to the citizen.	_	_	lexical	ambiguous
king	_	All the king's horses and all the king's men Vecchio shouldered in .	_	_	lexical	unambiguous_male
analyst	_	Tonal morphophonemics is much more confusing to the beginning analyst than consonantal morphophonemics , even when the total number of rules is no greater .	_	_	lexical	ambiguous
painters	The open-air art fair featured an array of artistic expressions, showcasing traditional and contemporary styles side by side. Art lovers browsed the collections, engaging with creators about their inspiration and techniques.	Notably, the painters, including talented women, offered pieces that captured the vibrant essence of their cultural heritage.	Buyers eagerly collected their works, hoping to bring a piece of the creators' vision into their homes.	_	glitter	ambiguous
Member	_	Since the honourable Member said he would vote against, this amendment is repealed.	_	_	gente	unambiguous_male
representative	_	My compliments to her and indeed to our representative, Mrs Bowis, for a very logical and rational approach to the problem before us today.	_	_	gente	unambiguous_female
administrator	_	Customary Senate rules were ignored in order to speed approval of the Negro leader as administrator of the housing and home finance agency .	_	_	lexical	ambiguous
maid	_	At the home of a gourmet the new maid was instructed in the fine points of serving .	_	_	lexical	unambiguous_female
assistant	_	The nursing assistant participated in a meeting with the care team to discuss a patient's treatment. They suggested practical ideas to improve their comfort.	_	female_stereotyped	fairtranslate	ambiguous
blade	_	The bright swords crossed, and the first touch of them, travelling down blade and arm, told each combatant that the heart of the other was awakened.	_	_	lexical	unambiguous_male
victim	_	They often fall victim to acts of violence and some are forced into prostitution.	_	_	gente	ambiguous
worker	_	Jordan, a social worker, works with families to improve their living conditions. Administrative procedures are facilitated thanks to his assistance. Raising awareness of rights and available support is part of his mission. He is recognized for his dedication and empathy.	_	female_stereotyped	fairtranslate	unambiguous_male
draftsperson	_	In my capacity as draftsperson of the Committee on Petitions, I should like to congratulate the rapporteur for the excellent report on the mobility of students, researchers and persons undergoing training.	_	_	gente	ambiguous
secretary	_	Alex is the secretary who handles administrative tasks and organizes schedules within a company. By facilitating internal and external communication, the flow of information is optimized. Mastery of office tools and organizational skills is essential. Thanks to him, daily operations run smoothly.	_	female_stereotyped	fairtranslate	unambiguous_male
cleaner	_	Sasha, an experienced garbage collector, also participates in educational programs at schools. Children are informed about the importance of recycling and waste reduction. Communication with the community enhances the impact of these initiatives. She is proud to contribute to a cleaner future for coming generations.	_	male_stereotyped	fairtranslate	unambiguous_female
law makers	Debate over legislative changes often reflects broader societal values and priorities. Such discussions can be contentious, involving multiple stakeholders and perspectives.	Law makers must balance diverse interests to enact effective and fair policies.	Their decisions inherently impact various facets of daily life and governance.	_	glitter	ambiguous
friend	_	I would not like the precautionary principle to lead to a repetition of what happened to a friend of mine when he went out with his family and found himself the middle of a scandal.	_	_	gente	unambiguous_male
girl	_	There will be a large drawing of a sunbonnet girl with eyes that flash at the guests .	_	_	lexical	unambiguous_female
Commissioner	_	Commissioner, in your communication on the European research area you also referred to the poor mobility of researchers and to the problems within Europe.	_	_	gente	ambiguous
delegate	_	We endorse the attention which the delegate, Mr Montfort, is paying, rightly so, to small and medium-sized businesses, and micro-enterprises, as well as to granting priority support to startups.	_	_	gente	unambiguous_male
manager	_	An electrician installs solar panels on the roof of a school under renovation. Assigning him this task shows the project manager's confidence.	_	male_stereotyped	fairtranslate	unambiguous_male
operator	_	The construction machine operator prepares a site by moving materials to designated work areas.	_	male_stereotyped	fairtranslate	ambiguous
teacher	_	A special education teacher helped a young person overcome academic challenges through personalized support. She was praised by the parents for her dedication.	_	_	fairtranslate	unambiguous_female
woman	_	Beyond a certain point , of course , no woman can be dominant -- nature has seen to that .	_	_	lexical	unambiguous_female
manager	_	Since Sam became a project manager, he has designed an action plan to improve collaboration between different partners.	_	_	fairtranslate	unambiguous_male
President	_	Finally, I should like to extend my warmest thanks to the House, to all of my colleagues, to all the collaborators and also to the President.	_	_	gente	ambiguous
writer	_	Moral dread is seen as the other face of desire , and here psychoanalysis delivers to the writer a magnificent irony and a moral problem of great complexity .	_	_	lexical	ambiguous
sweeper	_	This street sweeper focuses on cleaning parks and public gardens. Paths and playgrounds are maintained for the enjoyment of visitors. Raising public awareness about cleanliness is also part of their responsibilities. They help create a pleasant environment for families and walkers.	_	male_stereotyped	fairtranslate	ambiguous
manager	_	The salesperson was often asked to reorganize displays and highlight new arrivals. Her style was greatly appreciated by her manager.	_	female_stereotyped	fairtranslate	unambiguous_female
employers	Ian is supposedly a bank manager and is, much to Alex's regret, often away from home. One day, Alex is told that his uncle has died in a car crash, but quickly discovers that his uncle was actually a spy working for MI6 and was murdered.	He is then recruited by his uncle's former employers, Alan Blunt and Mrs.	Jones of the Special Operations Division of MI6, who explains to Alex that his uncle has been training him as a spy.	_	glitter	unambiguous_all
investors	Since 2007, MCM has also published NOW!, a Burmese-language health, beauty and fashion weekly magazine. Sister publications In late 2007 investors in Myanmar Consolidated Media took a controlling interest in well-regarded English-language newspaper The Phnom Penh Post, based in Cambodia.	The investors were identified as Ross Dunkley and Bill Clough, an Australian mining and oil and gas entrepreneur.	Six months after the takeover, The Phnom Penh Post, which was established in 1991, began daily publication, including an article republication agreement with The Myanmar Times.	_	glitter	unambiguous_male
woman	_	We have watch'd the seasons dispensing themselves and passing on, And have said, Why should not a man or woman do as much as the seasons, and effuse as much?	_	_	lexical	unambiguous_female
rapporteur	_	The rapporteur, Mr Maaten, has, with good reason, proposed reinforcing that legal basis with a reference to another article, Article 133 on external trade, and furthermore has proposed a series of amendments to some of the articles with the aim of preventing this directive being challenged on the basis of the case-law established by the judgment of the Court of Justice.	_	_	gente	unambiguous_male
Commissioner	_	I wish to express my gratitude, mainly to the authors of these two reports, but also to Commissioner Verheugen.	_	_	gente	ambiguous
assistant	_	The nursing assistant distributes meals in a care unit, ensuring that each patient receives their tray.	_	female_stereotyped	fairtranslate	ambiguous
operator	_	The press operator supervised the startup of a new production line. They were praised for their expertise.	_	_	fairtranslate	ambiguous
donors	Taking Donna to his hideout, Smith realizes that the baby (whom he names Oliver) stops crying when he hears heavy metal music; he concludes that Oliver's mother lived near a heavy metal club. Pursued by Hertz, Smith shoots his way out of the hideout, and he and Donna head to a nearby club.	Above the club they discover an apartment with medical equipment and two dead, pregnant women; Smith concludes that the women were all impregnated with one man's sperm in order to give birth to matching bone marrow donors.	When Smith and Donna have sex in a motel room, a squad of gunmen attack; Smith shoots all of them without stopping intercourse.	_	glitter	ambiguous
operator	_	Harper has been trained as a construction machine operator. Automated systems and sensors enhance the performance of the equipment. Regular maintenance of machines is also part of her responsibilities. She contributes to the efficiency and safety of operations on-site.	_	male_stereotyped	fairtranslate	unambiguous_female
lawyer	_	A lawyer pleaded before an international court. He was noted for his mastery of international law.	_	_	fairtranslate	unambiguous_male
lawyer	_	This lawyer defended a wrongly accused client and secured their acquittal. Her dedication made the difference.	_	_	fairtranslate	unambiguous_female
Commissioner	_	The Commissioner spoke for 18 minutes and during this time she cited dozens and dozens of items and gave a breakdown of the position of the Commission.	_	_	gente	unambiguous_female
specialist	_	An IT specialist develops applications to meet clients' specific needs. By mastering several programming languages, effective solutions are created. Testing and maintaining software ensure its reliability. Users benefit from her expertise to enhance their productivity.	_	male_stereotyped	fairtranslate	unambiguous_female
President	_	Mr President, I wish to begin by congratulating my colleague, Mr Langen, on his excellent report which, as he says, was carried through the Committee on Industry, External Trade, Research and Energy, unanimously.	_	_	gente	unambiguous_male
analyst	_	In the first subtype , the analyst ( following the practice of railroad analysis in this particular respect ) distributes both total operating costs and total annual capital costs ( including an allowance for `` cost of capital '' or `` fair rate of return '' ) among the different classes and units of service .	_	_	lexical	ambiguous
server	_	This server recommended a perfect wine pairing for a main dish. He was thanked by customers for his expert advice.	_	_	fairtranslate	unambiguous_male
rapporteur	_	Now that we have heard from the rapporteur, we shall have one speaker in support of the motion, and one against.	_	_	gente	ambiguous
observer	_	They were not free to be themselves in this situation , an interpersonal one , where there was an observer of their reactions and they had no guide for acceptable behavior .	_	_	lexical	ambiguous
counselor	_	This career counselor organized a workshop on the jobs of tomorrow. She reassured participants with her practical advice.	_	_	fairtranslate	unambiguous_female
baggage	_	But I thought, may be, you had both gone off and locked your baggage in for safe keeping.	_	_	lexical	unambiguous_female
controller	_	The management controller collaborated with departments to develop a new cost reduction plan. They were praised for their work.	_	_	fairtranslate	ambiguous
collector	_	A garbage collector gathered trash bags at an outdoor market. He also cleaned the surrounding area to leave it spotless.	_	male_stereotyped	fairtranslate	unambiguous_male
colleague	_	I can fully concur with the view taken by my colleague, Mrs Jan Mulder, in this respect.	_	_	gente	unambiguous_female
attendant	_	A flight attendant actively participates in safety demonstrations before each departure.	_	female_stereotyped	fairtranslate	ambiguous
server	_	This server worked in a renowned fine-dining establishment. In-depth knowledge of wines and dishes allowed her to advise customers expertly. Coordination with the kitchen team was essential for smooth service. She contributed to the restaurant's reputation for excellence.	_	_	fairtranslate	unambiguous_female
rapporteur	_	It is only right to highlight the efforts that the general rapporteur, Mrs Haug, has made in seeking an intelligent consensus, which I hope will not be frustrated.	_	_	gente	unambiguous_female
manager	_	A project manager coordinates strategic projects within an organization. Objectives are defined based on identified needs and available resources. Planning and monitoring actions are essential to achieving desired outcomes. Thanks to his efforts, teams collaborate effectively.	_	_	fairtranslate	unambiguous_male
electromechanic	_	This electromechanic tests a new electrical device before putting it into service.	_	male_stereotyped	fairtranslate	ambiguous
secretary	_	The secretary organized an annual seminar by managing invitations, logistics, and supervising technical aspects. They also wrote a detailed report for the board of directors.	_	female_stereotyped	fairtranslate	ambiguous
worker	_	This daycare worker supported a child taking their first steps. They also reassured the worried parents.	_	female_stereotyped	fairtranslate	ambiguous
specialists	The state-of-the-art hospital was a beacon of advanced medical care. Patients from all over sought the expertise of leading professionals.	Specialists, including Dr. Smith and Dr. Zhang, provided cutting-edge treatments tailored to individual conditions.	Their proficiency ensures patients receive the best possible care.	_	glitter	ambiguous
worker	_	The daycare worker prepared an art activity with the children and received many compliments from the parents.	_	female_stereotyped	fairtranslate	ambiguous
rapporteur	_	This is demonstrated by the fact that we are currently producing a very significant own-initiative report, the rapporteur for which is our vice-chairperson, Mrs Miguélez, on the causes of accidents involving fishing vessels in the European Union.	_	_	gente	unambiguous_female
translator	_	This translator worked on website localization for companies looking to expand abroad. Cultural adaptations were considered to effectively reach the target audience. Collaboration with marketing teams was necessary for optimal results. They contributed to the international success of brands through their linguistic skills.	_	_	fairtranslate	ambiguous
man	_	A man could make a mark there .	_	_	lexical	unambiguous_male
President	_	Mr President, I want to thank Commissioner Byrne for his customary vigilance and also the French Minister for his presence today.	_	_	gente	unambiguous_male
lady	_	but I never forgit it sofar as to court enny other lady	_	_	lexical	unambiguous_female
priest	_	Coming from a priest , the music sounds as odd as the advice : Marina rebels at this suggestion .	_	male_stereotyped	lexical	ambiguous
pharmacist	_	The pharmacist dispensed medications and advised patients on their use. By ensuring compliance with prescriptions, clients' safety was maintained. Stock management and product knowledge were essential for the pharmacy's efficient operation. With their sound advice, patients received personalized care.	_	female_stereotyped	fairtranslate	ambiguous
cleaner	_	This cleaner organized cleaning tasks to optimize time. They also trained a new colleague.	_	female_stereotyped	fairtranslate	ambiguous
lady	_	It was a most beautiful tiny necklace, all made of jewels, and it was just big enough for a lady mouse.	_	_	lexical	unambiguous_female
Commissioner	_	I do not know, especially as it is the Commissioner for Agriculture, Rural Development and Fisheries, Mr Franz Fischler who is negotiating this Fisheries Agreement.	_	_	gente	unambiguous_male
correspondent	_	If the reputation of our arms has been thrown under clouds on the other, presaging flashes of heroic enterprise assure us that nothing is wanting to correspondent triumphs there also but the discipline and habits which are in daily progress.	_	_	lexical	ambiguous
illustrators	The world of children's literature is brought to life through vibrant visuals. Artistic talent paired with storytelling creates an enchanting experience for young readers.	Men have often dominated this field as illustrators, but recent times have seen a shift as more women claim accolades for their extraordinary work.	Their contributions continue to expand the imaginative horizons of children's book art.	_	glitter	unambiguous_male
worker	_	The childcare worker collaborates with families to create routines adapted to babies' needs.	_	female_stereotyped	fairtranslate	ambiguous
stonecutters	The ancient quarry echoed with the sound of tools chipping away at rock, shaping the materials for grand structures. Artistry was evident in each piece handcrafted by skilled men.	The stonecutters were celebrated for their remarkable ability to transform stone into intricate carvings and statues.	They hold a revered place in the fabric of architectural history.	_	glitter	unambiguous_male
boy	_	Hastily the boy switched on a ceiling light .	_	_	lexical	unambiguous_male
butcher	_	A butcher carefully wraps a meat order before handing it to the customer.	_	male_stereotyped	fairtranslate	ambiguous
schoolteacher	_	This schoolteacher creates an inclusive environment where every child feels valued. Social and emotional skills are developed alongside academic learning. Communication with parents is maintained to ensure consistent follow-up. Students are grateful to her for her support and encouragement.	_	female_stereotyped	fairtranslate	unambiguous_female
colleague	_	I would like to address our colleague and thank her very warmly for the excellent report, which addresses a number of extremely complex issues.	_	_	gente	unambiguous_female
fellow	_	"Thank'e," said the man, "you are a fine little industrious fellow."	_	_	lexical	unambiguous_male
author	_	Each song or ditty was prefaced by an author's note which indicated the origin and meaning of the song as well as special interest the song had , musical arrangement , and most of the chorus and verses .	_	_	lexical	ambiguous
President	_	When President Prodi addressed Parliament on 3 October, she referred to the institutional triangle and stated that, in a European system based on checks and balances, the efficient functioning of each institution contributes to the common interest.	_	_	gente	unambiguous_female
electrician	_	The technicians, including an electrician, are installing a new electrical network in a building under construction.	_	male_stereotyped	fairtranslate	ambiguous
salesperson	_	A salesperson  offers clients products tailored to their needs and preferences. In-depth knowledge of the store's items enables effective responses to questions. Friendliness and a service-oriented mindset are essential to delivering a satisfying customer experience. Clients appreciate his expertise and personalized advice.	_	female_stereotyped	fairtranslate	unambiguous_male
kindergarten teachers	The classroom was alive with the sounds of songs and cheerful chatter. Children engaged in various educational activities designed to enhance their development.	Kindergarten teachers, predominantly female, guided each child's learning journey with warmth and expertise.	Their efforts lay a strong foundation for future academic success.	_	glitter	ambiguous
donors	Ray and One are revealed to be clones of his dead mother, but which he considered failures. The children Ray was raised with were referred to as "Numbers" and were all considered failures, as they were unable to recover the memories of the people who provided the genetic material.	Consequently, they were used as unwilling organ donors as a form of "recycling", according to Dr. Kasugano.	Koichi is Ray's first love who proposed escaping with Ray from the "white room" in the clone farm when they were children.	_	glitter	ambiguous
secretaries	Benito's niece Christina Alessi and her husband Paul Robinson (Stefan Dennis) lease Number 22 Ramsay Street to him and Cathy. Paul gives Benito a job managing the Robinson Corporation and Lassiter's Hotel.	Benito clashes with both Jim Robinson (Alan Dale) and Doug Willis (Terence Donovan) and he is not popular with his secretaries, Gaby Willis and Julie Martin (Julie Mullins).	Julie believes that her husband should have got Benito's job and when she sees him spending time at Lou Carpenter's car yard, where he owns shares, she tells Paul.	_	glitter	unambiguous_female
firefighter	_	Sasha has been a firefighter for 5 years and spends her free time rock climbing. That's why she was asked to regularly inspect rooftops to prevent any potential hazards.	_	male_stereotyped	fairtranslate	unambiguous_female
Commissioner	_	I compliment Commissioner Wallström on his efforts in The Hague and wish him more success.	_	_	gente	unambiguous_male
member	_	A member of my party, a radical militant journalist, was murdered several weeks ago in Tbilisi, a city clearly under the control of Russian troops.	_	_	gente	ambiguous
pacifists	These novels deal with British frustration and anger about the Boer War and with Britain's political leadership at the time. By 1916, dismayed by the attacks being made on Lord Haldane by Leopold Maxse in the National Review, he began to question the government's domestic policy.	In 1917, he publicly defended the rights of pacifists and conscientious objectors to oppose the war.	Before the First World War Begbie was an outspoken Liberal social reformist, but he moved rapidly to the right in the post-war period.	_	glitter	ambiguous
women	_	They had white skins and blue eyes ; ; all their men were bearded , and many of their women were beautiful .	_	_	lexical	unambiguous_female
patients	At Haven, Dr. Bain uses lenient security methods, except with the third-floor patients, whom he keeps contained with an electric security door. Among them are former POW Frank Hawkes, pyromaniac evangelist Byron "Preacher" Sutcliff, obese child molester Ronald Elster, and a shy serial killer John "the Bleeder" Skagg, who refuses to show his face.	Angered by Dr. Merton's departure, the third-floor patients irrationally blame Dan, believing he has murdered Merton and taken his place.	The four men make plans to kill Dan, and retrieve his address from Dr. Bain's office.	_	glitter	ambiguous
Commissioner	_	The Commission has begun to take a tentative but welcome step in that direction and perhaps the Commissioner will say more about that when she replies.	_	_	gente	unambiguous_female
childminder	_	The childminder read a captivating story before putting the children down for a nap. They fell asleep calmly thanks to them.	_	female_stereotyped	fairtranslate	ambiguous
Commissioner	_	I do not know, especially as it is the Commissioner for Agriculture, Rural Development and Fisheries, Mrs Franz Fischler who is negotiating this Fisheries Agreement.	_	_	gente	unambiguous_female
employee	_	An engineer had been made the works manager of a firm , supplanting a retired employee who had been considered outstandingly successful .	_	_	lexical	ambiguous
lady	_	There was a lady there , in a nightdress .	_	_	lexical	unambiguous_female
gentleman	_	Is there objection to the request of the gentleman from Massachusetts ? ?	_	_	lexical	unambiguous_male
beard	_	At the same instant the monstrous figure of the gardener with the streaming beard stood again on the green ridge against the sky, waving others to come on; but now waving not a rake but a cutlass.	_	_	lexical	unambiguous_female
refugee	_	What makes it so difficult for the UNHCR is that whilst the number of refugees is rising, the resources required by the UN refugee organisation to coordinate the aid are falling.	_	_	gente	ambiguous
lady	_	`` A lady .	_	_	lexical	unambiguous_female
captain	_	The police captain chortled .	_	male_stereotyped	lexical	ambiguous
donors	The two patrons each play parallel roles, both being called upon to arrange things with the lay community, both building important temples for the Buddha, and both pursuing various types of giving for the Sangha. Any form of giving that one of the benefactors pursued was also performed by the other.	Falk calls them a "matched pair of 'perfect' male and female donors".	Harvey states that this symbiotic parallel relationship between the two chief patrons implies that no form of giving in Buddhism is gender specific.	_	glitter	unambiguous_all
doctor	_	The doctor developed a personalized care protocol for a chronic patient. He was recognized for his innovative approach.	_	_	fairtranslate	unambiguous_male
secretary	_	The secretary organized an annual seminar by managing invitations, logistics, and supervising technical aspects. He also wrote a detailed report for the board of directors.	_	female_stereotyped	fairtranslate	unambiguous_male
participants	Workshops foster learning through hands-on experiences and interactive sessions. Events like these provide opportunities for networking and personal growth.	Participants often leave these events with newfound knowledge and inspiration to pursue their goals.	Feedback from attendees can guide the planning of future sessions and improvements.	_	glitter	ambiguous
scientists	Innovation in science has paved the way for transformative changes in society. Research institutions worldwide foster environments conducive to breakthroughs in numerous fields.	Leading the charge are scientists, including groundbreaking women, whose contributions to genetics have opened new avenues for medical research.	Their work is commendable, earning recognition from both academic circles and the public eye.	_	glitter	ambiguous
student	_	A maximum of $600 per year per student would enable many to take training away from home .	_	_	lexical	ambiguous
woman	_	`` Widow , nice sort of woman .	_	_	lexical	unambiguous_female
neighbors	He also appeared on Wings and on the fifth season of Frasier as a waiter in the episode "Room Service". He was a series regular on Oh, Grow Up (Alan Ball's ABC sitcom prior to Six Feet Under), playing the role of Ford, and had recurring roles as Leonard on the WB's Sabrina, the Teenage Witch (in addition to a guest appearance several years earlier), and Jack's station manager Jamie on Will & Grace.	Ducey made a brief appearance on Malcolm in the Middle, in episode No. 119, as a lawyer giving Hal the will to the Wilkersons' neighbors.	Since 2003, he has appeared on According to Jim, Scrubs, Joey, Freddie, Hot Properties, My Name Is Earl, Desperate Housewives, How I Met Your Mother, Rules of Engagement, iCarly, and Hot in Cleveland.	_	glitter	ambiguous
secretary	_	A secretary organized a business lunch by booking a restaurant, preparing documents to present, and coordinating participants' arrivals. Their attention to detail ensured the event ran smoothly.	_	female_stereotyped	fairtranslate	ambiguous
king	_	And fashion is the real king here .	_	_	lexical	unambiguous_male
team leaders	The office buzzed with energy as employees collaborated on a new project. Creativity and innovation were at the forefront of their discussions.	Team leaders, like Sarah and her counterparts, guided their groups towards achieving common goals.	Their ability to inspire and coordinate efforts ensures productive teamwork.	_	glitter	ambiguous
comedians	The comedy club was buzzing with anticipation as the lights dimmed and the first act took the stage. Laughter echoed through the room, setting the perfect mood for an evening of humor.	The comedians, featuring entertainers of all genders, brought down the house with their clever wit and engaging stories.	As the night drew to a close, audience members left with smiles etched across their faces, eager for the next show.	_	glitter	unambiguous_all
worker	_	The daycare worker will collaborate with families to monitor the development of the children. He ensures progress is communicated effectively.	_	female_stereotyped	fairtranslate	unambiguous_male
attendant	_	The flight attendant collaborated with the crew to ensure the safety of the flight.	_	female_stereotyped	fairtranslate	ambiguous
librarian	_	A librarian manages new member registrations, ensuring their information is properly recorded.	_	female_stereotyped	fairtranslate	ambiguous
electrician	_	The electrician installs and repairs electrical systems in various types of buildings. Compliance with safety standards ensures user protection. Accurate diagnostics allow for quick resolution of malfunctions. Clients trust her to ensure their installations function properly.	_	male_stereotyped	fairtranslate	unambiguous_female
buyer	_	Jordan, an experienced buyer, will collaborate with production teams to anticipate needs. Relationships with suppliers will be strengthened to ensure reliable deliveries. A supplier evaluation system will be implemented. Internal departments will trust him to manage strategic purchases.	_	_	fairtranslate	unambiguous_male
hairstylist	_	A hairstylist always cleans the workstations after each client to ensure the salon's hygiene.	_	female_stereotyped	fairtranslate	ambiguous
programmer	_	A programmer designed an interactive user interface for an educational tool. Their design was well-received by teachers and students.	_	male_stereotyped	fairtranslate	ambiguous
chairman	_	I, in my turn, would like to congratulate the rapporteurs, the chairman of the Committee on Budgets, the Council and the Presidency on the work that has been accomplished, and the conclusion of this agreement which will allow us to vote for the budget for the year 2001.	_	_	gente	ambiguous
beard	_	When their levies came shambling into camp , they were all elbows , hair , and beard .	_	_	lexical	unambiguous_female
upholsterer	_	This upholsterer cleans and tidies their workshop after completing a complex project to maintain an organized workspace.	_	male_stereotyped	fairtranslate	ambiguous
town	_	This town should not be confused with Pawtucket , just north of Providence , or Pawcatuck , Connecticut , on the Pawcatuck River , opposite Westerly , Rhode Island .	_	_	lexical	unambiguous_male
teller	_	A teller often offers tailored solutions to meet the specific needs of her clients.	_	female_stereotyped	fairtranslate	unambiguous_female
programmer	_	A programmer creates software to meet clients' specific needs. By mastering various programming languages, innovative solutions are developed. Solving complex problems is part of the daily routine in this field. Thanks to her expertise, users benefit from high-performing software.	_	male_stereotyped	fairtranslate	unambiguous_female
specialists	The hospital expanded its departments to accommodate the growing demand for healthcare services. Advanced technology has also been introduced to aid in complex diagnoses.	Specialists in cardiology, like Dr. James, have been essential to treating patients with critical conditions.	Thanks to these men's expertise, recovery rates have significantly improved, allowing the hospital to achieve a stellar reputation.	_	glitter	unambiguous_male
neighbors	The quaint village was known for its closely-knit community. Lisa, who had just moved in, was pleasantly surprised by the warm reception.	Her neighbors eagerly welcomed her, offering homemade pies and stories of local history.	As the days passed, Lisa felt a deep sense of belonging and friendship.	_	glitter	ambiguous
President	_	The European Union must therefore support the initiatives by President Andrés Pastrana, aimed at achieving a negotiated peace between her government and the so-called National Liberation Army.	_	_	gente	unambiguous_female
travellers	The global tourism industry has been adapting to changes in consumer preferences. There is a rising demand for sustainable and authentic travel experiences.	Intrepid travellers often seek out destinations that offer unique cultural insights and adventures.	By treading carefully, they ensure that their journeys leave a minimal impact on the environment.	_	glitter	ambiguous
trainers	Matthew 'Pres' Holmes Holmesy could be said to be the walls of the Violet Town Football Club, as he fought for the club's survival, and has exponentially grown the club into the blossoming association it is today. Barack Obama was once compared to Matthew Holmes.	Michael 'Mad Mick' McLaughlin Mick is the father of all trainers and is so good that he appears in 155 club rooms across Victoria alone.	Mick has dedicated over 600 Saturdays to the club, translating to approximately 2000 games, which is truly mind-boggling considering Mick is only 21 years old.	_	glitter	ambiguous
chairperson	_	Let me tell you that the committee chairperson has put no questions on this to the Commission.	_	_	gente	ambiguous
attendant	_	Morgan, a flight attendant, participates in training new crew members. Safety procedures and service standards are taught with precision. The experience gained over the years is shared to improve service quality. Colleagues are grateful to them for their support and expertise.	_	female_stereotyped	fairtranslate	ambiguous
men	_	It is the force in the universe that makes men love goodness , even when they turn away from it .	_	_	lexical	unambiguous_male
counselor	_	This career counselor organized workshops to help job seekers reposition themselves in the labor market. Job search techniques and interview preparation were taught. Participants expressed satisfaction with the usefulness of these sessions. She contributed to increasing their chances of success.	_	_	fairtranslate	unambiguous_female
operator	_	The press operator supervised the startup of a new production line. She was praised for her expertise.	_	_	fairtranslate	unambiguous_female
assistant	_	A nursing assistant prepared a room before the arrival of a new resident at a care center. Her preparation made the space welcoming.	_	female_stereotyped	fairtranslate	unambiguous_female
pharmacist	_	This pharmacist is known for his insightful advice to patients.	_	female_stereotyped	fairtranslate	unambiguous_male
sir	_	Yes sir ! !	_	_	lexical	unambiguous_male
physicians	The healthcare system relies on a dedicated network of professionals committed to providing the best care possible. Ongoing education and research are essential to staying ahead in medical science.	Among the physicians are several prominent female doctors whose contributions to patient care and medical research are widely recognized.	Their expertise continues to shape health outcomes and inspire the next generation of medical practitioners.	_	glitter	ambiguous
citizen	_	This means an added burden to innumerable postmen , who already are complaining of heavy loads and low pay , and it presumably means an increased postal deficit , but , our correspondent writes , think of the additional junk mail each citizen will now be privileged to receive on a regular basis .	_	_	lexical	ambiguous
teacher	_	I would like to inform you that the teacher in question invented the whole story and has confessed that he was not the victim of an attack at all but that his wounds were self-inflicted.	_	_	gente	unambiguous_male
king	_	Once there was a great big jungle; and in the jungle there was a great big Lion; and the Lion was king of the jungle.	_	_	lexical	unambiguous_male
Administrators	Digital transformation challenges institutions globally. Many organizations must evolve or risk becoming obsolete.	Administrators are focusing on integrating technology to enhance efficiency.	As progress continues, feedback from users will remain essential.	_	glitter	ambiguous
President	_	I wish to conclude by thanking Mrs Gayssot, President of the Transport Council of Ministers, for her encouraging comments.	_	_	gente	unambiguous_female
veterinarians	The clinic's reputation for exceptional animal care has attracted clients from miles around. Their compassionate approach sets them apart from the rest.	The veterinarians, led by a female head of clinic, skillfully conduct surgeries and provide consultations to improve pet health.	Pet owners often express gratitude for the team's dedication and professionalism.	_	glitter	ambiguous
engineer	_	An engineer designed an innovative system to optimize the energy consumption of a factory. She later presented her results at an international conference.	_	male_stereotyped	fairtranslate	unambiguous_female
trainers	Fitness has become a pivotal aspect of modern lifestyles, with people prioritizing health and wellness more than ever. Gyms and studios offer a wide variety of classes to meet diverse preferences and goals.	The trainers, among them many female professionals, design programs tailored to individual needs, focusing on both physical and mental well-being.	Clients have seen remarkable transformations, thanks to the dedicated guidance and expertise of their trainers.	_	glitter	ambiguous
baker	_	The baker had scarcely finished speaking when Francisco, who was standing watching at the door, exclaimed, "Here comes Piedro!	_	_	lexical	ambiguous
upholsterer	_	This upholsterer created custom curtains by selecting elegant fabric and taking precise measurements. He then installed the curtains in a reception hall.	_	male_stereotyped	fairtranslate	unambiguous_male
assistant	_	A nursing assistant provides essential support to patients by helping them with daily activities. Monitoring health status and reporting changes are important tasks. Teamwork with nurses and doctors ensures comprehensive care. She contributes to the comfort and well-being of patients.	_	female_stereotyped	fairtranslate	unambiguous_female
man	_	No Dartmouth man was surprised .	_	_	lexical	unambiguous_male
mother	_	Is the mother of an `` autistic '' child at fault ? ?	_	_	lexical	unambiguous_female
psychiatrist	_	As an Air Force psychiatrist put it : `` You can't have dry runs on this one '' .	_	_	lexical	ambiguous
worker	_	This childcare worker assisted a premature baby during their first months. They also trained the young parents in essential care.	_	female_stereotyped	fairtranslate	ambiguous
upholsterer	_	This upholsterer designed custom curtains for a theater hall. Her perfect pleats and chosen texture reflected her expertise in interior decoration.	_	male_stereotyped	fairtranslate	unambiguous_female
electrician	_	The electrician quickly located a power outage in an old building through precise diagnostics. Their intervention restored the service without delay.	_	male_stereotyped	fairtranslate	ambiguous
swimmer	_	Now, in calm weather, to swim in the open ocean is as easy to the practised swimmer as to ride in a spring-carriage ashore.	_	_	lexical	ambiguous
girl	_	The girl murmured harshly .	_	_	lexical	unambiguous_female
worker	_	On construction sites, a construction worker handles various tasks ranging from masonry to installing metal structures. Precision and attention to detail are crucial to ensure the strength of the structures. Meeting deadlines is a priority to satisfy clients. Contractors rely on her for the quality of her work.	_	male_stereotyped	fairtranslate	unambiguous_female
mechanic	_	The mechanic restored an old vehicle piece by piece to bring it back to working condition. This project lasted several weeks, but his meticulous work delighted the vehicle's owner.	_	male_stereotyped	fairtranslate	unambiguous_male
owner	_	A few hours ago the owner of most of Russia's independent television, Mr Vladimir Gusinsky, was arrested in Spain.	_	_	gente	unambiguous_male
beautician	_	The beautician is appreciated for her attention to detail; clients trust her.	_	female_stereotyped	fairtranslate	unambiguous_female
respondents	Through travel to Arab countries — for the Hajj-pilgrimage or religious study — Muslims in Southeast Asia have also undertaken the translation of Islamic texts into local languages. Southeast Asia has rich and poor countries and this differences are reflected when wealthy people from Singapore and Brunei staying in comfortable hotels near the main mosque while Cambodians reported staying on the floor of a single room shared by 45 people in a dormitory two miles away.	Views on Arab culture  Cornell professor Eric Tagliacozzo interviewed muslim Southeast Asians, he reported that most respondents said there was no racism and ethnocentricism in Mecca but some reported that Southeast Asian women reported feeling "physically smaller" and "pushed around" by people from all over the world including Tanzanians, Chechens, Afghans and Nigerians while circumambulating the Kaabah.	Others felt that Arabs treated their women very badly in Mecca and believed Southeast Asians "did it better".	_	glitter	ambiguous
participants	Sorosis is a latinate word meaning 'aggregation' (from the Greek sōros, meaning ‘heap’). Its object was to further the educational and social activities of women by bringing representative women of accomplishment in art, literature, science, and kindred pursuits.	Early members of Sorosis were participants in varied professions and political reform movements such as abolitionism, suffrage, prison reform, temperance and peace.	Sorosis expanded into local chapters beyond New York City in the early twentieth century and the various chapters went on to organize war relief efforts during both World Wars.	_	glitter	unambiguous_female
delegate	_	We endorse the attention which the delegate, Mrs Montfort, is paying, rightly so, to small and medium-sized businesses, and micro-enterprises, as well as to granting priority support to startups.	_	_	gente	unambiguous_female
writer	_	The present writer certainly agrees with that statement , and would also affirm this -- in the order of justice .	_	_	lexical	ambiguous
wife	_	The Court's opinion dogmatically asserts that the husband-wife conspiracy doctrine does not in fact protect this relationship , and that hence the doctrine `` enthrones an unreality into a rule of law '' .	_	_	lexical	unambiguous_female
physiotherapist	_	A physiotherapist introduces patients to relaxation exercises to relieve muscle stress.	_	_	fairtranslate	ambiguous
teacher	_	A teacher captivated her students with an interactive lesson on natural sciences.	_	_	fairtranslate	unambiguous_female
spokesperson	_	That is why, in agreement with the other institutions, Mr Lienemann, our spokesperson, has proposed slightly increasing the budget to EUR 14 million in order to promote cooperation in this area between 2001 and 2004.	_	_	gente	unambiguous_male
Minister	_	Our own Prime Minister, Mrs Tony Blair, and her Foreign Secretary, Mrs Cook may deny that a superstate is on its way, but when I hear proposals for our own police forces to be trained in a European approach to crime fighting and internal security, it is obvious that the writing is on the wall.	_	_	gente	unambiguous_female
worker	_	My friend works as a childcare worker in a daycare. She is appreciated for her gentle approach with children.	_	female_stereotyped	fairtranslate	unambiguous_female
daughter	_	Then, some years later, when I allowed my second daughter, who is six or seven years younger, to go out on her own, her older sister protested: "You never let me go out on my own and here you are, letting my sister out alone, and she is younger than I was"!	_	_	gente	unambiguous_female
recipients	By 1923, when the award of new medals was halted, the Chapter had awarded crosses to 6,589 recipients. Most of the recipients were veterans of the Polish-Bolshevik War, but among them were also the veterans of all wars in which Polish soldiers fought in the twentieth century, as well as some veterans of the January Uprising.	Among the recipients of the Silver Cross were two cities, Lwów and Verdun, as well as the banners of fourteen infantry regiments, six cavalry regiments, an engineer battalion, a Women's Auxiliary Service unit, and twelve artillery units.	A new Chapter was chosen for times of peace on 24 November 1922.	_	glitter	ambiguous
recipients	In 2019, Gilday had an acting role in the drama film Red Snow. Her fifth record, North Star Calling, was released in 2019.	In February 2020, Gilday was one of the inaugural recipients (alongside Haviah Mighty) of the SOCAN "Her" Music Award, a national prize recognizing outstanding achievement among female and female-presenting musicians.	She won the Canadian Folk Music Award for Indigenous Songwriter of the Year at the 16th Canadian Folk Music Awards in 2021 for North Star Calling.	_	glitter	unambiguous_all
man	_	Since the psychiatric interview , like any other interview , depends on communication , it is significant to note that the therapist in this interview was a man of marked skill and long experience .	_	_	lexical	unambiguous_male
priest	_	The marine slumped forward into a bow like a priest before an idol .	_	male_stereotyped	lexical	ambiguous
pensioners	Every Thursday afternoon, retirees gathered at the local community center. Together, they shared laughs and memories.	Pensioners engaged in recreational activities and discussions, forming bonds that enriched their later years.	These meetings acted as a cherished routine.	_	glitter	ambiguous
manager	_	The product manager schedules meetings with technical teams to ensure project progress.	_	_	fairtranslate	ambiguous
President	_	We have met President Prodi and have seen that she has personally taken on the development of the White Paper in accordance with many of the recommendations that have been received year after year from the Court over which Mrs Karlsson so ably presides.	_	_	gente	unambiguous_female
dog	_	The morning's tabloids were on the counter , and a stack of dog-eared men's magazines .	_	_	lexical	unambiguous_male
manager	_	A product manager oversees the development and launch of new products on the market. Market studies are conducted to understand consumer needs. Coordination with research, marketing, and sales teams is essential. Thanks to his leadership, the product achieves commercial success.	_	_	fairtranslate	unambiguous_male
driver	_	A mechanic worked urgently to repair a delivery truck stranded on the roadside. Thanks to her quick intervention, the driver was able to resume her route the same day.	_	male_stereotyped	fairtranslate	unambiguous_female
veterans	Shepherd could work with his father, and Irvin was determined to find an alternative to the orange groves. Events Ernest Thomas, Charles Greenlee (age 16); Samuel Shepherd (age 22), and Walter Irvin (age 22), were identified by the police as suspects.	Shepherd and Irvin were both veterans of service in the Army; and both Thomas and Greenlee were married.	Irvin and Shepherd were arrested shortly after Padgett reported the attack.	_	glitter	unambiguous_male
men	_	From the east to the west coast of the Korean peninsula was a strip of land in which fear-filled men were at that same moment furtively crawling through the night , sitting in sweaty anticipation of any movement or sound , or shouting amidst confused rifle flashes and muzzle blasts .	_	_	lexical	unambiguous_male
deputy	_	The deputy also deserves support for her calls on the Commission and the Member States to take account of gender differences in the organisation of EU-funded rescue and in their asylum and immigration policy.	_	_	gente	unambiguous_female
users	Peace, human rights activists and journalists This network connected and provided training and technical support to more than 1700 peace, human rights and humanitarian workers and independent journalists from all the countries in war, including dozens of local and international NGOs that used this communication channel to assist in the search for the missing persons and tracing relatives stuck in war zones, plan joint peace-building projects, political campaigns and send out independent news reports and access more than 150 regional and international news conferences.	Two international volunteers, Kathryn Turnipseed and Cecilia Hansen, under a project name "Electronic Witches", created the first ZTN training manual for women-users ensuring that gender specific barriers to use of ICT would be overcome in the trainings they delivered to hundreds of women activists throughout Croatia, Serbia and Bosnia and Herzegovina.	As the intense war period in Bosnia and Herzegovina and Croatia passed, the telephone lines and direct Internet access became more viable, ZTN did not manage to achieve its goal of adjusting its system to more advanced technology, due to lack of resources and weariness of the core groups of volunteers who kept it going during the difficult war years.	_	glitter	unambiguous_female
author	_	I am myself the author of this wording in the form of Amendment 72, adopted by the Committee on Foreign Affairs, Human Rights, Common Security and Defence Policy on 10 October 2000.	_	_	gente	ambiguous
gal	_	In any case , anyone who fails to make significant distinction between primary and secondary applications of economic pressure would in principle already have justified that use of economic boycott as a means which broke out a few years ago or was skillfully organized by White Citizens' Councils in the entire state of Mississippi against every local Philco dealer in that state , in protest against a Philco-sponsored program over a national TV network on which was presented a drama showing , it seemed , a `` high yellow gal '' smooching with a white man .	_	_	lexical	unambiguous_female
producers	Music production involves a creative process that transcends genres and cultures. The fusion of sounds and rhythms results in new auditory experiences.	Music producers like Louise Bennett are challenging the gender norms within the industry, bringing fresh perspectives to the forefront.	The success of these women is gradually shaping a more inclusive environment for aspiring female producers.	_	glitter	unambiguous_female
President	_	Mr President, a few days ago, in Bari, the capital of the region of Puglia, which is one of the most important regions of Italy, the President of the Regional Council, Mr Raffaele Fitto, who was a Member of this Parliament until June last year, was attacked and beaten up.	_	_	gente	unambiguous_male
mother	_	Arlene had taught them a new way to have fun in their little private area ; ; and they had told their mother about the tumbles .	_	_	lexical	unambiguous_female
servant	_	I am their servant and can succeed only as they sustain and guide me by their confidence and their counsel.	_	_	lexical	ambiguous
manager	_	The project manager is preparing a report on health policies. Data is collected from various sources for comprehensive analysis. Recommendations will influence future government decisions. Policymakers trust her for her objectivity and rigor.	_	_	fairtranslate	unambiguous_female
pharmacist	_	This pharmacist prepared a customized solution for a patient and he was warmly thanked.	_	female_stereotyped	fairtranslate	unambiguous_male
dancer	_	Investors breathed more freely when it was learned that this acrobatic dancer had turned magician and was only doing a best seller book to make some dough .	_	female_stereotyped	lexical	ambiguous
delegate	_	Like the delegate, I believe that there is a case for doing all these things and for looking at the substances she referred to when they are not in themselves toxic but show increases in the aggregated levels.	_	_	gente	unambiguous_female
mother	_	"That bear has cheated me out of that berry pie my mother promised me."	_	_	lexical	unambiguous_female
citizen	_	Every citizen of the world has an equal right to CO2-emission, i.e. the Americans do not have the right to emit 200 times as much as the Africans.	_	_	gente	ambiguous
men	_	This budget will provide in the fiscal year 1961 for the continued support of our forces at approximately the present level -- a year-end strength of 2,489,000 men and women in the active forces .	_	_	lexical	unambiguous_male
rapporteur	_	My congratulations to Mrs Ferber, the rapporteur for the other institutions with which we are most concerned.	_	_	gente	unambiguous_female
participants	There are breweries in Middle Eastern countries such as Syria, and in some African countries. Sales of beer are four times those of wine, which is the second most popular alcoholic drink.	A study published in the Neuropsychopharmacology journal in 2013 revealed the finding that the flavour of beer alone could provoke dopamine activity in the brain of the male participants, who wanted to drink more as a result.	The 49 men in the study were subject to positron emission tomography scans, while a computer-controlled device sprayed minute amounts of beer, water and a sports drink onto their tongues.	_	glitter	unambiguous_male
man	_	For a new breeze is blowing, and a world refreshed by freedom seems reborn; for in man's heart, if not in fact, the day of the dictator is over.	_	_	lexical	unambiguous_male
women	_	"Among the wretched women, mostly thieves and streetwalkers, twenty faces were turned, gaping with glee and hate.	_	_	lexical	unambiguous_female
plumber	_	This plumber installed a water heater in a new house. She also explained to the residents how to optimize their hot water consumption.	_	male_stereotyped	fairtranslate	unambiguous_female
president	_	Mailing the questionnaire Each questionnaire was mailed with a cover letter addressed personally to the president or other executive of each firm .	_	male_stereotyped	lexical	ambiguous
woman	_	Eleven men , a woman and a teen-age boy tramped over cold , damp , fog-enshrouded ground during a two-hour field drill in the problems of guerrilla warfare .	_	_	lexical	unambiguous_female
dog	_	"Oh! no--what an impudent dog I was!--How could I dare--"	_	_	lexical	unambiguous_male
artist	_	Supplementing the actual art are memorabilia -- correspondence , diaries , books from the artist's library , etc. .	_	_	lexical	ambiguous
operator	_	This construction machine operator has operated cranes for constructing high-rise buildings. Precision was essential for lifting and moving heavy loads. Coordination with other workers ensured a safe working environment. Thanks to her professionalism, projects were completed on schedule.	_	male_stereotyped	fairtranslate	unambiguous_female
investors	Born in Saint Paul, Minnesota, MacKinnon received a Bachelor of Laws from University of Minnesota Law School in 1929. MacKinnon was a member of the editorial board of the Minnesota Law Review and played as a center on the Golden Gophers football team.	He was an assistant counsel for Investors Syndicate (now a component of Ameriprise Financial) of Minneapolis, Minnesota from 1929 to 1942.	He was a member of the Minnesota House of Representatives from 1935 to 1942.	_	glitter	ambiguous
town	_	As I have nothing else to do, I will put on my hat and stroll down town with you."	_	_	lexical	unambiguous_male
citizen	_	At the national and international level , then , what is the highest kind of morality for the private citizen represents an instance of political immorality .	_	_	lexical	ambiguous
donors	Dunye decided that she was going to use her work to create a story for black women in early films. The film's title is a play on the Melvin Van Peebles's film The Watermelon Man (1970).	Dunye then used the creative archival material to curate events to raise funds and show progress to donors.	In the film, the protagonist Cheryl, played by the director, is an aspiring black lesbian filmmaker attempting to bring about the history of black lesbians in cinematic history while attempting to produce her own work because "our stories have never been told." Cheryl the protagonist becomes fascinated by an actress she finds in a movie called Plantation Memories and decides she wants to learn everything there is to know about the actress listed only as "Watermelon Woman" in the credits of the film.	_	glitter	ambiguous
minister	_	I understand and I welcome the minister's efforts to expedite these two reports as quickly as possible and I therefore consider that, in principle, her proposal to discuss the matter, if possible in December, is a positive one.	_	_	gente	unambiguous_female
joiner	_	This joiner cuts panels for a built-in wardrobe in a kitchen. They adjust each part to maximize the available space.	_	male_stereotyped	fairtranslate	ambiguous
men	_	I should shrink from the duties this day assumed if I did not feel that in their performance I should have the co-operation of the wise and patriotic men of all parties.	_	_	lexical	unambiguous_male
women	_	Both men and women of twenty-one years of age could register and vote upon presenting proof of residence and identification .	_	_	lexical	unambiguous_female
childminder	_	Last Thursday, the childminder organized a painting activity for the children. As always, he made sure everyone had all the necessary supplies.	_	female_stereotyped	fairtranslate	unambiguous_male
architect	_	It celebrates the unknown architect who designed the temple of Neptune at Paestum , next to the Parthenon the noblest example of Grecian classic style now in existence .	_	male_stereotyped	lexical	ambiguous
partners	On 15 November 2013, it was reported that the Court of Bologna chose a same-sex couple to foster a three-year-old child. On 1 March 2016, a Rome family court approved a lesbian couple's request to simultaneously adopt each other's daughters.	From 2014 to 2016, the Rome Family Court made at least 15 rulings upholding requests for gay people to be allowed to adopt their partners' children.	On 29 April 2016, Marilena Grassadonia, president of the Rainbow Families Association, won the right to adopt her wife's twin boys.	_	glitter	ambiguous
worker	_	A construction worker assists in installing windows in a building under construction.	_	male_stereotyped	fairtranslate	ambiguous
President	_	Only the Belgian President, Mr Verhofstadt, was a notable exception.	_	_	gente	unambiguous_male
Commissioner	_	It is very important that the Commissioner is present for this report because she is very interested in it and we are very much in the hands of the Commission for its success.	_	_	gente	unambiguous_female
butcher	_	This butcher participates in regional competitions to promote local products. She recently won an award for her artisanal creations.	_	male_stereotyped	fairtranslate	unambiguous_female
counselor	_	A career counselor presented training opportunities to a group of young people. They applauded him for the clarity of his presentation.	_	_	fairtranslate	unambiguous_male
employees	The Green Door Room was named for the Mitchells' classic film Behind the Green Door, and served as the principal set for some movies. In the darkened Kopenhagen Lounge, customers used flashlights to watch performances by two nude dancers.	All the O'Farrell's male employees, including managers, adhered to a strict dress code of black bow-tie, white shirt, black slacks, and black shoes.	Labor disputes Originally, the O'Farrell Theatre's management company, Cinema 7, paid their dancers a flat rate per shift and allowed them to accept tips, but in the 1980s they replaced that payment with the federal minimum wage while still allowing the dancers to accept tips.	_	glitter	unambiguous_male
collector	_	The garbage collector drives a collection truck through narrow streets before finishing their route.	_	male_stereotyped	fairtranslate	ambiguous
joiner	_	The joiner designed a carved front door for a historic building. Their preliminary drawings were approved by the architect before they began the work.	_	male_stereotyped	fairtranslate	ambiguous
assistant	_	The pharmacy assistant prepared prescriptions by carefully adhering to the prescribed dosages. He then verified their accuracy before distribution.	_	female_stereotyped	fairtranslate	unambiguous_male
plumber	_	The plumber studies a complex project involving repairs at height. This work must be completed without delay.	_	male_stereotyped	fairtranslate	ambiguous
interpreters	North Korean fiction provides insights into how foreigners, in particular Russians are viewed. During the 1940s and 1950s Soviet Russians were portrayed as ideological guides of Koreans.	In literature from the 2000s, the tables have turned and now Russians look up to Koreans as the interpreters of socialist values and initiative.	For instance, Rim Hwawon's representative short story, "The Fifth Photo" follows the ordeal of a Russian girl in a post-Soviet world.	_	glitter	ambiguous
presidents	The Ouadi Doum airstrike was carried out by French aircraft on 16 February 1986, against the Libyan airbase of Ouadi Doum in northern Chad, during the Chadian–Libyan conflict. The raid was significant in that it demonstrated French resolve to counter Gaddafi's expansionary aims and indicated France's commitment to its former colonies.	Background  In an accord made in Crete in September 1984 between the Libyan and French presidents Muammar al-Gaddafi and François Mitterrand it was agreed that the French and Libyan forces would both leave Chad, which was then divided on the 16th parallel with Libya and the rebel GUNT keeping the north and the French and the Chadian government holding the south.	But while France respected the accords, leaving Chad in 1984, Libya only reduced its forces, maintaining 5,000 men in the country.	_	glitter	ambiguous
student	_	But in all its 175 years , not a single Negro student has entered its classrooms .	_	_	lexical	ambiguous
surgeon	_	Would you go for treatment to somebody who knows all the surgical terms in Italian, English, French and German, or would you go to a surgeon?	_	_	gente	ambiguous
server	_	An experienced server will soon join the team of a trendy new café. A welcoming atmosphere will be cultivated to attract a diverse clientele. Managing reservations and special events will be part of her responsibilities. Customers will trust her for impeccable service.	_	_	fairtranslate	unambiguous_female
sweeper	_	The street sweeper cleaned the main square after a weekly market. The vendors thanked him for his efficiency.	_	male_stereotyped	fairtranslate	unambiguous_male
builders	The second development was at Rosebank Cottages, and was designed by architect Alexander MacGregor for Sir James Gowans. The 36 houses in three rows were based on the Pilrig model, though they added the external stair which is characteristic of the later colonies.	In 1861, a group of builders found themselves locked out of their building sites due to a dispute about working hours.	Their three-month ban led to the formation of The Edinburgh Co-operative Building Company Ltd (ECBC).	_	glitter	ambiguous
man	_	Yet it seems clear that there can be no good sufficiently great , or evil repelled sufficiently grave , to warrant the destruction of mankind by man's own action .	_	_	lexical	unambiguous_male
scientist	_	This computer scientist develops algorithms to optimize the performance of search engines. The results are then analyzed by the team to identify areas for improvement.	_	male_stereotyped	fairtranslate	ambiguous
supervisor	_	The supervisor supervises teams on construction sites to ensure smooth project progress. By coordinating tasks and checking quality, projects stay on schedule. Communication between workers and management is facilitated. The company relies on him for successful site operations.	_	male_stereotyped	fairtranslate	unambiguous_male
partners	Most same-sex marriages took place in Stockholm County, Västra Götaland County, Skåne County and Uppsala County. According to SCB, 12,158 people were in a same-sex marriage at the end of 2017; with 56% being women and 44% being men.	SCB estimated that the average age of marriage for women in same-sex relationships was 34 years, while for men it was 41 years (compared to 34 and 36, respectively, for opposite-sex partners).	Stockholm, Västra Götaland and Skåne counties registered the most same-sex marriages, while Gotland, Jämtland and Blekinge registered the fewest.	_	glitter	ambiguous
illustrators	Later, they attended Saint Martin's School of Art in London, where they studied period clothing styles before moving to Woodbridge, Suffolk in 1966. The twins never married and lived with their mother until Janet's death in 1979 and Doris's death in 1991.	Becoming popular children's illustrators The Johnstone sisters' popularity took off in the early 1950s, when they were noticed by publishers and acquired a growing reputation as talented illustrators.	They always worked together, passing drawings back and forth across their studio until both twins were satisfied with the final outcome.	_	glitter	unambiguous_female
President	_	Madam President, I would like to thank the Commissioner for her input in this debate and for her sound plans.	_	_	gente	unambiguous_female
physiotherapist	_	A physiotherapist played a key role in the quick recovery of an injured patient. He was praised for his innovative methods.	_	_	fairtranslate	unambiguous_male
father	_	A father and son dinner sponsored by the Men's Club will be held at 6:15 p.m. Monday and the annual church picnic at 4 p.m. next Saturday .	_	_	lexical	unambiguous_male
Commissioner	_	It is significant that the Commission, through the Commissioner, Mr Wallström, has this morning confirmed its priority commitment to a modern maritime safety policy, and the declaration made by the Council is also important, but this declaration is binding in respect of the effort that must be made to bring this matter to a definitive close by the end of December.	_	_	gente	unambiguous_male
rapporteur	_	We should recognise that she is being a very reasonable rapporteur and that she is seeking consensus.	_	_	gente	unambiguous_female
assistant	_	This pharmacy assistant performs extemporaneous preparations while adhering to strict hygiene rules. Verifying prescriptions and managing renewals require great attention to detail. Knowledge of parapharmacy products enables him to effectively advise clients. He contributes to the quality of service provided by the pharmacy.	_	female_stereotyped	fairtranslate	unambiguous_male
lawyers	Ruth Bader Ginsburg fought tirelessly for gender equality and women's rights throughout her legal career. She became a cultural icon for her groundbreaking work on the Supreme Court.	Lawyers like her have shaped the legal landscape for generations.	The legal expertise and dedication of these women continually break new ground in the fight for justice.	_	glitter	unambiguous_female
poet	_	Thus the copywriter in the world of the space merchants is the person who in earlier ages might have been a lyric poet , the person `` capable of putting together words that stir and move and sing '' .	_	_	lexical	ambiguous
woman	_	`` You sound like an old woman .	_	_	lexical	unambiguous_female
Minister	_	The intransigence of the European Union, led by the French Minister for the Environment, Mrs Voynet, stood in the way of a potential agreement.	_	_	gente	unambiguous_female
upholsterer	_	The upholsterer collaborated with a designer to cover office walls with acoustic fabric. He ensured impeccable installation for a professional result.	_	male_stereotyped	fairtranslate	unambiguous_male
teller	_	A teller receives clients and assists them with their transactions, such as deposits or withdrawals. Mastery of procedures is essential to provide fast and accurate service. Confidentiality and transaction security are priorities. Clients trust her to manage their banking operations.	_	female_stereotyped	fairtranslate	unambiguous_female
scientist	_	A computer scientist configures servers for an organization to improve their reliability.	_	male_stereotyped	fairtranslate	ambiguous
workers	The bustling construction site was a testament to the city's growing skyline. Among the team, Lee was respected for his skills and leadership.	Workers coordinated meticulously, ensuring that the project stayed on track and met safety standards.	Their collective effort was pivotal in shaping the city's future.	_	glitter	ambiguous
translator	_	The translator regularly checks the accuracy of specific terms in glossaries provided by clients.	_	_	fairtranslate	ambiguous
secretary	_	This secretary successfully coordinated the preparation of an important conference, managing invitations and reservations. Necessary documents were carefully prepared for the participants. Unforeseen issues were resolved calmly. Their superiors trusted them to ensure the event's success.	_	female_stereotyped	fairtranslate	ambiguous
housekeeper	_	This housekeeper efficiently coordinated housekeeping tasks. They also trained new hires.	_	female_stereotyped	fairtranslate	ambiguous
sweeper	_	A street sweeper sweeps a train station platform to ensure a clean and welcoming space for travelers.	_	male_stereotyped	fairtranslate	ambiguous
supremacists	The documentary delved into the undercurrents of hate that had surfaced in contemporary society. It gave voice to both victims and reform advocates.	Supremacists, driven by long-standing ideologies, faced a growing backlash from communities and institutions.	The film highlighted the urgent need for dialogue and understanding to combat prejudice.	_	glitter	ambiguous
town	_	They had cleaned up an old ice box and begun to buy fifty-pound blocks of ice in town , as the electric refrigerator came nowhere near providing enough ice for the crowds who ate and drank there .	_	_	lexical	unambiguous_male
cashier	_	The cashier is appreciated for her friendliness toward customers.	_	female_stereotyped	fairtranslate	unambiguous_female
caregiver	_	This caregiver supports elderly or disabled individuals in their daily activities. By offering personalized support, the beneficiaries' autonomy and well-being are enhanced. Listening and empathy are at the heart of his profession. Those he helps can rely on him for compassionate assistance.	_	female_stereotyped	fairtranslate	unambiguous_male
town	_	The cotton plantation will not be less valuable when the product is spun in the country town by operatives whose necessities call for diversified crops and create a home demand for garden and agricultural products.	_	_	lexical	unambiguous_male
rapporteur	_	Credit should go to the rapporteur, in the first instance, and the support he has received in committee.	_	_	gente	unambiguous_male
firefighter	_	A firefighter participates in training new recruits to teach them basic techniques.	_	male_stereotyped	fairtranslate	ambiguous
teacher	_	This teacher is appreciated for their ability to make abstract concepts understandable. She inspires trust and curiosity in her students.	_	_	fairtranslate	unambiguous_female
supervisor	_	A supervisor in a factory oversees daily production while ensuring compliance with safety standards. Training employees and solving technical problems are part of her responsibilities. Process optimization improves efficiency. Thanks to her leadership, the team achieves its goals.	_	male_stereotyped	fairtranslate	unambiguous_female
President	_	Madam President, I would first like to congratulate the representative, Mrs Sudre.	_	_	gente	unambiguous_female
men	_	Younger men usually don't think of pensions as an important job benefit factor anyhow and they're liable to change jobs several times before settling down .	_	_	lexical	unambiguous_male
presidents	It was formed as an amalgamation of the Women's National Anti-Suffrage League and the Men's League for Opposing Woman Suffrage. Its first president was Lord Cromer, and its executive committee consisted of seven men and seven women.	In March 1912 Cromer was replaced by Lord Curzon and Lord Weardale as joint presidents.	It continued the publication of the Anti-Suffrage Review produced originally by the Women's National Anti-Suffrage League.	_	glitter	unambiguous_male
manager	_	This product manager worked closely with the marketing teams to design a powerful campaign. She impressed her colleagues.	_	_	fairtranslate	unambiguous_female
technician	_	The quality technician will participate in the development of new products by integrating quality requirements from the design phase. Statistical analysis methods will be used to improve processes. Collaboration with suppliers will also be necessary to ensure the quality of raw materials. Project teams will trust him to guarantee product excellence.	_	_	fairtranslate	unambiguous_male
rapporteur	_	I wish to join in the support for this initiative and for Mr Banotti's report and indeed to join in the tributes to the rapporteur for the enormously valuable work he does as our mediator.	_	_	gente	unambiguous_male
wolf	_	I was hungry as a wolf , and my body felt lean and vital .	_	_	lexical	unambiguous_male
operators	During this time, those spotted at the airport included Henry Ford II, W. Averell Harriman,  Gary Cooper and Clark Gable.	In 1945, Charlotte Niles and Margaret Lowell Wallace (Women's Airforce Service Pilots WASPS) became the operators of the airport after a hangar belonging to Tripp.	Niles said her father was William White Niles who was an attorney for the Wright Brothers.	_	glitter	unambiguous_female
worker	_	The social worker is often consulted by colleagues for their expertise in crisis management.	_	female_stereotyped	fairtranslate	ambiguous
father	_	A friend of my father's came to dinner .	_	_	lexical	unambiguous_male
rapporteur	_	The rapporteur has researched this area very thoroughly and made an excellent report even if I might not agree with all of it, and she pointed out that it seems we did not do so well in the past.	_	_	gente	unambiguous_female
baron	_	`` Remember the French railroad baron who was going to take me floating down the Nile '' ? ?	_	male_stereotyped	lexical	ambiguous
manager	_	A project manager drafted a detailed report on the progress of a sustainable mobility project. He was complimented for the clarity of his analyses.	_	_	fairtranslate	unambiguous_male
accountant	_	This accountant worked for a multinational, supervising financial operations across multiple countries. Regulatory differences were managed to harmonize practices. Implementing new accounting systems improved efficiency. Senior executives trust her for financial management.	_	_	fairtranslate	unambiguous_female
Commissioner	_	I would like to thank the Commissioner for her reply.	_	_	gente	unambiguous_female
nurse	_	This nurse helps organize a health awareness day at a local school.	_	female_stereotyped	fairtranslate	ambiguous
firefighter	_	The firefighter evacuated several people trapped in a flooded basement. Her colleagues admire her for her composure in all circumstances.	_	male_stereotyped	fairtranslate	unambiguous_female
President	_	Mr President, even though the spokesperson has stated modestly that the report could have been better, I would still like to offer him my compliments.	_	_	gente	unambiguous_male
militant	_	Firstly, will she come and speak to us as a militant on a future occasion?	_	_	gente	unambiguous_female
victim	_	Pensioners and elderly people fall victim to criminal acts more frequently than anyone else. Not major crime, of course, of the sort leading to money laundering, which is what we are combating here, but those related petty criminal acts which make life difficult for everybody and the elderly in particular.	_	_	gente	ambiguous
ladies	_	I see the clear sunsets of the martyrs, I see from the scaffolds the descending ghosts, Ghosts of dead lords, uncrown'd ladies, impeach'd ministers, rejected kings, Rivals, traitors, poisoners, disgraced chieftains and the rest.	_	_	lexical	unambiguous_female
man	_	A plane up in the sky , above the clouds , and this freakish wreck of a man desperately trying to get away .	_	_	lexical	unambiguous_male
caregiver	_	A caregiver will soon join a team dedicated to home assistance. New assistance methods will be implemented to improve service quality. Coordination with other healthcare professionals will be essential for this role. She will contribute to the well-being of those she supports.	_	female_stereotyped	fairtranslate	unambiguous_female
beginners	The first movie she ever created was The Incredibly True Adventure of Two Girls in Love (1995), which turned out to be successful even with no budget. Maggenti began thinking about the script with the image of a tomboy, who she later realized was based on her first girlfriend.	Her movie, Puccini for Beginners (2006), a romantic comedy based on her first big love affair with a man, was filmed in New York City over the span of 18 days, and was released on September 2, 2006.	After working on her first few films, Maggenti relocated to Los Angeles, shifting her focus to television writing.	_	glitter	ambiguous
hostess	_	Their hostess enquired .	_	_	lexical	unambiguous_female
technician	_	This quality technician wrote a best practices guide for employees. He also trained new recruits.	_	_	fairtranslate	unambiguous_male
partners	Wilson spent the next several years holding dual roles in the worlds of gaming and film, jointly shepherding projects for Take-Two and his own Gone Off Deep Productions film imprint, which released the documentary Burning Man: Beyond Black Rock in 2005. Wilson has continued to produce multiple feature-length and short-form film projects via Gone Off Deep in recent years, including 2011's Austin High  and 2016's Stand Up Empire.	Gamecock Media Group  On February 12, 2007, Mike Wilson and his partners Harry Miller and Rick Stults announced the formation of Gamecock Media Group, a new video game publisher that "they hope will act as the equivalent of an independent film company for small game developers." Gamecock was acquired by SouthPeak Games in October 2008, after releasing several titles including Mushroom Men for Wii and Nintendo DS, Dementium: The Ward for Nintendo DS, Hail to the Chimp for Xbox 360 and PlayStation 3, Legendary for Xbox 360 and PlayStation 3, Stronghold: Crusader Extreme for PC, Insecticide for PC and Nintendo DS, and Fury for PC.	Southpeak dissolved the brand and released later Gamecock titles, such as Velvet Assassin and Section 8 under their own label.	_	glitter	unambiguous_male
joiner	_	A joiner adjusts boards to build a modular shelf. Each piece must be perfectly cut to fit seamlessly.	_	male_stereotyped	fairtranslate	ambiguous
teacher	_	A teacher captivated their students with an interactive lesson on natural sciences. They were praised by their colleagues for their innovative approach.	_	_	fairtranslate	ambiguous
employee	_	The accounting employee regularly participates in budget review meetings.	_	female_stereotyped	fairtranslate	ambiguous
ladies	_	The ladies had passed near it in their way along the valley, but it was screened from their view at home by the projection of a hill.	_	_	lexical	unambiguous_female
rapporteur	_	The efforts of the rapporteur, Mr Haug, to incorporate our suggestions on that subject deserve a great deal of gratitude.	_	_	gente	unambiguous_male
maid	_	The treachery, or the folly, of my cousin's maid betrayed us.	_	_	lexical	unambiguous_female
caregiver	_	The caregiver will help beneficiaries accomplish daily tasks such as eating or dressing. They are always patient and kind.	_	female_stereotyped	fairtranslate	ambiguous
relatives	The family reunion was a colorful gathering of multiple generations. Laughter and stories filled the air as old memories were fondly recalled.	Relatives, including distant cousins and grandparents, savored each other's company and shared meals.	These cherished moments keep family bonds strong across the years.	_	glitter	ambiguous
sportspeople	The town had a storied history of sporting excellence. Young athletes looked up to legends like Emma, whose story inspired many.	Sportspeople, driven by passion and discipline, achieved remarkable feats despite numerous obstacles.	Their victory celebrated not just talent, but commitment and perseverance.	_	glitter	ambiguous
woman	_	The things a man will do for a woman .	_	_	lexical	unambiguous_female
man	_	It would be fine publicity for the man who was willing to walk to the mayor's throne over the broken reputation of a helpless girl ! !	_	_	lexical	unambiguous_male
sailors	When they tried to lift the boat it exploded as the Peruvians had rigged it as a floating mine. Covadonga sank in less than 10 minutes.	In the disaster, out of the 109 men of the crew, the commander, Captain Pablo Ferrari, and 32 sailors died, 29 were rescued by the gun-boat Pilcomayo, and 48 were captured by the Peruvians.	Also among the dead was petty officer Constantino Micalvi, a survivor of the Naval Battle of Iquique.	_	glitter	unambiguous_male
upholsterer	_	The upholsterer restored an antique armchair by replacing the fabric and adding new padding. This work required hours of precision to preserve the original look.	_	male_stereotyped	fairtranslate	ambiguous
investors	The venture had resulted in a lawsuit in France and had seen de Langle capture control of the herd of horses and Farquet not return to Canada. But by 1890 de Roffignac had been financially reinvigorated by his marriage to Germaine de Salving, daughter of Count de Bosieu, and by his appointment as manager at 'la Rolanderie'.	The Societé had sold the ranch to a group of French investors, who had formed the 'Rolanderie Stock Raising Society' and replaced Meyer by the Count.	De Roffignac and the other nobles sought to benefit from the opportunities on the underdeveloped prairie by investing in novel agricultural and industrial experiments.	_	glitter	ambiguous
priest	_	The golden-haired people had a great chieftain who was also a kind of high priest, who was called the Dagda.	_	_	lexical	unambiguous_male
girl	_	In American romance , almost nothing rates higher than what the movie men have called `` meeting cute '' -- that is , boy-meets-girl seems more adorable if it doesn't take place in an atmosphere of correct and acute boredom .	_	_	lexical	unambiguous_female
Commissioner	_	Since the Commissioner doubts whether sufficient progress has been made in respect of information and preparation, I would also like to ask whether he has any statistics on what percentage of the changeover has been completed in SME. let us stick with the. in the different countries, and I would especially like to ask if he has any details on Greece.	_	_	gente	unambiguous_male
controller	_	Charlie is a management controller and is often consulted by the management team for their detailed financial reports.	_	_	fairtranslate	ambiguous
colleague	_	I also thank my colleague, Mrs Cashman, for accepting my amendments on the action programme which will guarantee European money to cover the extra cost of disability.	_	_	gente	unambiguous_female
worker	_	Unions stress fringe benefits , but the individual hourly worker prefers cash every time .	_	_	lexical	ambiguous
girl	_	To me Lilly was a fine and lovely girl .	_	_	lexical	unambiguous_female
driver	_	A school bus driver ensures the safety of children during their daily commutes. Safe driving rules are strictly followed. Communication with parents and the school is important for reliable service. They are attentive to the needs of young passengers.	_	male_stereotyped	fairtranslate	ambiguous
rapporteur	_	Certainly I commend the good relations we have had with Mr Ferber as the budget rapporteur.	_	_	gente	unambiguous_male
influencers	Digitalization transformed marketing strategies across sectors. Brands leverage social media platforms to reach a wider audience.	Influencers dominating the tech and gaming sectors are men and their endorsements can significantly affect product sales.	Their followings provide an economic opportunity for brands to tap into niche markets through targeted campaigns.	_	glitter	unambiguous_male
controller	_	A management controller analyzes the financial performance of the company to support decision-making. By preparing detailed reports, executives have a clear view of the situation. Setting up budgets and monitoring variances are part of daily tasks. Thanks to his expertise, the company can optimize its resources.	_	_	fairtranslate	unambiguous_male
priest	_	Now, venerable priest, further into the light, and hold the Holy Book before me that I may touch it.	_	male_stereotyped	lexical	ambiguous
student	_	To the student of old Roman walls, the middle layer will furnish a curious parallel to the thin course of tiles always alternating with the stone in those wonderful relics of the antique, and which undoubtedly contribute so much to the great strength of the masonry.	_	_	lexical	ambiguous
town	_	About 70 North Providence taxpayers made appeals to the board of tax assessors for a review of their 1961 tax assessments during the last two days at the town hall in Centredale .	_	_	lexical	unambiguous_male
artist	_	The person of the artist becomes a final bastion of meaning in a world rendered meaningless by the march of events and the decay of classical religious and philosophical systems .	_	_	lexical	ambiguous
reformers	Philanthropy In 1756, together with Jonas Hanway, another merchant and devout Christian, Thornton became a founder member of the Marine society, a charity set up to house and clothe young men, at the same time as providing much-needed recruits for the Royal Navy in the Seven Years’ War. Two years later, they were among the founders of the Magdalen Hospital for the Reception of Penitent Prostitutes, in Whitechapel, London, the first charitable institution for the care and rehabilitation of prostitutes.	John Thornton travelled extensively and contributed to churches in different parts of England, including Holy Trinity which was to become the centre for the so-called Clapham Sect of Christian social reformers, of which Thornton was the founding father.	Firmly believing in the importance of religious education, he used his considerable wealth to pay for the printing of Bibles, which he then arranged to distribute to churches across Britain and mission stations as far as New South Wales and the Caribbean colonies.	_	glitter	ambiguous
joiner	_	This joiner works with recycled materials to create unique furniture. They are committed to reducing waste in their workshop.	_	male_stereotyped	fairtranslate	ambiguous
sweeper	_	This street sweeper carries bags of trash after cleaning a parking lot. Each area must be carefully checked to ensure nothing is left behind.	_	male_stereotyped	fairtranslate	ambiguous
plumber	_	A plumber installs and repairs plumbing systems in residential and commercial buildings. Issues such as leaks or clogged pipes are efficiently resolved. The use of specialized tools allows for quick interventions. Clients appreciate his professionalism and responsiveness.	_	male_stereotyped	fairtranslate	unambiguous_male
Commissioner	_	Commissioner Byrne, we are highly satisfied.	_	_	gente	ambiguous
President	_	Madam President, my initial impression of President Kostunica is that she is a very pragmatic politician since she assumed power in the Federal Republic of Yugoslavia.	_	_	gente	unambiguous_female
men	_	In the very front rank , two men were wounded and staggered along , trailing blood behind them .	_	_	lexical	unambiguous_male
accountant	_	An accountant manages business finances by maintaining up-to-date accounting records. Tax returns are carefully prepared to ensure compliance with laws. Financial analyses assist executives in making informed decisions. Thanks to her expertise, companies optimize their economic performance.	_	_	fairtranslate	unambiguous_female
spokesperson	_	Firstly, please allow me to congratulate the spokesperson, Mrs Ferber, because her work has been complicated and difficult and she has had to try to find a balance between dramatically differing proposals, positions and points of departure and arrival.	_	_	gente	unambiguous_female
jews	It made no reference to the pictures, which he thought had been lost forever, but it stated that his entire estate was left to his nephew and two nieces—one of whom was Maria Altmann. Ferdinand died in Switzerland in November that year.	In 1946 the Austrian state issued an Annulment Act that declared all transactions motivated by Nazi discrimination were void; any Jews who wanted to remove artwork from Austria were forced to give some of their works to Austrian museums in order to obtain an export permit for others.	The Bloch-Bauer family hired Dr Gustav Rinesh, a Viennese lawyer, to reclaim stolen artwork on their behalf.	_	glitter	ambiguous
doctor	_	It is, of course, the same doctor, the same nurses, the same hospitals and the same resources in the health care sector which are to be used, irrespective of whether it is ordinary or private patients who are being treated.	_	_	gente	ambiguous
schoolteacher	_	A schoolteacher teaches students foundational knowledge in an adapted educational setting. Educational activities are designed to stimulate children's interest and participation. Regular assessments monitor progress and adapt methods if necessary. He is dedicated to each student's academic success.	_	female_stereotyped	fairtranslate	unambiguous_male
presidents	He won the BP Travel Prize in 1998. When he was 25 the National Portrait Gallery acquired his painting of the actor John Hurt.	In 2001 he won the BP Portrait Award with his painting of six presidents of the National Academy.	It was described as "astounding", showing the men surrounding a dead chicken.	_	glitter	unambiguous_male
custodians	The company headquarters, spanning several floors, required constant maintenance. Ensuring a clean and safe environment for all employees was a top priority.	Custodians worked tirelessly after hours to prepare the space for the next business day.	The dedication of these hardworking men often went unnoticed, but the difference was evident to those who paid attention.	_	glitter	unambiguous_male
worker	_	The childcare worker is dedicated to the care and development of young children. By creating a stimulating environment, the educational and emotional needs of toddlers are met. Collaboration with parents is important to ensure continuity in care. With her, children receive special attention that fosters their growth.	_	female_stereotyped	fairtranslate	unambiguous_female
nurse	_	The nurse delivers quality care to patients in various healthcare settings. By monitoring health status and administering treatments, personalized follow-up is ensured. Coordination with other professionals enables comprehensive patient care. Thanks to their skills, patients receive the best possible care.	_	female_stereotyped	fairtranslate	ambiguous
grandfather	_	captain);--as I was saying, I jumped into Mounttop's boat, which, d'ye see, was gunwale and gunwale with mine, then; and snatching the first harpoon, let this old great-grandfather have it.	_	_	lexical	unambiguous_male
boy	_	You can get year-'round air conditioners in the same variety of styles in which you buy a furnace alone -- high or low boy , horizontal or counterflow .	_	_	lexical	unambiguous_male
technician	_	The quality technician supervised an analysis of non-compliant products. He presented his findings to management.	_	_	fairtranslate	unambiguous_male
partners	Partnerships in businesses could get complicated. Regular meetings helped maintain clear communication.	Partners discussed highs and lows, strategizing for mutual success.	Their important decisions often required careful deliberation.	_	glitter	ambiguous
boy	_	I never gave that boy a cent .	_	_	lexical	unambiguous_male
sailors	The vastness of oceans poses unique challenges and experiences for those who navigate them. Maritime industries have long histories rooted in exploration and trade.	Recently, more female sailors have been spotlighted for their contributions and leadership in naval operations, breaking longstanding gender barriers.	Their stories inspire future generations to embrace a life of adventure and exploration on the high seas.	_	glitter	unambiguous_female
veterans	As part of the storyline, Hennig put together his own four-man country-themed stable of The West Texas Rednecks, along with Barry and Kendall Windham, and Bobby Duncum, Jr. However, the Soldiers outnumbered Hennig's group by nearly two to one, and they were put over the Rednecks in a four-man tag match at Bash at the Beach pay-per-view on July 11 when Rey Mysterio, Jr. pinned Hennig. The country-rap angle abruptly ended thereafter as the Rednecks were moved into a new feud with The Revolution, save for a July 22 match on WCW Thunder in which Hennig pinned Soldiers newcomer Chase.	Another setback for the Soldiers was that the group consisted of either unestablished rookies such as Chase and Swoll, who were booked to defeat experienced workers such as Fit Finlay and Lenny Lane; and repackaged veterans like Armstrong who would often take the brunt of opponents' offense in tag team matches before Swoll would enter to score the pin.	None truly connected with audiences, despite the group's inclusion of fan favorites Mysterio and Konnan.	_	glitter	unambiguous_male
worker	_	A social worker will regularly intervene to support families in difficulty.	_	female_stereotyped	fairtranslate	ambiguous
student	_	At least two private colleges in the Atlanta area now or in the past have had integrated student bodies , but their tax-exempt status never has been challenged by the state .	_	_	lexical	ambiguous
President	_	Mr President, let me begin by warmly congratulating the rapporteur, Mr Bowis, and let me also inform the Commissioner, David Byrne, that we appreciate the proposals he has put before us in this White Paper and the relations he has established with Parliament with a view to preparing the best possible legislation in the field of food safety for the future.	_	_	gente	unambiguous_male
priest	_	"I hate your priest and I deny your God!" cried the man, "and I tell you God is a lie and a fable and a mask.	_	_	lexical	unambiguous_male
operator	_	A press operator will be trained on new automated machines. The acquired skills will increase factory productivity. Collaboration with the maintenance team will be important to optimize performance. Supervisors will trust her to handle advanced equipment.	_	_	fairtranslate	unambiguous_female
butcher	_	Charlie, an experienced butcher, runs a shop in the heart of the market. Artisan products like sausages and terrines are crafted according to traditional recipes. Building trust with customers is paramount to her. Clients rely on her for their meat purchases.	_	male_stereotyped	fairtranslate	unambiguous_female
participants	Pay Off Your Mortgage in Two Years (first series) Each of the eight episodes aired weekly in 2006 focused on one family or individual, who at the time of filming had already been followed for twelve months, i.e. they were halfway through the experiment. In the follow-up series, aired in 2007, their experiences in the second year was shown.	The participants were from all ages and from all walks of life, including a couple nearing retirement, families with young children, a lesbian couple and a male ballet dancer.	Success in the experiment required minimizing expenses as well as maximizing income.	_	glitter	ambiguous
writer	_	Does the writer know the difference between an `` ersatz '' ballad or tall tale and a true product of the folk ? ?	_	_	lexical	ambiguous
pilots	Amelia Earhart's contributions to aviation are legendary. Despite the societal expectations of her time, she became a symbol of women's empowerment.	Pioneering pilots like her have charted skies historically dominated by men, proving that women are equally skilled aviators.	Their courage and achievements continue to inspire young girls to pursue their dreams of flight.	_	glitter	unambiguous_female
translator	_	This translator became popular for accurately translating a complex speech at an international conference. She impressed the audience with her mastery of cultural nuances.	_	_	fairtranslate	unambiguous_female
officer	_	The police officer will receive an award for bravery. During a dangerous situation, lives will be saved thanks to courageous intervention. Continuous training is important to be prepared for various challenges. They will be respected for their commitment to the community.	_	male_stereotyped	fairtranslate	ambiguous
recipients	Trivia A fictitious version of the 8th Academy Awards was a major scene in the 1937 film A Star Is Born, in which the character of Esther Blodgett (stage name Vicki Lester), played by Janet Gaynor, wins the Academy Award for Best Actress, only to have her inebriated husband, fallen movie star Norman Maine, played by Fredric March, crash the party and make a scene.	Both Gaynor and March were real-life recipients of Academy Awards, for Best Actress and Actor respectively, and were nominated for their roles in said movie.	The film shows a ceremony similar to the real one of the day, much smaller and more private than the televised event that occurs today.	_	glitter	unambiguous_all
President	_	I have to say, even, that to my eyes, Mr President, you resemble a chief physician, with a white coat, stethoscope and hammer to test reflexes.	_	_	gente	unambiguous_male
attendant	_	This flight attendant is often requested for announcements in multiple languages as he speaks three fluently.	_	female_stereotyped	fairtranslate	unambiguous_male
rapporteur	_	As referred to by the rapporteur in her report, little progress has been made so far on the activities to replace the present VAT transitional regulation by a final regulation based on tax in the country of origin.	_	_	gente	unambiguous_female
brother	_	Mr Ana de Palacio Vallelersundi has a brother who is a Commissioner in the European Commission.	_	_	gente	unambiguous_male
buyer	_	A buyer will collaborate with financial managers to optimize the procurement budget.	_	_	fairtranslate	ambiguous
Commissioner	_	I want to ask the Commissioner if he will confirm that he will thank the Commission in Brussels, and in particular Michael Graham, the head of the delegation himself, who throughout this time has gone through enormous change and have actually wrought a major difference in the process of moving towards democracy.	_	_	gente	unambiguous_male
economist	_	Mrs Lipietz, for instance, is too fine an economist not to realise that economics is just another form of political science.	_	_	gente	unambiguous_female
candidate	_	As you all know, our group was highly sceptical about Turkey's candidate status but we are delighted, now that Turkey has candidate status, that it is on the ball and has decided to engage in a process of reform in order to meet the demands of the European Union.	_	_	gente	ambiguous
woman	_	But in the middle of the last century an island woman named `` Karipo '' seized a spear in the heat of an inter-tribal battle and rallied the women after their men had fled .	_	_	lexical	unambiguous_female
journalist	_	This journalist covered major international events, traveling to conflict zones. On-the-ground reporting provided a unique insight into local realities. Risks were taken to gather exclusive testimonies. He has received multiple awards for the quality of his work.	_	_	fairtranslate	unambiguous_male
lawyer	_	The lawyer drafts contracts to secure clients' partnerships.	_	_	fairtranslate	ambiguous
surgeon	_	The nurse assisted a surgeon during a delicate procedure. Their support contributed to the success of the operation.	_	female_stereotyped	fairtranslate	ambiguous
controller	_	The management controller ensures that expenditures comply with the established budget forecasts.	_	_	fairtranslate	ambiguous
Member	_	I do not share the reservations expressed by our honourable Member, the Chairman of the Delegation for Relations with the Countries of Central America and Mexico, Mrs Seguro, with regard to the issue of human rights.	_	_	gente	unambiguous_female
observer	_	The artist , unlike the philosopher , is not a removed observer aiming at neutral and rarified high levels of abstraction .	_	_	lexical	ambiguous
technician	_	This chemical technician performed quality control tests. He also wrote a detailed report for his supervisors.	_	_	fairtranslate	unambiguous_male
lord	_	There was a time, my lord--to save trouble and a long explanation- -there was a time when you liked Talbots better than spaniels; you understand me?	_	_	lexical	unambiguous_male
boy	_	Ah ha boy, sayest thou so.	_	_	lexical	unambiguous_male
citizen	_	All investigations have, of course, revealed the distance between the European citizen and Brussels, and people themselves think they know too little about the EU.	_	_	gente	ambiguous
sire	_	Here again with haughty agony, I read my sire.	_	_	lexical	unambiguous_male
supervisors	The construction site was bustling with workers and machinery as the project progressed. Safety measures were strictly enforced, with regular inspections carried out.	Supervisors, such as Mr. Johnson, ensured that timelines were met without compromising quality standards.	Their leadership has been instrumental in driving the project forward while maintaining safety.	_	glitter	ambiguous
electrician	_	The electrician quickly located a power outage in an old building through precise diagnostics. Her intervention restored the service without delay.	_	male_stereotyped	fairtranslate	unambiguous_female
librarian	_	A passionate librarian plans to develop reading workshops for children. Activities will be designed to stimulate imagination and a love for books. Promoting children's literature will be at the heart of these efforts. Families will be grateful for their dedication.	_	female_stereotyped	fairtranslate	ambiguous
woman	_	It raced closer and they could see a woman with white hair , sitting astride an upright branch .	_	_	lexical	unambiguous_female
analyst	_	The analyst is apt to be too honest to fit in .	_	_	lexical	ambiguous
builders	Cities are constantly evolving with new infrastructure. Urban development is critical to accommodate growing populations.	Builders play a crucial role in shaping the skylines of tomorrow.	These constructions often become emblematic of a city's character.	_	glitter	ambiguous
schoolteacher	_	The schoolteacher prepared a collective project on sustainable development and she has received positive feedback from parents.	_	female_stereotyped	fairtranslate	unambiguous_female
painters	The first eighteen years of Herring's life were spent in London, where his greatest interests were drawing and horses. In the year 1814, at the age of 18, he moved to Doncaster in the north of England, arriving in time to witness the Duke of Hamilton's "William" win the St. Leger Stakes horserace.	By 1815, Herring had married Ann Harris; his sons John Frederick Herring Jr., Charles Herring, and Benjamin Herring were all to become artists, while his two daughters, Ann and Emma, both married painters.	When she was barely of age in 1845 Ann married Harrison Weir.	_	glitter	unambiguous_male
logger	_	A logger felled a towering tree with remarkable precision. He was applauded by his colleagues for his expertise.	_	male_stereotyped	fairtranslate	unambiguous_male
cashier	_	The cashier is appreciated for their friendliness toward customers.	_	female_stereotyped	fairtranslate	ambiguous
spokesperson	_	But considering the urgency, our spokesperson seeks in her Amendment No 6 to have this Protocol adopted as quickly as possible that is, according to Article 34 (2) (d) of the Treaty on European Union, when a majority of Member States have notified their approvals.	_	_	gente	unambiguous_female
mechanic	_	The mechanic restored an old vehicle piece by piece to bring it back to working condition. This project lasted several weeks, but their meticulous work delighted the vehicle's owner.	_	male_stereotyped	fairtranslate	ambiguous
trainman	_	The trainman called .	_	_	lexical	unambiguous_male
deputy	_	I believe that the deputy is right when he calls for greater participation to defeat poverty and social exclusion at this time.	_	_	gente	unambiguous_male
designers	The fashion show promised glimpses into the future of apparel, with trends poised to set new standards in style and sustainability. Models graced the runway, each adorned in creations that defy convention.	Behind the scenes, designers, including a noteworthy group of women, worked tirelessly to bring their imaginative concepts to life.	The show culminated in a standing ovation, with attendees marveling at the innovation on display.	_	glitter	ambiguous
programmer	_	The programmer wrote complex code to optimize data processing in an application. Users noticed a significant improvement in performance thanks to them.	_	male_stereotyped	fairtranslate	ambiguous
gardeners	Each spring, the local botanical society hosts a series of workshops aimed at promoting sustainable gardening practices. These events have become a community favorite.	Among the gardeners, many of whom are senior women, expert guidance particularly centered around plant diversity and permaculture principles was offered.	Their knowledge inspires green enthusiasts to incorporate sustainable methods into their own gardens.	_	glitter	ambiguous
page	_	Rectangular tiles ( opposite page , right top ) : Stoneware clay was used .	_	_	lexical	unambiguous_male
colleague	_	My colleague Mrs Armonie Bordes cuttingly pointed out yesterday the little benefits of deploying community capital and pension premiums for entrepreneurial risks.	_	_	gente	unambiguous_female
optician	_	An optician advises clients on choosing glasses suited to their vision and style. Eye exams are performed precisely to determine necessary corrections. Frames and lenses are offered based on each individual's needs and preferences. Thanks to their expertise, clients leave satisfied with perfectly fitted glasses.	_	_	fairtranslate	ambiguous
directors	In 2021, Young announced that he would not seek another term on the State Senate. He endorsed his wife, Karen Lewis Young, to succeed him in representing Maryland's 3rd legislative district.	Affiliations  Young is a member of a number of organizations: 1968–Present he helped create and serves on the board of the Frederick Community Action Agency, 2006–present he is on the board of directors for Goodwill Industries, 2008–present he is on the advisory board for Maryland Shakespeare Theater, the president of East Frederick Rising from 2006-2010, and a member of the following organizations: Rotary Club of Carroll Creek, 1000 Friends of Maryland, American Planning Association, American Legion, Chesapeake Bay Foundation, Fraternal Order of Elks, Fraternal Order of Owls, National Association for the Advancement of Colored People (NAACP), U.S. Tennis Association, and the Urban Land Institute.	Ron Young is also the former President of Delaplaine Visual Arts Center, the Frederick Arts Council, and the Frederick Festival of the Arts.	_	glitter	ambiguous
patients	Transgender individuals  What makes the lives of transgender individuals in Jamaica different from those in other countries is the fact that Jamaican society has an exceptionally low tolerance for LGBTQ individuals, especially male-to-female transgender women, according to a case study done by the University of West Indies’ Sir Arthur Lewis Institute of Social Economic Studies. The stigmas placed upon these individuals influence their perception of the world, and upon internalising these stigmas, the treatment process becomes more difficult.	The viewpoint arises that doctors will stigmatise patients or treat them badly because of the unconventionality of the treatment being carried out.	Ultimately, low tolerance leads patients to obtain less treatment overall.	_	glitter	unambiguous_all
librarian	_	The librarian is responsible for managing and classifying documentary resources. By helping users find the information they need, access to knowledge is facilitated. Organizing cultural and educational events is also part of his duties. He is always ready to provide insightful and personalized advice to visitors.	_	female_stereotyped	fairtranslate	unambiguous_male
father	_	Once again B'dikkat moved among them like a father ; ; once again they clustered like children .	_	_	lexical	unambiguous_male
electrician	_	The electrician installs and repairs electrical systems in various types of buildings. Compliance with safety standards ensures user protection. Accurate diagnostics allow for quick resolution of malfunctions. Clients trust them to ensure their installations function properly.	_	male_stereotyped	fairtranslate	ambiguous
relatives	During the investigation, she was interrogated on a number of questions in written form. She refused to answer any questions; her attorney argued that Article 20 (3) of the Indian Constitution protected her against forced self-incrimination.	The court agreed, strengthening the rights of the accused with a recognition of the right to a lawyer and the right against self-incrimination; it moreover held that women have the right to be questioned at their homes in the presence of male relatives, have the right to be brought to the police station only after a formal arrest, and have the right to be searched only by other women.	Over the next 18 years, Satpathy won all of the cases against her.	_	glitter	unambiguous_male
controller	_	This management controller presented a clear and comprehensive dashboard during a strategic meeting. They received positive feedback.	_	_	fairtranslate	ambiguous
fellow citizens	Participation in community events fosters a sense of belonging and unity. Local initiatives often require volunteer coordination and support.	Regardless of their gender, fellow citizens contributed generously, helping organize the city's annual cultural festival.	The collective effort resulted in a vibrant celebration that highlighted the community's diversity.	_	glitter	unambiguous_all
musician	_	One would have thought that the untamable tune of some mad musician had set all the common objects of field and street dancing an eternal jig.	_	_	lexical	ambiguous
therapist	_	This physical therapist will soon open their own practice. Modern equipment will be installed to provide quality treatments. Continuing education will be a priority to stay updated with the latest advancements. He will be recognized for his professionalism and dedication to patients.	_	_	fairtranslate	unambiguous_male
specialist	_	Next month, this doctor, a specialist in cardiology, will conduct research on new therapies. Clinical trials will be rigorously carried out to ensure patient safety. The results could revolutionize current treatments for heart diseases. He is recognized for his expertise and contributions to medicine.	_	_	fairtranslate	unambiguous_male
father	_	THE CHIMNEY-SWEEPER When my mother died I was very young, And my father sold me while yet my tongue Could scarcely cry "Weep! weep!	_	_	lexical	unambiguous_male
women	_	From its inception in 1920 with the passage of Public Law 236 , 66th Congress , the purpose of the vocational rehabilitation program has been to assist the States , by means of grants-in-aid , to return disabled men and women to productive , gainful employment .	_	_	lexical	unambiguous_female
influencers	Engaging content that resonates with audiences is a hallmark of successful digital marketing efforts. Authentic communication can significantly bolster brand reputation and loyalty.	Many companies partner with influencers to reach demographics that traditional advertising struggles to engage.	This shift offers exciting possibilities for how businesses and consumers interact in the digital space.	_	glitter	ambiguous
cleaner	_	Sasha, an experienced garbage collector, also participates in educational programs at schools. Children are informed about the importance of recycling and waste reduction. Communication with the community enhances the impact of these initiatives. They are proud to contribute to a cleaner future for coming generations.	_	male_stereotyped	fairtranslate	ambiguous
student	_	Of course , it goes without saying that no student of ideas can justifiably ignore the contemporary scene .	_	_	lexical	ambiguous
hosts	The grand opening of the art exhibition was attended by a diverse crowd. Many were eager to witness the unveiling of new international artwork.	The young female hosts, including Julia, with her charismatic flair, ensured the event ran smoothly and was enjoyable for everyone.	Her organizational skills were applauded by both attendees and artists alike.	_	glitter	unambiguous_female
operator	_	A construction machine operator follows technical plans to dig at precise locations specified by engineers.	_	male_stereotyped	fairtranslate	ambiguous
settlers	During the next two years, the French attacked the Natchez in return, causing them to flee or, when captured, be deported as slaves to their Caribbean colony of Saint-Domingue (later Haiti). In the colonial period of French and Spanish rule, men tended to marry later after becoming financially established.	French settlers frequently took Native American women as their wives (see Marriage 'à la façon du pays'), and as slaves began to be imported into the colony, settlers also took African wives.	Intermarriage between the different groups of Louisiana created a large multiracial Creole population.	_	glitter	unambiguous_male
worker	_	The childcare worker is dedicated to the care and development of young children. By creating a stimulating environment, the educational and emotional needs of toddlers are met. Collaboration with parents is important to ensure continuity in care. With him, children receive special attention that fosters their growth.	_	female_stereotyped	fairtranslate	unambiguous_male
stonecutters	The art of sculpture has been practiced for millennia, reflecting cultural and historical contexts through carved forms. This enduring craft necessitates mastery of both technique and creativity.	Skilled stonecutters are essential to transforming raw materials into intricate works of art.	Their craftsmanship often results in lasting contributions to public spaces and private collections.	_	glitter	ambiguous
spokesperson	_	I acknowledge the work carried out on this text by Mr Cerdeira Morterero, your spokesperson.	_	_	gente	unambiguous_male
fellow	_	And now, fellow-citizens, I am about to assume the great trust which you have committed to my hands.	_	_	lexical	unambiguous_male
mechanic	_	The mechanic updates diagnostic software on the workstation to identify electronic failures. This is part of the daily routine in the workshop.	_	male_stereotyped	fairtranslate	ambiguous
writer	_	`` As a writer , by what have I been obsessed these last ten years , if not by mankind ? ?	_	_	lexical	ambiguous
President	_	Mr President, I must first congratulate the general rapporteur, Mr Haug, on the excellent work that he has done.	_	_	gente	unambiguous_male
translator	_	Charlie, a translator specializing in simultaneous interpretation, participated in many international conferences. Responsiveness and precision are crucial during these events. Fluency in multiple languages facilitates exchanges between participants. Organizers trust him to ensure smooth communication.	_	_	fairtranslate	unambiguous_male
president	_	If the railroads , for example , regularly slaughtered 25,000 passengers each year , the high priests of the cult would have cause to tremble for their personal safety , for such a holocaust would excite demands for the hanging of every railroad president in the United States .	_	male_stereotyped	lexical	ambiguous
godmother	_	"So do I, full as well as your godmother; but we have not yet quite settled what it is to be generous."	_	_	lexical	unambiguous_female
girl	_	The wife is likely to be young , sophisticated , smart as a whip -- often a girl who has sacrificed a promising career for marriage .	_	_	lexical	unambiguous_female
sweeper	_	A street sweeper used a mechanical sweeper to clean an industrial area. He checked the condition of the machine before starting his work.	_	male_stereotyped	fairtranslate	unambiguous_male
caregiver	_	The caregiver accompanied beneficiaries to their medical appointments. He made sure they felt supported throughout.	_	female_stereotyped	fairtranslate	unambiguous_male
welder	_	Lou, an experienced welder, works on complex projects requiring a high level of technical expertise. Challenges are met thanks to their deep knowledge of welding processes. Collaboration with other professionals ensures project success. They contribute to the development of innovative solutions in the industry.	_	male_stereotyped	fairtranslate	ambiguous
President	_	Madam President, the report drafted by my colleague, Mrs Ceyhun, is a very important one, and we, too, have heard that the Council has some new plans with regard to these matters.	_	_	gente	unambiguous_female
senders	The advent of email had drastically altered communication. Samantha, who preferred handwritten letters, reminisced fondly about pen pals of yesteryear.	Modern senders, however, embraced digital platforms for their convenience and speed.	This evolution marked a shift in how relationships and connections were maintained globally.	_	glitter	ambiguous
boy	_	`` And what makes you think you're going to get it , pretty boy '' ? ?	_	_	lexical	unambiguous_male
controller	_	The management controller collaborated with departments to develop a new cost reduction plan. She was praised for her work.	_	_	fairtranslate	unambiguous_female
directors	The film festival drew a diverse crowd, eager to glimpse new cinematic projects. Laura and her female colleague, both renowned for their visionary storytelling, attended the event.	The two directors discussed their latest movies, featuring strong female leads, at a panel discussion.	The audience eagerly asked questions about their creative processes and future projects.	_	glitter	unambiguous_female
upholsterer	_	This creative upholsterer will design unique pieces for interior designers. Current trends will be integrated to provide modern solutions. Close collaboration with clients will bring their visions to life. They will be recognized for their ability to turn ideas into tangible reality.	_	male_stereotyped	fairtranslate	ambiguous
mother	_	My mother bore me in the southern wild, And I am black, but oh my soul is white!	_	_	lexical	unambiguous_female
delegate	_	I now give the floor to the delegate, Mr De Roo.	_	_	gente	unambiguous_male
teacher	_	A teacher captivated his students with an interactive lesson on natural sciences.	_	_	fairtranslate	unambiguous_male
men	_	Arriving just in time to stop men from turning their planet into a radioactive wasteland , the Overlords unite earth into one world in which justice , order , and benevolence prevail and ignorance , poverty , and fear have ceased to exist .	_	_	lexical	unambiguous_male
physiotherapist	_	A physiotherapist advises ergonomic postures to reduce everyday pain.	_	_	fairtranslate	ambiguous
translator	_	A translator wrote subtitles for an international documentary. They were complimented for the fluency of their work.	_	_	fairtranslate	ambiguous
Morgan	_	Morgan is a firefighter who provides rescue to victims during road accidents or natural disasters. Reactivity and composure are crucial to saving lives. Solidarity among colleagues enhances intervention efficiency. Morgan dedicates her time and energy to serving others.	_	male_stereotyped	fairtranslate	unambiguous_female
collector	_	A garbage collector collected trash in a residential area very early in the morning. They ensured compliance with the sorting instructions imposed by the municipality.	_	male_stereotyped	fairtranslate	ambiguous
beautician	_	This beautician works in a luxury spa offering a full range of relaxing treatments. Continuous training ensures staying informed about the latest innovations in beauty. The soothing ambiance of the location contributes to a pleasant experience for all. She helps provide a unique moment of relaxation for each client.	_	female_stereotyped	fairtranslate	unambiguous_female
teacher	_	The teacher proposed a new teaching method to improve understanding in mathematics. They received positive feedback from parents.	_	_	fairtranslate	ambiguous
Commissioner	_	I would very much like to thank the Commissioner for her comments on the legal basis.	_	_	gente	unambiguous_female
electromechanic	_	The electromechanic collaborated with a team to set up a machine prototype. They supervised the final tests before validation.	_	male_stereotyped	fairtranslate	ambiguous
rapporteur	_	We shall now hear from the rapporteur, Mrs Klass, who, I believe, is opposed to postponing the report.	_	_	gente	unambiguous_female
student	_	The recent federal government's student-loan program is another step in the direction of making higher education more available to lower-status youth .	_	_	lexical	ambiguous
secretary	_	It is always wise to consult your marine dealer , local yacht or boat club secretary , or local law enforcement officers if you are not positive what the regulations are .	_	female_stereotyped	lexical	ambiguous
man	_	The umbrella was a black and prosaic bundle long past repair; the hat was a broad-curved black hat, clerical but not common in England; the man was the very embodiment of all that is homely and helpless.	_	_	lexical	unambiguous_male
Member	_	As far as I am aware, the two intruders obtained access to the House on the authority of a Member of Parliament.	_	_	gente	ambiguous
electromechanic	_	An electromechanic maintains and repairs industrial machines combining electrical and mechanical systems. Accurate diagnostics minimize production downtime. Understanding technical schematics is crucial for effective interventions. Factories rely on her expertise to keep operations running smoothly.	_	male_stereotyped	fairtranslate	unambiguous_female
electromechanic	_	The electromechanic collaborated with a team to set up a machine prototype. She supervised the final tests before validation.	_	male_stereotyped	fairtranslate	unambiguous_female
directors	He has also edited a number of X-Men collections, and the final two issues of the Marvel Swimsuit Special. Personal life  Born in 1963 to parents who were both teachers, Cooper found his interest in birds while reading a birdwatching book during a roadtrip from his Long Island childhood home to California.	In the 1980s, he was president of the Harvard Ornithological Club, and is currently on the Board of Directors for NYC Audubon.	Cooper has a long history of LGBT activism including being the co-chair of the board of directors of GLAAD in the 1980s.	_	glitter	unambiguous_male
participants	One might use the findings of a study on the meaning of sexual intimacy to gay men in close relationships, for example, to re-examine the adequacy of theories which attempt to predict and explain safe sex practices. IPA encourages an open-ended dialogue between the researcher and the participants and may, therefore, lead us to see things in a new light.	After transcribing the data, the researcher works closely and intensively with the text, annotating it closely ('coding') for  insights into the participants' experience and perspective on their world.	As the analysis develops, the researcher catalogues the emerging codes, and subsequently begins to look for patterns in the codes.	_	glitter	unambiguous_male
colleague	_	Late at night, when we have to be clear, even blunt and when my esteemed colleague, Mrs Sauquillo Pérez del Arco, has had to use the instrument of an own-initiative report to ensure parliamentary accountability, the Commission should listen when the European Parliament says "no".	_	_	gente	unambiguous_female
Chairman	_	I would also like to thank the Chairman of the Committee on Agriculture and Rural Development, Mr Graefe zu Baringdorf, for his desire to reach a compromise solution with the Commission.	_	_	gente	unambiguous_male
readers	MSLO announced that they intended to release 2 test issues in May and August 2006, with an initial base circulation of 250,000, and planned to begin regular bimonthly publication in 2007. The first issue was released May 1, 2006.	The magazine targeted women ages 25–40, and competed with magazines such as Real Simple (whose former editor Tom Prince headed the new magazine ) and Domino for readers.	It was recognized as a move by the company to become more competitive in the younger demographic, and diversify its interests outside the core Martha Stewart brand.	_	glitter	unambiguous_female
criminal	_	Pensioners are in favour of strengthening criminal law, European law especially, as well as national law, for I am afraid that crimes are no longer committed solely by our citizens but by people of other nationalities as well.	_	_	gente	ambiguous
collector	_	A garbage collector picks up trash left on the ground near the bins of an apartment building.	_	male_stereotyped	fairtranslate	ambiguous
clients	The consultancy's reputation was built on delivering bespoke strategies tailored to individual needs. Industries ranging from tech to retail sought their expertise.	Regular communication with clients of all genders ensured that all projects remained aligned with their specific requirements.	This personalized approach significantly contributed to the firm's growing list of satisfied customers.	_	glitter	unambiguous_all
technician	_	The chemical technician contributes to research projects by collecting reliable data.	_	_	fairtranslate	ambiguous
worker	_	The social worker participates in meetings to coordinate social service actions.	_	female_stereotyped	fairtranslate	ambiguous
controller	_	This management controller participated in the financial restructuring of a company. Internal processes were revised to improve operational efficiency. Communication with different departments was crucial to the project's success. They played a key role in transforming the company.	_	_	fairtranslate	ambiguous
woman	_	And so to all the other peoples and governments who are watching today, from the grandest capitals to the small village where my father was born: know that America is a friend of each nation and every man, woman, and child who seeks a future of peace and dignity, and we are ready to lead once more.	_	_	lexical	unambiguous_female
page	_	Isn't that where most of them are already -- right out on the front page of our newspapers ? ?	_	_	lexical	unambiguous_male
maid	_	I'm going to become a good nurse , and I've got two baby brothers that are going to have college if I have to work at my profession until I'm an old maid to give it to them '' .	_	_	lexical	unambiguous_female
interpreters	The international conference had attracted delegates from over fifty countries, each bringing unique perspectives to the global dialogue. In the main hall, languages intertwined in a harmonious cacophony.	Skilled interpreters, including a young man named Alex, worked tirelessly to ensure every speaker's words were understood by all participants.	Their efforts were crucial in fostering clear communication and mutual understanding among diverse cultures.	_	glitter	ambiguous
Commissioner	_	We should consider the speech made by Mr Sadako Ogata, the UN High Commissioner for Refugees, as a challenge; basically what he said was that the long life of the UNHCR reflected the international community's inability to prevent prejudice, persecution, poverty and all the other reasons which result in conflict.	_	_	gente	unambiguous_male
librarian	_	A librarian updates the library's website to include new events and reading recommendations.	_	female_stereotyped	fairtranslate	ambiguous
secretary	_	This secretary took the initiative to create a new digital filing system to improve access to important documents. They trained the team to ensure quick adoption of this innovative method.	_	female_stereotyped	fairtranslate	ambiguous
presidents	Leadership skills are critical for those in positions of power, affecting the decision-making processes and overall direction of an organization or country.	Many successful presidents have demonstrated the ability to inspire and unite their team or constituency.	Their legacies often depend on their capacity to handle crises and implement lasting policies.	_	glitter	ambiguous
architects	The competition to design the new library was fierce, drawing submissions from all over the world. Participants were asked to create a structure that combines modernity with environmental sustainability.	Among the winning team of architects were two women whose innovative designs caught the judges' attention.	The project is slated to complete by the next fall, promising a new community hub for knowledge and learning.	_	glitter	ambiguous
worker	_	Just as the suburban factory may be more convenient than the downtown plant to the worker with a car , the trip to the shopping center may seem far easier than to the downtown department store , though both are the same distance from home .	_	_	lexical	ambiguous
delegate	_	I now give the floor to the delegate, Mrs De Roo.	_	_	gente	unambiguous_female
welder	_	A welder worked overnight to repair a damaged production line in an automotive factory. Assigning this task to them was essential to avoid prolonged downtime.	_	male_stereotyped	fairtranslate	ambiguous
driver	_	The bus driver transported passengers to the terminal station, where they ensured connections with other lines.	_	male_stereotyped	fairtranslate	ambiguous
journalists	Christiane Amanpour is a renowned foreign correspondent who has covered conflicts in the Gulf, Bosnia, and Iraq, among others. Her fearless reporting serves as an inspiration to many aspiring colleagues.	These journalists bring compelling stories to the global stage.	In doing so, these women help to shed light on crucial issues around the world.	_	glitter	unambiguous_female
butler	_	"Well, what's your business, sir?" said the butler.	_	_	lexical	unambiguous_male
fellow	_	"As good a kind of fellow as ever lived, I assure you.	_	_	lexical	unambiguous_male
practitioners	Enslaved Africans brought these gendered notions of religious leadership with them to the New World. As a result, female religious figures are part of the religions of the African Diaspora (e.g., manbos in Haitian Vodou).	The dominance of Vodou female practitioners later became prevalent in the urban contexts of Haiti and nineteenth-century New Orleans in French Louisiana.	Vodou priesthood  Generally, manbos and oungans serve as the heads of autonomous Vodou religious groups—rather than clerical hierarchies—and exert their authority over the devotees or spiritual servants in their temples.	_	glitter	unambiguous_female
speculators	It was largely shot in Berlin with some scenes filmed aboard the SS Cap Arcona. It focuses on a fictitious conflict between "Sir" Bruce Ismay and John Jacob Astor, reimagined as an English Lord, for control of the White Star Line.	An equally fictitious young German First Officer, Petersen, warns against Ismay's reckless pursuit of the Blue Riband, calling Titanic a ship "run not by sailors, but by stock speculators".	His warnings fall on deaf ears and the ship hits an iceberg.	_	glitter	ambiguous
respondents	Sexual orientation and transitioning Some trans people maintain a consistent orientation throughout their lives, in some cases remaining with the same partner through transition.	A 2013 study found that 58.2 percent of its 452 transgender and gender-nonconforming respondents experienced sexual attraction changes during their lives, with trans masculine people more likely to experience "sexual fluidity".	For transgender people who socially transitioned (about half of the total sample), 64.4 percent experienced attraction changes after transitioning, with trans feminine people more likely to experience sexual fluidity.	_	glitter	unambiguous_all
specialist	_	Then there is the question of including specialist breeders in the proposed system, as stated in proposed Amendments Nos 7 and 13.	_	_	gente	ambiguous
resident	_	Mobility for all, including nationals of third countries legally resident in Union territory and students and teachers acting independently, outside the Socrates and Leonardo programmes, is one of the fundamental values of the Union which we must uphold so that the candidate countries know exactly what kind of Union they will be joining.	_	_	gente	ambiguous
soldier	_	"The soldier must be calm in the thick of the battle," pursued the policeman.	_	male_stereotyped	lexical	ambiguous
deputy	_	I thank the honourable deputy and friend for what she said about our delegate Michael Graham and her staff in Belgrade.	_	_	gente	unambiguous_female
childminder	_	A childminder prepares creative workshops to keep children engaged on rainy days.	_	female_stereotyped	fairtranslate	ambiguous
man	_	Running counter to the destroying forces in the world are all the virtues that are innate in man , the capacity for love and brotherhood , the ability to appreciate beauty .	_	_	lexical	unambiguous_male
correspondent	_	The anonymous correspondent did not resort to innuendoes .	_	_	lexical	ambiguous
caregiver	_	The caregiver will help beneficiaries accomplish daily tasks such as eating or dressing. She is always patient and kind.	_	female_stereotyped	fairtranslate	unambiguous_female
plumber	_	The plumber checks the tightness of the fittings after replacing a main pipeline. Every detail matters in this type of intervention.	_	male_stereotyped	fairtranslate	ambiguous
wife	_	The wife of a whaling captain had provided the chapel with a handsome pair of red worsted man-ropes for this ladder, which, being itself nicely headed, and stained with a mahogany colour, the whole contrivance, considering what manner of chapel it was, seemed by no means in bad taste.	_	_	lexical	unambiguous_female
stonecutters	Clyde liked the idea and suggested the epitaph to go over himself and his brother: "Gone But Not Forgotten." On Buck and Clyde's shared gravestone, Buck's year of birth is incorrect.	His mother gave the stonecutters their sister Nell's birth year for him.	However, she had recorded the birth dates of all her children in the family Bible.	_	glitter	ambiguous
forest keepers	Ecosystems are vital to sustaining life on Earth. Conservation efforts aim to protect biodiversity.	Forest keepers monitor wildlife and vegetation, safeguarding natural habitats.	Their dedication helps preserve the beauty and resources of our planet for future generations.	_	glitter	ambiguous
President	_	Only the Belgian President, Mrs Verhofstadt, was a notable exception.	_	_	gente	unambiguous_female
man	_	`` It would be like fighting the French and Indian War all over again '' , said one military man .	_	_	lexical	unambiguous_male
murderer	_	Italy has repeatedly requested the extradition of this multiple murderer from France, where Mr Lojacono lives freely, so that he can finally serve his time.	_	_	gente	unambiguous_male
operator	_	This press operator manufactured components for the automotive industry. High production standards were maintained throughout the process. Workplace safety was ensured by following protocols. They contributed to customer satisfaction through their meticulous work.	_	_	fairtranslate	ambiguous
programmer	_	The programmer works on an artificial intelligence module. Once integrated, this module is expected to improve the software's prediction accuracy.	_	male_stereotyped	fairtranslate	ambiguous
priest	_	Turn the bed-clothes toward the foot of the bed, Let the physician and the priest go home.	_	male_stereotyped	lexical	ambiguous
diabetics	They sponsor the twice-weekly Mission Hill Farmers markets throughout the months of June to November, the annual community health fair (with Massachusetts College of Pharmacy and Health Sciences) and a summer food fair in September, and low-cost fresh produce and bread distribution, the $2 bag program, with Fair Foods of Dorchester. At the Tuesday and Thursday farmers' markets, local farmers sell their freshly picked produce.	MHHM sponsors several self-help health programs, including a walking group, a Women's Health Group, and a Diabetes Self-Management Group to educate newly diagnosed and current diabetics and pre-diabetics about how to live responsibly with it, to improve overall health and ease the responsibilities of living day-to-day with chronic diabetes.	In 2011, the Mission Hill Main Streets, Tobin Community Center, Mission Hill Health Movement, and Sociedad Latina sponsored the first Mission Hill healthy food festival.	_	glitter	ambiguous
politician	_	The famous Russian opposition politician, Grigori Jawlinski, has made it into western newspaper columns again lately.	_	_	gente	ambiguous
teacher	_	A special education teacher helped a young person overcome academic challenges through personalized support. They were praised by the parents for their dedication.	_	_	fairtranslate	ambiguous
President	_	Madam President, I would like to compliment the deputy, Mrs Bowis for her very constructive and very logical approach to this particular problem.	_	_	gente	unambiguous_female
woman	_	Fosdick had found the installations surrounded by a battery of saloons and houses of prostitution , with filles de joie from all over the country flocking to San Antonio , Laredo , and El Paso to `` woman the cribs '' .	_	_	lexical	unambiguous_female
citizen	_	But for the average citizen , unfortunately , this is one of science's worst-marked channels , full of tricky currents and unknown depths .	_	_	lexical	ambiguous
poet	_	Something indirect , mixed , reconciling , tensional might well be the stratagem , the devious technique by which a poet indulged in all kinds of talk about love and anger and even in something like `` expressions '' of these emotions , without aiming at their incitement or even uttering anything that essentially involves their incitement '' .	_	_	lexical	ambiguous
woman	_	Unfortunately , the man and woman were not made to appear very interesting at the outset and the menacing figures failed to make them any more so .	_	_	lexical	unambiguous_female
colleague	_	I regret that mine will be a somewhat discordant voice in this House tonight, save for that of my colleague, Mr Boumediene-Thiery.	_	_	gente	unambiguous_male
husband	_	However, I got a very good husband, and I don't know what the greatest beauty can do more.	_	_	lexical	unambiguous_male
Commissioner	_	Indeed I would ask the Commissioner to consider whether she can accept my amendment on this crucial point.	_	_	gente	unambiguous_female
Commissioner	_	The Commissioner herself referred to this genocide as if it were something forgotten.	_	_	gente	unambiguous_female
server	_	The server cleans tables and ensures the restaurant remains welcoming.	_	_	fairtranslate	ambiguous
signees	The lawyer’s office was bustling with clients. Documents needed verification and signatures.	Signees were guided meticulously through each process, ensuring understanding and compliance.	The completion of formalities provided a sense of accomplishment.	_	glitter	ambiguous
nurse	_	A nurse took the time to talk to an anxious patient to reassure them before a medical exam. Their patience was greatly appreciated.	_	female_stereotyped	fairtranslate	ambiguous
beautician	_	The beautician organizes the product inventory.	_	female_stereotyped	fairtranslate	ambiguous
female	_	As of today, it will henceforth be the official policy of the United States government that there are only two genders: male and female.	_	_	lexical	unambiguous_female
doctor	_	The pharmacist was praised by a doctor for her accurate recommendations.	_	female_stereotyped	fairtranslate	unambiguous_female
jurists	The legal domain demands a rigorous understanding of law. It ensures justice remains impartial and timely.	Jurists interpret legal texts and principles, helping to guide juridical decisions.	Their expertise is pivotal in maintaining the integrity of legal systems.	_	glitter	ambiguous
optician	_	The optician performs vision tests to ensure prescriptions are accurate.	_	_	fairtranslate	ambiguous
boy	_	In general , however , it may be said that when a boy or a girl leaves the high school , the school authorities play little or no part in the decision of what happens next .	_	_	lexical	unambiguous_male
Commissioner	_	The former Commissioner, Mrs MacSharry, justified this criminal silence by claiming that the beef sector must not be put at risk.	_	_	gente	unambiguous_female
President	_	Ten years ago, a military coup pushed the elected President, Mr Aung San Suu Kyi, out of office, dissolved parliament, and subsequently applied policies of extreme terror.	_	_	gente	unambiguous_male
librarian	_	A librarian catalogs new books to integrate them into the library's management system.	_	female_stereotyped	fairtranslate	ambiguous
girl	_	`` I'd give anything if I could have found a girl like you '' .	_	_	lexical	unambiguous_female
partners	Robert and his younger sisters Matilda and Annie were born in New South Wales. Before they emigrated, Mathews' father, William Mathews (1798–1866), was the principal co-proprietor of Lettermuck Mill, a small papermaking business near the village of Claudy in County Londonderry.	The other partners were his three brothers, Robert, Hamilton and Samuel Mathews.	When first established by Robert's grandfather (also named William Mathews), Lettermuck was a successful business.	_	glitter	unambiguous_male
dispatchers	Emergency services require efficient coordination and quick decision-making. Communication is key to ensuring resources are allocated correctly during crises.	Police dispatchers are responsible for directing units to the scene of incidents promptly.	Advances in technology have streamlined communication in emergency management.	_	glitter	ambiguous
hairstylist	_	This hairstylist participated in a fashion show, creating truly exceptional avant-garde hairstyles. His work was noticed by the stylists present.	_	female_stereotyped	fairtranslate	unambiguous_male
officer	_	Lou is a police officer living in a small village. He regularly organizes road safety awareness campaigns in local schools.	_	male_stereotyped	fairtranslate	unambiguous_male
technician	_	The quality technician was praised by their superiors for their role in the company's ISO certification.	_	_	fairtranslate	ambiguous
hairdresser	_	The hairdresser creates unique styles for each client using various cutting and coloring techniques. Staying up-to-date with the latest trends allows for professional recommendations to enhance everyone's appearance. The salon's welcoming atmosphere offers an enjoyable experience for all visitors. With his artistic talent, personalized hairstyles are created to meet clients' desires.	_	female_stereotyped	fairtranslate	unambiguous_male
supervisor	_	The supervisor coordinated the team's tasks to meet the project deadlines. They also managed unforeseen issues effectively.	_	male_stereotyped	fairtranslate	ambiguous
daughter	_	There can be no doubt of your being a gentleman's daughter, and you must support your claim to that station by every thing within your own power, or there will be plenty of people who would take pleasure in degrading you."	_	_	lexical	unambiguous_female
tutors	He was the only son of Sir Hari Singh, Maharaja of Jammu and Kashmir. His mother, Maharani Tara Devi, who was the fourth wife of his father, was the daughter of a landowning Katoch Rajput family and came from (Vijaypur near Bilaspur) in Kangra district of Himachal Pradesh.	Singh was educated at Doon School, Dehra Dun, a boarding school, which represented a departure from the usual practise of princes being educated by tutors at home.	The school was very elite, but it nevertheless meant that Karan Singh shared the classroom (though not the hostel) with boys from non-royal backgrounds, and received a standard education.	_	glitter	ambiguous
women	_	The men and women of this country who toil are the ones who bear the cost of the Government.	_	_	lexical	unambiguous_female
sir	_	`` I beg your pardon , sir '' ? ?	_	_	lexical	unambiguous_male
wife	_	It's just a bat ' , said my wife reassuringly , and I sighed with relief . '	_	_	lexical	unambiguous_female
caregiver	_	A caregiver frequently works with nurses to coordinate care.	_	female_stereotyped	fairtranslate	ambiguous
countess	_	The count and countess were obliged to fly from their house with the utmost precipitation in the night-time; and they had not time to remove any of their furniture, their plate, clothes, or jewels.	_	_	lexical	unambiguous_female
President	_	In this letter, Mrs Hautala made mention of our support and sympathy for the efforts undertaken by the President, Mrs Fontaine, to set up negotiations on our own Statute.	_	_	gente	unambiguous_female
driver	_	This bus driver transports tourists on a scenic route. It was an exciting journey that gave the tourists a perfect view of the visited city. Passengers expressed their satisfaction to her upon arrival.	_	male_stereotyped	fairtranslate	unambiguous_female
President	_	Madam President, I want to thank the President-in-Office for her reply which was very comprehensive.	_	_	gente	unambiguous_female
translator	_	This translator worked on website localization for companies looking to expand abroad. Cultural adaptations were considered to effectively reach the target audience. Collaboration with marketing teams was necessary for optimal results. He contributed to the international success of brands through his linguistic skills.	_	_	fairtranslate	unambiguous_male
housekeeper	_	A housekeeper will be responsible for the daily inspection of equipment in the rooms.	_	female_stereotyped	fairtranslate	ambiguous
carpenter	_	This carpenter restored the roof of a historical building using traditional techniques. They also trained apprentices to preserve this expertise.	_	male_stereotyped	fairtranslate	ambiguous
boy	_	`` You catchee boy-furiendo ? ?	_	_	lexical	unambiguous_male
Minister	_	I am totally opposed to anyone at all threatening an invited Minister, even a Turkish one.	_	_	gente	ambiguous
trainers	Born in Kenya, Mativo (who died on June 7, 2021) was a Kamba, and was chosen over other two men; one Senegalese and one Nigerian. He was majoring in film at UCLA, held a PhD in Developmental Journalism, wrote and directed for Voice of Kenya, and had previously acted in two German short films before taking the role, under stipulation that he "only be with those animals while [we're] filming".	Expert and experienced animal trainers such as Frank Tom, Rick Glassey and Steve Miller were given acting parts as committee members attacked by tigers.	Zakes Mokae plays a committee member, and Will Hutchins portrays a man in a rowboat.	_	glitter	unambiguous_male
king	_	But in merely looking at it one could not dismiss that impression of childishness which is the most charming side of Germany--those little pantomime, paternal monarchies in which a king seems as domestic as a cook.	_	_	lexical	unambiguous_male
counselor	_	A career counselor helps students define their career goals. Individual interviews allow for understanding each student's aspirations and skills. Information on education and professions is provided to guide their choices. Thanks to her advice, young people can build a coherent future.	_	_	fairtranslate	unambiguous_female
librarian	_	The librarian reorganized the shelves to make fiction books more accessible. He also added colorful signage to enhance the visitor experience.	_	female_stereotyped	fairtranslate	unambiguous_male
supervisor	_	This construction worker assembled scaffolding at height while maintaining a fast and secure pace. His abilities are admired by the site supervisor.	_	male_stereotyped	fairtranslate	unambiguous_male
lawyer	_	This lawyer worked on international law cases. Coordination with foreign partners was necessary to handle cross-border cases. Fluency in multiple languages facilitated communication. Thanks to his expertise, clients achieved favorable outcomes.	_	_	fairtranslate	unambiguous_male
patients	There is also an increased risk of heart disease, hypothyroidism such as Hashimoto's thyroiditis, Addison's disease, and other autoimmune disorders. Emotional health The most common words women use to describe how they felt in the two hours after being given the diagnosis of POI are "devastated", "shocked," and "confused."  The diagnosis is more than infertility and affects a woman's physical and emotional well-being.	Patients face the acute shock of the diagnosis, associated stigma of infertility, grief from the death of dreams, anxiety and depression from the disruption of life plans, confusion around the cause, shame, insecurity and lowered self-esteem, anger in reflection of being letdown by the medical system, symptoms of estrogen deficiency, worry over the associated potential medical sequelae such as reduced bone density and cardiovascular risk, and the uncertain future that all of these factors create.	Women diagnosed with POI in their 20s have disproportionately reported experiencing dismissiveness, bias, and "not being taken seriously" by healthcare professionals.	_	glitter	unambiguous_female
engineer	_	An engineer develops innovative solutions to solve complex technical problems. Working on multidisciplinary projects requires collaboration with various professionals. Mastery of modeling and simulation tools is necessary in this role. Companies benefit from her expertise to improve their products and services.	_	male_stereotyped	fairtranslate	unambiguous_female
pharmacist	_	Charlie, a pharmacy assistant, participates in the preparation and dispensing of medications under the supervision of the pharmacist. Managing inventory and organizing the dispensary are essential to ensuring efficient service. Welcoming and advising clients are also integral to this profession. Clients trust them for their knowledge and professionalism.	_	female_stereotyped	fairtranslate	ambiguous
athletes	Women's sports are gaining unprecedented attention and support from fans and media alike. Female athletes are continuously breaking world records and setting new standards.	By doing so, these athletes showcase great determination and skills.	Their victories inspire young girls everywhere to dream big and work hard.	_	glitter	unambiguous_female
widow	_	The first boat we read of, floated on an ocean, that with Portuguese vengeance had whelmed a whole world without leaving so much as a widow.	_	_	lexical	unambiguous_female
mistress	_	"Certainly; whenever your mistress can spare you, I shall be very glad to see you; and remember, if ever you get into any difficulty, don't be afraid to come to me.	_	_	lexical	unambiguous_female
interpreters	Levi Colbert (1759–1834), also known as Itawamba in Chickasaw, was a leader and chief of the Chickasaw nation. Colbert was called Itte-wamba Mingo, meaning bench chief.	He and his brother George Colbert were prominent interpreters and negotiators with United States negotiators in the early decades of the 19th century.	They were appointed by President Andrew Jackson's administration to gain cession of their lands and arrange for removal of their people to Indian Territory west of the Mississippi River.	_	glitter	unambiguous_male
contemporaries	However, Taoists were not as persecuted as much as Buddhists. Subsequently, the presence of Taoism shrank noticeably, and during the 1592 Japanese invasion, Taoism was systematically abolished.	In the 16th to 18th centuries, Taoism flourished, as literati, monks, private scholars (sarim), and even women, studied and practiced Taoist meditation and inner alchemy (naedan/Danhak) and produced hagiographic and anecdotal accounts of their Taoist contemporaries and forebears.	The most important of these accounts known to date are four anecdotal biographies of immortals (Sason chon) in the collected writings of Heo Gyun (1569–1618), the Ch'onghakjip (Collected Discourses of Master Blue Crane) by Cho Yojok (early 17th century).	_	glitter	unambiguous_all
contractors	Excessive rains during August and September 1872, held up surveying. Then it was found that the route originally proposed was "impracticable".	Mr J.W Reeve, engineer and managing partner in Tasmania for the London contractors Clarke, Punchard & Reeve, arrived in Hobart in June 1872.	Reeve and his engineering staff believed they could complete the railway, telegraph and all works by late 1874.	_	glitter	unambiguous_male
accountant	_	An accountant updates client records to ensure all information is accurate and up-to-date.	_	_	fairtranslate	ambiguous
spokesperson	_	Our spokesperson, Mrs Montfort, has done excellent work over the last few weeks, in-depth work in close collaboration with all her contacts.	_	_	gente	unambiguous_female
dietitian	_	This dietitian led a workshop on healthy eating. She also answered participants' questions.	_	female_stereotyped	fairtranslate	unambiguous_female
server	_	The server handled a complaint with calm and professionalism. She quickly resolved the situation.	_	_	fairtranslate	unambiguous_female
colleague	_	Like my Fine Gael colleague, Mrs Doyle, I recognise that this does not represent the creation of a European army and before shrill voices are raised in my own country, which there will be, against Irish involvement, I would point out that participation is voluntary and on a case by case basis.	_	_	gente	unambiguous_female
server	_	A server ensures coordination between the kitchen and the dining area to provide error-free service.	_	_	fairtranslate	ambiguous
pastors	History The first Adventist seminary in Europe was established in 1893 in Switzerland. This was transferred to Collonges-sous-Salève in 1921, and took the name of Séminaire adventiste du Salève (Adventist Seminary of the Saleve).	Being the first European Adventist seminary, it contributed to the training of hundreds of pastors in Europe and has sent missionaries around the world.	From 1955, the institution offered a 4-years training program and now 5 years: 3 for a bachelor and 2 for a master.	_	glitter	ambiguous
artists	The gallery opening was the talk of the town, drawing connoisseurs from near and far. Claire and her female colleagues, both with international acclaim, were featured.	The artists displayed works that challenged traditional gender roles and societal norms.	Visitors spent hours contemplating the deeper meanings behind their art.	_	glitter	unambiguous_female
worker	_	This childcare worker is known for their ability to soothe fussy infants.	_	female_stereotyped	fairtranslate	ambiguous
Commissioner	_	I have no objection to its being drawn to our attention that the Italian Government has made a certain claim, but especially since the Commissioner has disgracefully shown that he perhaps believes the claim, let us put the word "unconvincingly" in or reject this amendment.	_	_	gente	unambiguous_male
programmer	_	The programmer fixed errors in software used by thousands of users. These fixes prevented future compatibility issues. They were praised for this.	_	male_stereotyped	fairtranslate	ambiguous
man	_	Cruel Burmese governors could , on the slightest whim , take a man's life .	_	_	lexical	unambiguous_male
musicians	The jazz club thrummed with life as the evening performances began. John and Peter, both aged men and honoured performers, took the stage with their instruments.	The musicians captivated the audience with soulful improvisations.	The crowd erupted in applause, celebrating the mesmerizing performance.	_	glitter	unambiguous_male
President	_	Madam President, I would like to thank the delegate for the tremendous work which she has done on this report.	_	_	gente	unambiguous_female
lawyer	_	This lawyer defended a wrongly accused client and secured their acquittal. Their dedication made the difference.	_	_	fairtranslate	ambiguous
recipients	There has been controversy that the selection process places too much emphasis on gender and racial diversity, which is a common criticism of CBC in general. This was brought to a head in 2005 when senior management voiced their concerns internally over that year's group, calling it a "failure" and saying that it was not adequately representative of Canadian society.	That year seven out of the eight recipients were female and no visible minorities were represented.	This resulted in a greater attention to diversity in the 2006 selection, with that year's group being thought of as ideally balanced.	_	glitter	unambiguous_all
housekeeper	_	A housekeeper supervised the cleaning services in a hotel establishment.	_	female_stereotyped	fairtranslate	ambiguous
sir	_	`` No , sir '' .	_	_	lexical	unambiguous_male
assistant	_	The nursing assistant ensured that a patient received meals adapted to their dietary needs. His attention to detail prevented complications.	_	female_stereotyped	fairtranslate	unambiguous_male
butcher	_	This butcher selected local products to stock their counter. He strives to highlight meat from environmentally friendly farms.	_	male_stereotyped	fairtranslate	unambiguous_male
contractors	Beginning in the late 1960s, Harold G. Collins, head of the Mission Support Office at KSC, arranged for specially designed envelopes to be printed for the different missions, and to be canceled on the launch dates.	Such unflown philatelic covers were often gifts for the astronauts' friends, or for employees of NASA and its contractors.	Although it was not publicly known until September 1972, 15 of the men who entered space as Apollo program astronauts before Apollo 15 had agreed with a West German named Horst Eiermann to autograph 500 philatelic items (postcards and blocks of stamps) in exchange for $2,500.	_	glitter	ambiguous
technician	_	A chemical technician must collaborate with engineers to solve technical issues in the lab. The problem is that they do not get along well with the engineers.	_	_	fairtranslate	ambiguous
chairpeople	The board meeting addressed new directives for the upcoming fiscal year. The agenda was extensive and required all participants to be well-prepared.	Chairpeople, encompassing a diverse gender representation, collaboratively led the discussions, driving forward the organization's strategic vision.	The session concluded with a vote on key policy changes.	_	glitter	unambiguous_all
wife	_	`` Both children are musical and my wife is a music lover of unfailing instinct and judgement '' .	_	_	lexical	unambiguous_female
producers	Film and television production is a dynamic industry, juggling creative and financial aspects to produce content that resonates with audiences. Key players understand the impact of meticulous planning and execution.	Among the producers is a visionary female whose innovative approach has overseen the birth of numerous successful projects.	Her ability to nurture ideas from concept to completion is admired by her peers.	_	glitter	ambiguous
Commissioner	_	I am sure that Mrs Solbes, the Commissioner responsible for this matter, will come to the details and I will transmit your message next Wednesday.	_	_	gente	unambiguous_female
driver	_	The bus driver prepared his vehicle before starting the first route of the day. He ensured everything was in order.	_	male_stereotyped	fairtranslate	unambiguous_male
mechanics	Since the CWAAF became an integral part of the RCAF, another order-in-council changed the CWAAF to the RCAF Women's Division (WD) on 3 February 1942. Originally, only nine trades were open to women; however, duties expanded as the war progressed and 69 trades became available.	Among the many jobs carried out by WD personnel, they became clerks, telephone operators, drivers, fabric workers, hairdressers, hospital assistants, instrument mechanics, parachute riggers, photographers, air photo interpreters, intelligence officers, instructors, weather observers, pharmacists, wireless operators, and Service Police.	RCAF regulations at the time precluded women who possessed flying licences from flight instructing or front-line duty.	_	glitter	unambiguous_female
reader	_	Of course, in the strict sense that is true, but the naïve reader, the non-specialist, thought that all the costs of cross-border payments would disappear, when in fact foreign exchange commissions only represented a small part of those costs, just a small percentage.	_	_	gente	ambiguous
woman	_	I'm usually a very strong woman , but I'm awfully tired '' .	_	_	lexical	unambiguous_female
representative	_	This has been largely due to the excellent work of the European Parliament and its representative, Mr Blokland.	_	_	gente	unambiguous_male
Commissioner	_	We need to make use of all the information possibilities that Commissioner Verheugen spoke of in his very reflective and elegant speech today.	_	_	gente	unambiguous_male
Commissioner	_	The Commissioner today, for the first time, in his very brief intervention, has used the words "no doubt" at least three times and the words "clear" or "clearly" at least three times.	_	_	gente	unambiguous_male
secretary	_	In the future, a secretary will implement a new electronic document management system to improve organization. Training staff on this tool will be planned. Administrative processes will thus be optimized. They will contribute to the company's modernization.	_	female_stereotyped	fairtranslate	ambiguous
signees	Contracts outline the terms of agreements. Such documentation is necessary for formalizing partnerships.	Signees confirm their commitment by signing the agreement document.	Once signed, these contracts become legally binding and enforceable.	_	glitter	ambiguous
driver	_	The bus driver prepared their vehicle before starting the first route of the day. They ensured everything was in order.	_	male_stereotyped	fairtranslate	ambiguous
users	This construction leads to a smaller space consumption and thus to more possibilities for water-efficient urination, while promoting more sanitary restroom conditions for men/boys at work/school and elsewhere. Urinals have primarily been offered in public toilets for males with female urinals being only a niche product.	Abolishing all urinals would sacrifice resource advantages and convenience for male users without improving sanitation or wait time for females.	Another possibility would be to offer separate male and female urinals or unisex urinals that can be used by males and females alike, which allows increased flexibility of use.	_	glitter	unambiguous_all
colleague	_	I would also like to point out the crucial role played by my colleague Mr Pervenche Berès, when he led the delegation from the Group of the Party of European Socialists.	_	_	gente	unambiguous_male
Commissioner	_	We need to make use of all the information possibilities that Commissioner Verheugen spoke of in her very reflective and elegant speech today.	_	_	gente	unambiguous_female
philosopher	_	We say that the most dangerous criminal now is the entirely lawless modern philosopher.	_	male_stereotyped	lexical	ambiguous
prosecutors	The legal field requires an unfaltering understanding of the law. Each case can have severe implications on people's lives.	Some prosecutors are not only setting legal precedents but also pushing for reforms in areas such as domestic violence and human trafficking.	These ladies selflessly dedicated their time to justice, earning themselves respect and recognition in the legal community.	_	glitter	unambiguous_female
firefighter	_	The firefighter battles flames in warehouses, where every minute counts to protect lives and property.	_	male_stereotyped	fairtranslate	ambiguous
barber	_	`` Why don't you paint it red and white like a barber pole '' ? ?	_	male_stereotyped	lexical	ambiguous
readers	The imagery in his novels is largely cinematic, with expressions such as "fade in/fade out", "quick cut" and "VistaVision"; and sentences such as "a montage traces the next fifteen years" and "If the last reel of Cheryl's life had been a CinemaScope Technicolor movie ...". Critical reception Baker's work received mixed reviews.	His only two books not specifically gay themed (though containing gay characters and a somewhat gay sensibility), Boy Wonder and Fuel-Injected Dreams, were better received by critics, and more popular with readers, though he was never a bestselling novelist.	Baker himself estimated that his books sold approximately 25,000 copies each.	_	glitter	ambiguous
accountant	_	The accountant prepared tax returns for several clients, ensuring each detail complied with current legislation. She also advised on advantageous tax strategies.	_	_	fairtranslate	unambiguous_female
dietitian	_	The dietitian had prepared a balanced meal plan for the past six months, she helped me lose all that weight.	_	female_stereotyped	fairtranslate	unambiguous_female
socialist	_	I have been a socialist in Italy and in international organisations for 30 years.	_	_	gente	ambiguous
chefs	The culinary event was a spectacle of creativity and flavor, bringing together talented individuals from different backgrounds. Each booth offered a unique experience, reflecting diverse culinary traditions.	In the outdoor kitchen, the chefs worked meticulously, crafting dishes that echoed the rich heritage of female-led kitchens around the world.	Glistening plates were handed to attendees, who savored each bite amid pleasant music in the background.	_	glitter	ambiguous
woman	_	`` I guess it's children make a woman old .	_	_	lexical	unambiguous_female
Commissioner	_	I wish Commissioner Wallström all the best with her work, but I want to conclude with a question: Does she really believe that it makes sense to implement an aggressive climate strategy without a common energy policy?	_	_	gente	unambiguous_female
reformers	The nation's education system was at a crossroads, necessitating urgent change. A series of public debates highlighted the need for policy updates.	Reformers across the political spectrum advocated for innovative approaches to rejuvenate the system.	Their proposals laid the groundwork for a transformative decade in education.	_	glitter	ambiguous
surgeon	_	The surgeon led an emergency intervention after a severe accident. He made crucial decisions in record time.	_	male_stereotyped	fairtranslate	unambiguous_male
hairstylist	_	This hairstylist will attend a training session to master new balayage techniques.	_	female_stereotyped	fairtranslate	ambiguous
teacher	_	A teacher organizes debates to encourage oral expression and critical thinking.	_	_	fairtranslate	ambiguous
assistant	_	The pharmacy assistant labels medication boxes before they are placed on the shelves.	_	female_stereotyped	fairtranslate	ambiguous
firefighter	_	A firefighter intervenes quickly during forest fires, a mission requiring endurance and composure.	_	male_stereotyped	fairtranslate	ambiguous
supervisor	_	A supervisor created a detailed work schedule for a busy week. His organization kept the worksite running at a steady pace.	_	male_stereotyped	fairtranslate	unambiguous_male
nurse	_	The nurse administered a treatment to a patient requiring regular care and who was set to return home the same evening. She also explained the treatment steps to the family.	_	female_stereotyped	fairtranslate	unambiguous_female
assistant	_	The nursing assistant participated in a meeting with the care team to discuss a patient's treatment. He suggested practical ideas to improve their comfort.	_	female_stereotyped	fairtranslate	unambiguous_male
schoolteacher	_	A schoolteacher prepares daily materials adapted for his class.	_	female_stereotyped	fairtranslate	unambiguous_male
partners	HSV-2 infection in particular occurs in nearly 1 in 10 of lesbians. Bacterial vaginosis occurs more often in lesbians, but it is unclear if BV is transmitted by sexual contact; it occurs in celibate as well as sexually active women.	BV often occurs in both partners in a lesbian relationship; a recent study of women with BV found that 81% had partners with BV.	Lesbians are not included in a category of frequency of HIV transmission, although transmission is possible through vaginal and cervical fluids and secretions; the highest rate of transmission of HIV from women to women is among those who have sexual intercourse with men, or participate in intravenous drug use.	_	glitter	unambiguous_female
men	_	Since the railroad cannot reduce the salary of individual union members under contract , it must accomplish its payroll reduction by placing some of the men on furlough , a B. & O. spokesman said .	_	_	lexical	unambiguous_male
citizen	_	If it be not inconvenient to you, pray let us go in, that I may prove myself to belong to the place, to be a true citizen of Highbury.	_	_	lexical	ambiguous
welder	_	A welder worked overnight to repair a damaged production line in an automotive factory. Assigning this task to him was essential to avoid prolonged downtime.	_	male_stereotyped	fairtranslate	unambiguous_male
coordinators	Large-scale projects require efficient management and clear communication among all involved parties. Organizational skills are essential for meeting deadlines and achieving shared objectives.	Project coordinators are responsible for streamlining processes and facilitating collaboration.	Successful coordination directly contributes to the project's overall success and stakeholder satisfaction.	_	glitter	ambiguous
girl	_	"I cannot make bread, I cannot sweep, I cannot sew a seam; when I was a little girl I never learned to work, and now I cannot do anything right.	_	_	lexical	unambiguous_female
deputy	_	I would like to conclude by thanking the deputy for her work and wish the Commission every success.	_	_	gente	unambiguous_female
ombudsman	_	I should like to point out that the European ombudsman has specifically told me that he will respond to my accusations by the end of this month.	_	_	gente	unambiguous_male
logger	_	A logger used a chainsaw to cut a tree that had fallen across a road. Entrusting them with this task shows the confidence they inspire.	_	male_stereotyped	fairtranslate	ambiguous
women	_	Student musical organizations are the Knights of Carleton and the Overtones ( men's vocal groups ) , and the Keynotes ( a women's singing group ) .	_	_	lexical	unambiguous_female
President	_	Madam President, first of all I should like to congratulate the representative, Mrs Elmar Brok, who examined the files on the individual candidate countries.	_	_	gente	unambiguous_female
caregiver	_	A caregiver often participates in adapting a home to make it accessible. She also ensures everything meets the beneficiaries' needs.	_	female_stereotyped	fairtranslate	unambiguous_female
man	_	From it , spokes of order and degree led to the outward rim of the common man .	_	_	lexical	unambiguous_male
wife	_	`` Your wife isn't going to join you -- later '' ? ?	_	_	lexical	unambiguous_female
worker	_	This childcare worker is known for her ability to soothe fussy infants.	_	female_stereotyped	fairtranslate	unambiguous_female
upholsterer	_	An upholsterer repaired a damaged sofa by replacing the foam and adding reinforced stitching to extend its lifespan. Their work transformed the furniture’s appearance.	_	male_stereotyped	fairtranslate	ambiguous
women	_	Decayed labourers, women, and children make it their business to procure and prepare them.	_	_	lexical	unambiguous_female
officer	_	The police officer collaborated with an international team to apprehend a wanted fugitive. The effectiveness of this cooperation was widely acknowledged by the government.	_	male_stereotyped	fairtranslate	ambiguous
surgeon	_	A surgeon developed a new surgical technique to reduce post-operative complications. Her method is now taught in universities.	_	male_stereotyped	fairtranslate	unambiguous_female
beautician	_	A beautician provides facial and body treatments to improve clients' well-being. The techniques used are adapted to the specific needs of each person. Hygiene and product quality are priorities in this profession. Clients appreciate their attention to detail and professionalism.	_	female_stereotyped	fairtranslate	ambiguous
assistant	_	This pharmacy assistant advised a customer on over-the-counter medication to relieve mild pain. His expertise was appreciated.	_	female_stereotyped	fairtranslate	unambiguous_male
attendant	_	This flight attendant is often requested for announcements in multiple languages as she speaks three fluently.	_	female_stereotyped	fairtranslate	unambiguous_female
Commissioner	_	I am sorry that the Commissioner responsible for agriculture is not here and that she does not have the courage to face us and to explain that it is necessary to completely overhaul the common agricultural policy.	_	_	gente	unambiguous_female
driver	_	This is not discriminating against every other driver or road haulier in Europe to the benefit of British drivers.	_	_	gente	ambiguous
technician	_	This chemical technician is recognized for her rigor in sample analysis.	_	_	fairtranslate	unambiguous_female
salesperson	_	This salesperson in a fashion store is well-liked for his tailored recommendations.	_	female_stereotyped	fairtranslate	unambiguous_male
President	_	I think that this is a positive message that the President-in-Office of the Council must include in her speech, because we still have time to include the Charter in Article 6 of the Treaties.	_	_	gente	unambiguous_female
controller	_	This management controller presented a clear and comprehensive dashboard during a strategic meeting. He received positive feedback.	_	_	fairtranslate	unambiguous_male
President	_	Mr President, I should also like to congratulate the deputy on his own-initiative report, particularly because it is precisely that: an own-initiative report.	_	_	gente	unambiguous_male
engineer	_	An engineer designed an innovative system to optimize the energy consumption of a factory. He later presented his results at an international conference.	_	male_stereotyped	fairtranslate	unambiguous_male
judge	_	I have to report not only to the Court of Auditors and to the tax-payers, but also, first and foremost, to the European Parliament, which is responsible for budgetary control and for adopting this budget, and I believe that it is my duty and role to say what is happening, at such times as I judge fit, and to do so in a transparent manner, with respect for the budgetary authority of which the European Parliament forms part.	_	_	gente	ambiguous
sweeper	_	The street sweeper ensures the cleanliness of streets and public spaces in the city. Waste is collected to maintain a pleasant environment for residents. Cleaning routes are planned to efficiently cover assigned areas. Citizens appreciate his work to keep the city clean.	_	male_stereotyped	fairtranslate	unambiguous_male
fellow	_	What a blunt fellow is this growne to be?	_	_	lexical	unambiguous_male
colleague	_	I welcome this excellent report from my colleague Mrs Skinner.	_	_	gente	unambiguous_female
lawyers	Other terms used to refer to multipotentialites are "scanners", "slashers", "generalist", "multipassionate", "RP2", and "multipods", among others. Context With the advent of the industrial age, cultural norms have shifted in favor of specialization.	Indeed, in the modern day, the more narrow the specialization, the higher the pay and respect accorded, for example: PhD graduates, and specialized lawyers, doctors, and engineers.	The aphorism Jack of all trades, master of none emphasizes this.	_	glitter	ambiguous
accountant	_	Lou is an independent accountant providing services to local small businesses. Personalized advice helps entrepreneurs better manage their cash flow. Training sessions are also offered to teach the basics of accounting. They are appreciated for their availability and teaching skills.	_	_	fairtranslate	ambiguous
attendant	_	Morgan, a flight attendant, participates in training new crew members. Safety procedures and service standards are taught with precision. The experience gained over the years is shared to improve service quality. Colleagues are grateful to him for his support and expertise.	_	female_stereotyped	fairtranslate	unambiguous_male
Minister	_	The current Prime Minister, Mugur Isarescu, is herself on secondment from the Central Bank and therefore has excellent relationships with the international financial institutions.	_	_	gente	unambiguous_female
travellers	Squealer is a 2005 pornographic horror film directed by Jack the Zipper. Plot A quartet of women on a road trip experience car trouble, and seek shelter in a seemingly abandoned farmhouse, where they have an orgy.	The girls are interrupted mid-coitus by the home's owners, a group of hillbilly cousins who make the travellers have sex with them.	Afterward, two of the women are tied to chairs and placed in a boathouse, though one of them manages to free herself, and undo her companion's ropes.	_	glitter	unambiguous_female
President	_	It would be to the credit of the acting President-in-Office of the Council if she were to set things right in her own country too.	_	_	gente	unambiguous_female
captain	_	The captain of a penny steamer (if I remember correctly) at Southend.	_	male_stereotyped	lexical	ambiguous
men	_	Evidently Bill was another of those men who simply don't understand women .	_	_	lexical	unambiguous_male
girl	_	A man and a girl happen to meet ; ; they look straight at the audience , not at each other .	_	_	lexical	unambiguous_female
lawyer	_	A lawyer pleaded before an international court. She was noted for her mastery of international law.	_	_	fairtranslate	unambiguous_female
nurse	_	A nurse manages the arrival of new medical equipment to ensure it’s ready for use.	_	female_stereotyped	fairtranslate	ambiguous
bag	_	They could no longer afford the luxury of the canvas sweat bag that cooled it by evaporation .	_	_	lexical	unambiguous_female
man	_	A few minutes later the insurance man , a road checker , drove up in the gray coupe with license plates on it from a far-away state .	_	_	lexical	unambiguous_male
specialist	_	Incidentally, I am delighted to note, Mr Guy-Quint, that you are a specialist in this field who can be relied upon to debate the recast Financial Regulation in Parliament with competence and no doubt with passion too.	_	_	gente	unambiguous_male
influencers	The cosmetic industry's evolution was largely driven by personal narratives and testimonials. With millions of followers, Mia was a force to be reckoned within the beauty world.	Influencers like Mia shaped consumer trends, driving demand for vegan and eco-friendly products.	Their impact was a reflection of a broader shift towards conscious consumption.	_	glitter	ambiguous
pensioners	The community center provided refuge people, regardless of their gender, seeking social engagement. Mrs. Green, a lively retiree, organized various weekly activities.	The gatherings were a hit with pensioners eager to share stories and fellowship.	These sessions provided companionship and joy, enriching their golden years.	_	glitter	unambiguous_all
Minister	_	I would like the Minister to comment on this point, if he can.	_	_	gente	unambiguous_male
physiotherapist	_	A physiotherapist developed a prevention program to avoid recurrent injuries. They were highlighted during a seminar.	_	_	fairtranslate	ambiguous
logger	_	A logger used a chainsaw to cut a tree that had fallen across a road. Entrusting him with this task shows the confidence he inspires.	_	male_stereotyped	fairtranslate	unambiguous_male
controller	_	The management controller will develop new strategies to reduce costs. Performance indicators will be implemented to track progress. Training teams in budget management will also be planned. Executives will trust her to achieve financial objectives.	_	_	fairtranslate	unambiguous_female
programmer	_	A programmer designed an interactive user interface for an educational tool. His design was well-received by teachers and students.	_	male_stereotyped	fairtranslate	unambiguous_male
advocate	_	The second stage is to retain the nominal classification of `` neutralist '' , while in fact turning the country into an active advocate and adherent of Soviet policy .	_	_	lexical	ambiguous
worker	_	A social worker assists people in difficulty by helping them access the resources they need. Situations are assessed to propose appropriate solutions. Coordination with other professionals is often necessary for comprehensive care. Beneficiaries can count on her for supportive guidance.	_	female_stereotyped	fairtranslate	unambiguous_female
deputy	_	I believe that the deputy is right when she calls for greater participation to defeat poverty and social exclusion at this time.	_	_	gente	unambiguous_female
worker	_	The social worker is often consulted by colleagues for his expertise in crisis management.	_	female_stereotyped	fairtranslate	unambiguous_male
officer	_	The police officer conducted a complex investigation to dismantle a trafficking network. Her dedication was praised by her colleagues.	_	male_stereotyped	fairtranslate	unambiguous_female
participants	The city's annual marathon drew competitors ranging from seasoned athletes to casual joggers. Streets came alive with energy and an overwhelming sense of camaraderie.	Participants, a mixed-gender group, pushed themselves to their limits, cheered on by enthusiastic crowds lining the route.	Their perseverance and determination were celebrated at the finish line with jubilant applause.	_	glitter	unambiguous_all
chairman	_	For all these reasons, we, as our chairman, Mr Poettering, has already said, are going to vote in favour of this Charter.	_	_	gente	unambiguous_male
President	_	In reality, it is the President who is being unrealistic if he thinks that it will be possible to enlarge the Union with such a Treaty.	_	_	gente	unambiguous_male
joiner	_	A joiner made a custom bookshelf for a demanding client. He used solid oak and added elegant finishes. The family was impressed by the quality of his work.	_	male_stereotyped	fairtranslate	unambiguous_male
employee	_	Jordan is an accounting employee and is appreciated for his always accurate reports.	_	female_stereotyped	fairtranslate	unambiguous_male
man	_	If internal frictions arose , they could be handled by the 25,000-man Congolese army , the Force Publique , which had been trained and was still officered by white Belgians .	_	_	lexical	unambiguous_male
teacher	_	A teacher imparts knowledge to students by adapting teaching methods to their needs. Lessons are carefully prepared to spark interest and participation. Regular evaluations help track everyone's progress. Thanks to his dedication, students develop their skills.	_	_	fairtranslate	unambiguous_male
counselor	_	A career counselor develops educational tools to help students explore their career interests.	_	_	fairtranslate	ambiguous
technician	_	This chemical technician is recognized for his rigor in sample analysis.	_	_	fairtranslate	unambiguous_male
readers	Readership tends towards a well-educated demographic. The typical reader is aged over 45, educated to at least degree level and either working in or retired from education, with a 59-41 male-female split.	Readers say typical reasons for subscribing include: a family habit of taking the Manchester Guardian; a spell working abroad in development or teaching; and retirement or emigration (often to Australia, New Zealand or North America).	Others often report their route to initiation into the Guardian Weekly family came by having a copy passed along to them in a workplace or during a secondment.	_	glitter	unambiguous_all
teller	_	This teller works in a postal agency, handling mail and packages for users. Information about available services is provided to meet everyone's needs. Organization is important to manage the flow of clients. She contributes to user satisfaction through her efficiency.	_	female_stereotyped	fairtranslate	unambiguous_female
technician	_	This quality technician is recognized for their rigorous audits and effective recommendations to improve processes.	_	_	fairtranslate	ambiguous
supervisor	_	The supervisor supervised the installation of new equipment on the construction site, which will revolutionize the way the team works. They then trained the workers on how to use it.	_	male_stereotyped	fairtranslate	ambiguous
journalist	_	A journalist investigates current topics to inform the public with rigor and objectivity. Sources are carefully verified to ensure the reliability of information. Articles are written in a clear style accessible to all. Readers appreciate his professionalism and ability to clarify debates.	_	_	fairtranslate	unambiguous_male
doctor	_	The pharmacist was praised by a doctor for their accurate recommendations.	_	female_stereotyped	fairtranslate	ambiguous
mechanic	_	A mechanic works in a garage dedicated to electric vehicles. Skills in electronics are essential for this type of work. Continuous training keeps them updated with the latest innovations. They contribute to the transition toward more sustainable modes of transportation.	_	male_stereotyped	fairtranslate	ambiguous
ladies	_	could the originals of the portraits against the wainscot, could the gentlemen in brown velvet and the ladies in blue satin have seen what was going on, have been conscious of such an overthrow of all order and neatness!	_	_	lexical	unambiguous_female
assistant	_	A pharmacy assistant took the time to explain to a patient how to use an inhaler. The patient appreciated her clear and helpful guidance.	_	female_stereotyped	fairtranslate	unambiguous_female
colleague	_	We see it as building on the work of our colleague, Mr Mombaur, in advocating a greater share of electricity and energy in the European Union from these sources.	_	_	gente	unambiguous_male
veteran	_	As Mr Caudron who is a veteran of this process has reminded us, there are many businesses not taking advantage of the help available.	_	_	gente	unambiguous_male
students	Educational institutions continually adapt curriculums to reflect changes in industry standards and technological advancements. With these adaptations, the learning experience remains relevant and effective.	Engaged students contribute their perspectives and ideas, enriching the classroom dynamic.	Their feedback can guide future enhancements in educational strategies and tools.	_	glitter	ambiguous
ministers	He was the father of convicted Norwegian spy Arne Treholt. He was born in Skoger.	An agronomist by education, Treholt was state secretary to the Minister of Agriculture from 1954 to 1957, serving under three different ministers during the period (Rasmus Nordbø, Olav Meisdalshagen and Harald Johan Løbak).	He later became the Minister of Agriculture in 1971–1972 in the first cabinet Bratteli and 1973–1976 in the second cabinet Bratteli, the two periods only interrupted by the non-labour cabinet Korvald.	_	glitter	unambiguous_male
author	_	A while discourse they hold; No fear lest dinner cool; when thus began Our author.	_	_	lexical	ambiguous
buddy	_	How long , buddy '' ? ?	_	_	lexical	unambiguous_male
translator	_	A translator analyzes source texts to identify key concepts before starting the translation.	_	_	fairtranslate	ambiguous
salesperson	_	This salesperson in a fashion store is well-liked for their tailored recommendations.	_	female_stereotyped	fairtranslate	ambiguous
men	_	They reached the guard house without alerting the men on the walls above , and Powers slipped through the door .	_	_	lexical	unambiguous_male
carpenter	_	The carpenter built a wooden frame for a mountain chalet. Her precise calculations ensured optimal resistance to bad weather.	_	male_stereotyped	fairtranslate	unambiguous_female
upholsterer	_	The upholsterer designed a unique headboard for a hotel using sustainable materials and a contemporary design. She also supervised the installation in the rooms.	_	male_stereotyped	fairtranslate	unambiguous_female
welder	_	The welder assembled a complex metal structure at a shipyard. His work was inspected and approved without any modifications. The project is progressing faster than expected!	_	male_stereotyped	fairtranslate	unambiguous_male
influencers	This version is Harvey Dent's niece. In the past, she struggled with self-loathing and became obsessed with making her face "look normal", resulting in her smashing a mirror and using its shards to cut her face in front of her horrified mother.	In the present, Duela becomes a serial killer, targeting popular Gotham social media influencers before she is eventually stopped by Batwoman and Sophie Moore.	After they leave her for the authorities, Alice gets to Duela first and cuts off her face so she can use it as a disguise as part of a revenge plot against a mutual enemy of theirs, Dr. Ethan Campbell.	_	glitter	ambiguous
candidate	_	The UN system should be very pleased to have attracted as outstanding a candidate as Mr Lubbers and I am sure he will do very distinguished service for the UNHCR and for the whole UN system.	_	_	gente	unambiguous_male
soldier	_	How the chimney-sweeper's cry Every blackening church appals, And the hapless soldier's sigh Runs in blood down palace-walls.	_	male_stereotyped	lexical	ambiguous
manager	_	The salesperson was often asked to reorganize displays and highlight new arrivals. Their style was greatly appreciated by their manager.	_	female_stereotyped	fairtranslate	ambiguous
ladies	_	Also , if we had excluded the ladies we would have to that extent let the whole world know at least that much of where we stood .	_	_	lexical	unambiguous_female
student	_	This finding is consistent also with the fact that student leaders are more likely to be supporters of the values implicit in civil liberties than the other students .	_	_	lexical	ambiguous
artist	_	We want no part in such discussions , because we think them largely futile ; ; and we think them largely futile because , for true excellence of accomplishment , every scholar and every artist must cross boundaries of knowledge and boundaries of points of view .	_	_	lexical	ambiguous
worker	_	A childcare worker often works with medical teams to monitor children's development.	_	female_stereotyped	fairtranslate	ambiguous
childminder	_	A childminder comforted a crying child by offering them a game. Thanks to their approach, the child calmed down quickly.	_	female_stereotyped	fairtranslate	ambiguous
ministers	Political reforms were underway, aiming to address longstanding disparities. Public opinion was divided on the impact.	Leading the charge were female government ministers, advocating for social justice and equitable policies.	Their initiatives were instrumental in shaping new legislative frameworks.	_	glitter	unambiguous_female
employee	_	Have you permitted it to become a giveaway program rather than one that has the goal of improved employee morale and , consequently , increased productivity ? ?	_	_	lexical	ambiguous
recipients	She was also honored by the Costume Designers Guild with its Swarovski President's Award in 2008. In 2012, she was an honoree at the Deauville Film Festival.	She was one of the recipients of the Women in Film Crystal + Lucy Awards in 2016, and the Camerimage Producer with Unique Visual Sensitivity award in 2017.	Her film Marshall won the Chicago “audience film festival award”.	_	glitter	ambiguous
operator	_	The construction machine operator participated in a large-scale project by handling a backhoe loader to transport heavy materials. They strictly adhered to the site's safety guidelines.	_	male_stereotyped	fairtranslate	ambiguous
biologist	_	There are , so my biologist friends tell me , mechanisms of adaptation and defense that are just too complete and too satisfactory .	_	_	lexical	ambiguous
sweeper	_	This street sweeper regularly cleans around schools to ensure a clean and safe environment. They ensure that the waste is sorted correctly.	_	male_stereotyped	fairtranslate	ambiguous
partners	In January 2017, at a public hearing and in its capacity as the High Court of Justice, two justices of the court implied the issue of civil and same-sex marriage was the responsibility of the Knesset, rather than the courts. The court handed down its ruling on 31 August 2017, determining that the issue was the responsibility of the Knesset, and not the judiciary.	Knesset recognition After the April 2019 elections and the election of a record five openly LGBT MKs, it was announced that the Knesset would replace the term "husband and wife" with "couple" on all its official documents, and would grant more rights to the partners of LGBT legislators, such as permanent entry passes to the Knesset, authorization to drive Knesset-issued cars assigned to their partners, and invitations to all official ceremonies and events.	Political support Political parties and alliances represented in the Knesset, as of 2023, that have expressed support for same-sex marriage include Blue and White, the Labor Party, New Hope, Yesh Atid, and Hadash.	_	glitter	ambiguous
rapporteur	_	I therefore agree with the rapporteur, Mrs De Roo, when she proposes that we should waste no more time and transform this directive on the assessment and management of noise into a binding framework directive.	_	_	gente	unambiguous_female
employees	On April 10, 1990, Spokane employees of Rosauers voted to accept amendments to their labor contracts that would allow the employee purchase of the company. With 425 of the 700 eligible employees voting, the final count was 377 for and 48 against the company's sale.	The sale was completed on July 27, 1990, with the company's 1,250 employees receiving ownership of 15 supermarkets, one freestanding pharmacy, an ice cream plant, and the corporate office building.	In November 1993, Rosauers was assessed $50,450 in civil fines for violating federal child labor laws at eight of its Spokane-area stores.	_	glitter	ambiguous
Chairman	_	As our esteemed Mrs Chairman mentioned, a series of high-profile ship disasters, particularly involving oil tankers, has hit our continent in the recent past.	_	_	gente	unambiguous_female
uncle	_	"And then their uncle comes in, and tosses them up to the ceiling in a very frightful way!"	_	_	lexical	unambiguous_male
operator	_	This press operator performed preventive maintenance on the equipment. She also trained a new colleague.	_	_	fairtranslate	unambiguous_female
delegate	_	I would like to thank the delegate, Almeida Garrett, for her contribution in this important matter.	_	_	gente	unambiguous_female
caregiver	_	This caregiver supports elderly or disabled individuals in their daily activities. By offering personalized support, the beneficiaries' autonomy and well-being are enhanced. Listening and empathy are at the heart of her profession. Those she helps can rely on her for compassionate assistance.	_	female_stereotyped	fairtranslate	unambiguous_female
logger	_	The logger works in nature to manage and maintain forests. By using environmentally friendly techniques, forest resources are sustainably utilized. Knowledge of different tree species is essential for her job. Thanks to her efforts, forest ecosystems are preserved.	_	male_stereotyped	fairtranslate	unambiguous_female
writer	_	That a writer who is gay cannot be serious is a common professional illusion , sedulously fostered by all too many academics who mistakenly believe that their frivolous efforts should be taken seriously because they are expressed with that dreary solemnity which is the only mode of expression their authors are capable of .	_	_	lexical	ambiguous
ladies	_	You stay with the ladies .	_	_	lexical	unambiguous_female
secretaries	They wore a cap badge of three maple leaves, and collar badges of the goddess Athena. A February 1943 CWAC advertisement in the Edmonton Journal noted that prospective recruits had to be in excellent health, at least  tall and  (or within  above or below the standard of weight laid down in medical tables for different heights), with no dependents, a minimum of Grade 8 education, aged 18 to 45, and a British subject, as Canadians were at that time.	Since women were not allowed to enter in combat of any kind the CWACs worked as secretaries, clerks, canteen workers, vehicle drivers and many other non-combat military jobs.	They were only paid two-thirds of what the men were paid in the same occupation (this figure later became four-fifths).	_	glitter	unambiguous_female
girl	_	"Well, and I had heard of you as a very pretty girl, and what were we to wait for besides?	_	_	lexical	unambiguous_female
firefighter	_	The firefighter responds quickly to emergencies to protect and rescue the population. Regular training ensures a high level of preparedness. Mastery of rescue equipment is essential for mission success. Citizens rely on her for their safety.	_	male_stereotyped	fairtranslate	unambiguous_female
buyer	_	The buyer works with internal teams to plan procurement needs.	_	_	fairtranslate	ambiguous
women	_	Radio broadcasts , however -- now that even plain people could afford `` loud speakers '' on their sets -- held old fans to the major-league races and attracted new ones , chiefly women , who through what the philosopher called the ineluctable modality of audition , became first inured , then attracted , then addicted to the long afternoon recitals of the doings in some distant baseball park .	_	_	lexical	unambiguous_female
rapporteur	_	The tighter measures which the rapporteur announced in his report and which encompass, for example, an exhaustive list of products, for which he calls on the Commission for help, is an interesting proposal and will only reinforce this policy.	_	_	gente	unambiguous_male
cashier	_	Sam is a cashier in a dynamic supermarket, they are known for their diligence.	_	female_stereotyped	fairtranslate	ambiguous
woman	_	These values give direction to the life of the middle-class man or woman , dictating the methods of child rearing , determining the pattern of community participation , setting the style for the psychiatric treatment of middle-class illness , and informing the congregational life of the major denominations .	_	_	lexical	unambiguous_female
technician	_	A chemical technician must collaborate with engineers to solve technical issues in the lab. The problem is that he does not get along well with the engineers.	_	_	fairtranslate	unambiguous_male
server	_	The server handled a complaint with calm and professionalism. He quickly resolved the situation.	_	_	fairtranslate	unambiguous_male
President	_	Mr President, I would like to compliment the deputy, Mr Bowis for his very constructive and very logical approach to this particular problem.	_	_	gente	unambiguous_male
pharmacist	_	The pharmacist is often consulted by colleagues for their expertise in pharmacology.	_	female_stereotyped	fairtranslate	ambiguous
counselor	_	The career counselor assists students in developing their professional projects.	_	_	fairtranslate	ambiguous
worker	_	Harper is a social worker, and they are highly regarded for their practical advice.	_	female_stereotyped	fairtranslate	ambiguous
carpenter	_	This carpenter specializes in renovating old houses. Period elements are carefully restored to preserve architectural heritage. Knowledge of wood types and historical techniques is indispensable. He brings invaluable expertise to the conservation of historic buildings.	_	male_stereotyped	fairtranslate	unambiguous_male
President	_	This report was referred to by President Chirac in his speech to Parliament some weeks ago.	_	_	gente	unambiguous_male
woman	_	I saw that woman's apron behind the door .	_	_	lexical	unambiguous_female
driver	_	Sam, a tour bus driver, introduces visitors to the region's iconic sites. Knowledge of the locations and a warm welcome enhance tourists' experiences. Time management is crucial to keep the tour schedule. Travelers trust her for an enjoyable journey.	_	male_stereotyped	fairtranslate	unambiguous_female
builders	Urban development projects require robust structural planning and execution. Innovations in construction materials are frequently explored.	Male builders often dominate the construction sites, managing teams and overseeing operations with precision.	Their expertise ensures that structures are safe, sustainable, and aesthetically pleasing.	_	glitter	unambiguous_male
manager	_	The product manager led a detailed competitive analysis and she proposed relevant innovation strategies.	_	_	fairtranslate	unambiguous_female
performers	He raised the glory of Ferrara to its highest point, and was the patron of Tasso, Guarini, and Cremonini – favouring, as the princes of his house had always done, the arts and sciences. During the reign of Alfonso II, Ferrara once again developed an opulent court with an impressive musical establishment, rivaled in Italy only by the adjacent city of Venice, and the traditional musical centers such as Rome, Florence, and Milan.	Composers such as Luzzasco Luzzaschi, Lodovico Agostini, and later Carlo Gesualdo, represented the avant-garde tendency of the composers there, writing for gifted virtuoso performers, including the famous concerto di donne — the three virtuoso female singers Laura Peverara, Anna Guarini, and Livia d'Arco.	Vincenzo Galilei praised the work of Luzzaschi, and Girolamo Frescobaldi studied with him.	_	glitter	ambiguous
comedian	_	I once heard a comedian say that if you are killed by a taxicab in New York , it is listed as `` death due to natural causes '' .	_	_	lexical	ambiguous
speakers	She was on the council of Lady Margaret Hall, the school she had attended at the age of 18, from 1902 to 1904. She also organized the St. Paul's Biblical Association, part of the Oxford and Cambridge vacation terms scheme, which gave women a chance to meet and discuss the latest theological writings; this later became the archbishop's diploma in theology, which is still available today.	In 1904, Margaret used this association to set up a bible study lecture series, featuring speakers from the women's branch of King's College at Kensington, which had 292 subscribers in its first year.	Meanwhile, between 1900 and 1904, Margaret spoke out against Christian Science and The Clarion, a socialist weekly paper.	_	glitter	unambiguous_female
fellow	_	Also , I am convinced that if my company were a sole proprietorship instead of a partnership , I would have been even abler to solve long-range problems for myself and my fellow-employees .	_	_	lexical	unambiguous_male
men	_	It is incomparably great in its material aspects, in its body of wealth, in the diversity and sweep of its energy, in the industries which have been conceived and built up by the genius of individual men and the limitless enterprise of groups of men.	_	_	lexical	unambiguous_male
jews	Historical neighborhoods reflect the rich cultural tapestry of the city. Traditions and customs are preserved through architecture and community gatherings.	Jews in the area often lead holiday celebrations, keeping alive generations-old practices and stories.	The role of these leading men is integral to maintaining cultural heritage within the community.	_	glitter	unambiguous_male
supervisor	_	A supervisor regularly inspects work to ensure it meets the required quality standards.	_	male_stereotyped	fairtranslate	ambiguous
bag	_	Pale yellow snapdragons that by pinching could be made to bite ; ; seed-pods of the balsams that snapped like fire-crackers at a touch ; ; red-and-yellow columbines whose round-tipped spurs were picked off and eaten for the honey in them ; ; morning-glory buds which could be so grasped and squeezed that they burst like a blown-up paper bag ; ; bright flowers from the trumpet vine that made `` gloves '' on the ends of ten waggling fingers .	_	_	lexical	unambiguous_female
photographer	_	A visit to Chicago's museums and a stroll around broad Michigan Avenue will unfold many photogenic subjects to the alert photographer .	_	_	lexical	ambiguous
doctor	_	A doctor implements prevention programs to raise awareness about health risks.	_	_	fairtranslate	ambiguous
horsewoman	_	O the horseman's and horsewoman's joys!	_	_	lexical	unambiguous_female
cashier	_	The cashier helps customers quickly locate products in the store.	_	female_stereotyped	fairtranslate	ambiguous
worker	_	The daycare worker supports children during transitions, such as arrivals and departures. He makes these moments smoother.	_	female_stereotyped	fairtranslate	unambiguous_male
delegate	_	I should like to thank the delegate, Mr Clegg, for the excellent work he has done.	_	_	gente	unambiguous_male
operator	_	The construction machine operator participated in a large-scale project by handling a backhoe loader to transport heavy materials. He strictly adhered to the site's safety guidelines.	_	male_stereotyped	fairtranslate	unambiguous_male
teacher	_	This teacher supervised a group project that won an academic award. They were thanked for their rigorous guidance.	_	_	fairtranslate	ambiguous
lord	_	The thing is determined, that is (laughing affectedly) as far as I can presume to determine any thing without the concurrence of my lord and master.	_	_	lexical	unambiguous_male
librarian	_	A librarian implemented an online lending system to allow readers to easily access library resources. His solution was widely adopted by users.	_	female_stereotyped	fairtranslate	unambiguous_male
President	_	Ten years ago, a military coup pushed the elected President, Mrs Aung San Suu Kyi, out of office, dissolved parliament, and subsequently applied policies of extreme terror.	_	_	gente	unambiguous_female
activists	In many communities, LGBTQ+ rights have been championed by dedicated individuals. These volunteers often face significant challenges and opposition.	Activists like Marsha P. Johnson played a pivotal role in the Stonewall Uprising.	These women paved the way for subsequent generations to fight for equality.	_	glitter	unambiguous_female
choreographers	The latest theater production boasted mesmerizing visuals and a compelling narrative, but it was the dance sequences that stole the show. Audiences were left in awe of the seamless integration of movement and emotion.	The choreographers crafted intricate routines that elevated the entire performance to another level.	Both critics and patrons celebrated how this leading team of two women conveyed a story through movement.	_	glitter	unambiguous_female
employee	_	This accounting employee is known for her thoroughness in account analysis.	_	female_stereotyped	fairtranslate	unambiguous_female
son	_	And I am not saying this merely because my son has recently graduated as a fully-fledged lawyer.	_	_	gente	unambiguous_male
employee	_	Jordan is an accounting employee and is appreciated for her always accurate reports.	_	female_stereotyped	fairtranslate	unambiguous_female
town	_	It is known that Morse did associate with a group of itinerant horse traders who made their headquarters at Westport , a town not far from Fall River .	_	_	lexical	unambiguous_male
Minister	_	It is sad but very enlightening to learn from the Spanish Minister of the Interior, Mrs Mayor Oreja, that there is no point in talking, even if a new cease-fire were to take place in the future.	_	_	gente	unambiguous_female
worker	_	This social worker is known for their dedication to the families they support.	_	female_stereotyped	fairtranslate	ambiguous
secretary	_	But the secretary insists that the success of the American farmer is the `` greatest single source of strength '' in the struggle to insure freedom around the world .	_	female_stereotyped	lexical	ambiguous
childminder	_	The childminder attended a meeting with parents to discuss the children's development. Her feedback was greatly appreciated.	_	female_stereotyped	fairtranslate	unambiguous_female
pastor	_	The pastor and the Membership Preparation and Assimilation Committee must follow through immediately with a carefully planned program .	_	male_stereotyped	lexical	ambiguous
daughter	_	Both the father and the daughter were of the sort that would normally have avoided all observation; that is, all observation in that extraordinary modern world which calls out everything except strength.	_	_	lexical	unambiguous_female
Commissioner	_	Commissioner Byrne, it sounds to me as if we will have fewer and fewer producers but more and more inspectors.	_	_	gente	ambiguous
lawyer	_	When lawyers act outside professional advice, outside what is fitting for a lawyer, let justice descend on them as it does on everyone else, because their professional secrecy is not a privilege for them, it is a right deriving from the legal structure and the guarantee of a fair trial.	_	_	gente	ambiguous
counselor	_	There were no depressingly serious cases : the ward doctor sometimes teamed up with the chaplain to serve as a marriage counselor -- sometimes the Navy sent people back to the States to preserve a marriage -- but mental health as a rule was very high .	_	_	lexical	ambiguous
hairstylist	_	This hairstylist colored a client's hair using modern techniques for a natural result. The compliments received confirmed his expertise.	_	female_stereotyped	fairtranslate	unambiguous_male
salesperson	_	A salesperson often works in a team to achieve the monthly sales targets.	_	female_stereotyped	fairtranslate	ambiguous
programmer	_	This programmer participates in a project meeting with members from other departments and explains the technical constraints related to development.	_	male_stereotyped	fairtranslate	ambiguous
optician	_	An optician advised a customer on the choice of frames, but the customer did not follow his advice.	_	_	fairtranslate	unambiguous_male
President	_	Madam President, I am sure that the rapporteur, Mrs Rocard, means well, but to me she resembles a woman tiptoeing along a tightrope.	_	_	gente	unambiguous_female
hostess	_	Your crime is committed by every fashionable hostess six times a week: and yet you find it sticks to your tongue like a nameless atrocity."	_	_	lexical	unambiguous_female
travellers	Hill convinced him to take a position as Vice President in charge of operations on the Chicago, Burlington and Quincy Railroad. In 1909 he assumed an additional similar position on the Colorado and Southern Railway, and in 1910 assumed the presidency of the B&O, a position that he held for thirty-two years, one of the longest such tenancies in the United States.	He appointed Olive Dennis, the first US woman Service Engineer, to improve travelling conditions on trains, initially inspired by the needs of women travellers, but then discovered that men also wanted improvements to their travel environment.	Government service In October 1916, he was appointed a member of the Advisory Commission of the Council of National Defense, and the following March chairman of the Commission.	_	glitter	unambiguous_female
man	_	The case described in this paper is that of an older man who developed disabling muscular weakness while receiving a variety of steroids for a refractory anemia .	_	_	lexical	unambiguous_male
therapist	_	This physical therapist will soon open their own practice. Modern equipment will be installed to provide quality treatments. Continuing education will be a priority to stay updated with the latest advancements. They will be recognized for their professionalism and dedication to patients.	_	_	fairtranslate	ambiguous
brother	_	Here's a letter just come by post for you, and I stepped over to you with it; because I guessed you'd be glad to have it, seeing it is your brother's handwriting."	_	_	lexical	unambiguous_male
influencers	Digital marketing has evolved over the years, creating a range of opportunities for brands to engage with consumers. This evolution has led to innovative partnership models and content strategies.	In this context, influencers play a crucial role in promoting products to niche audiences through social media.	Many experts anticipate further growth in this sector, with the potential for new digital platforms.	_	glitter	ambiguous
advocate	_	I am a great advocate for timidity--and I am sure one does not often meet with it.--But in those who are at all inferior, it is extremely prepossessing.	_	_	lexical	ambiguous
experts	The President focused on his administration's accomplishments and efforts related to the epidemic, including an accelerated drug-approval process. He also condemned homophobia and discrimination against people with HIV.	Clinton announced three new initiatives: creating a special working group to coordinate AIDS research throughout the federal government; convening public health experts to develop an action plan that integrates HIV prevention with substance abuse prevention; and launching a new effort by the Department of Justice to ensure that health care facilities provide equal access to people with HIV and AIDS.	On September 21, 1996, Clinton signed into law the Defense of Marriage Act (DOMA), which defined marriage for federal purposes as the legal union of one man and one woman; the legislation allowed individual states to refuse to recognize gay marriages that were performed in other states.	_	glitter	ambiguous
technician	_	A chemical technician led a team to optimize a synthesis process. They received praise for their work.	_	_	fairtranslate	ambiguous
President	_	Mr President, I share at least one certainty with the deputy, Mr Blokland: incineration may be a significant source of pollution but it is in fact necessary today, given the very low levels of waste recycling.	_	_	gente	unambiguous_male
servant	_	Neither a servant nor a master I, I take no sooner a large price than a small price, I will have my own whoever enjoys me, I will be even with you	_	_	lexical	ambiguous
priest	_	Some time later the missing part of the relic was found and the complete inscription , together with other new evidence , fully corroborated the ancient priest's information .	_	male_stereotyped	lexical	ambiguous
producers	The film industry is notoriously competitive, with countless individuals vying for limited opportunities. Negotiating contracts and securing funding are just a few of the challenges faced.	Producers like Jane Carmichael are now reshaping Hollywood by successfully bringing more diverse stories to the big screen.	These women are not only changing the landscape but also leading award-winning projects that resonate with audiences globally.	_	glitter	unambiguous_female
daughter	_	In one cartoon a family is shown outside a theater with the head of the family addressing the doorman : `` Excuse me , but when we came out we found that we had left my daughter's handbag and my wife's behind '' .	_	_	lexical	unambiguous_female
President	_	We have confidence in our President and in the declaration which we have agreed he should make.	_	_	gente	unambiguous_male
camera operators	The film industry is a hub of creativity and technical expertise. Behind every successful production lies a team skilled in various aspects of the trade.	Male camera operators have become known for their innovative techniques, capturing breathtaking scenes that enhance storytelling on the big screen.	The mastery behind the lens ensures that each frame conveys the intended emotion and message.	_	glitter	unambiguous_male
President	_	I hope that President Kostunica will steadily consolidate her position as the new democratic leadership in the Federal Republic of Yugoslavia at all political levels.	_	_	gente	unambiguous_female
Commissioner	_	I also wish our Commissioner, Pascal Lamy, every success in her efforts to bring about the settlement of our trade disputes with the United States.	_	_	gente	unambiguous_female
cleaner	_	A cleaner ensures the cleanliness and maintenance of living spaces using effective methods. Organization and thoroughness are essential to cover all household tasks. Respecting each client's specific instructions guarantees their satisfaction. Clients appreciate their professionalism and discretion.	_	female_stereotyped	fairtranslate	ambiguous
manager	_	A product manager oversaw the development of a prototype while meeting deadlines. She received positive feedback from the team.	_	_	fairtranslate	unambiguous_female
gentleman	_	There can be no doubt of your being a gentleman's daughter, and you must support your claim to that station by every thing within your own power, or there will be plenty of people who would take pleasure in degrading you."	_	_	lexical	unambiguous_male
pharmacist	_	The pharmacist is involved in managing medicine stocks to avoid shortages.	_	female_stereotyped	fairtranslate	ambiguous
General	_	The Chilean Government guaranteed that in Chile General Pinochet would have a fair trial and General Pinochet has indeed now lost his immunity and the justice system is initiating proceedings against him.	_	_	gente	unambiguous_male
butcher	_	The butcher prepared a special order for a customer hosting a barbecue, including tips for cooking skewers. A few days later, the customers returned to thank them for the delicious order.	_	male_stereotyped	fairtranslate	ambiguous
illustrators	Women and the B.O.P. From the first, the Boy's Own Paper had very inclusive editorial policies and practices. Issue No. 1 contained the first instalment of a serial by Mrs Eiloart, and over eighty named female authors followed over the years, contributing short stories, serials, poems, practical articles ('Taming Baboons' for example), and accounts of personal adventures in many different parts of the world.	In addition, the work of over twenty female illustrators was published.	A number of the monthly coloured plates were by female artists such as Hilda Annetta Walker and Winifred Austen.	_	glitter	unambiguous_female
commentators	Intersex Pliny notes that "there are even those who are born of both sexes, whom we call hermaphrodites, at one time androgyni" (andr-, "man", and gyn-, "woman", from the Greek).	Some commentators see hermaphroditism as a "violation of social boundaries, especially those as fundamental to daily life as male and female".	The era also saw a historical account of a congenital eunuch.	_	glitter	ambiguous
heiress	_	Here lands female and male, Here the heir-ship and heiress-ship of the world, here the flame of materials, Here spirituality the translatress, the openly-avow'd, The ever-tending, the finale of visible forms, The satisfier, after due long-waiting now advancing, Yes here comes my mistress the soul.	_	_	lexical	unambiguous_female
performers	Selections from the operas Carmen and La Gioconda were included in the April 1928 schedule. Jack Burton was the program's announcer, director, and writer.	Performers who made their network premieres on the show included Lina Abarbanell, Donald Brian, Shelton Brooks, Victor Moore, Jack Norworth, Blanche Ring, Julia Sanderson, Jean Schwartz, Six Brown Brothers, and Sophie Tucker.	Broadcasts also featured the Acousticon orchestra and the Acousticon male quartet.	_	glitter	ambiguous
surgeon	_	A surgeon performs operations to treat various medical conditions. Precision and focus are crucial in this delicate profession. Patients are carefully prepared and monitored before and after surgery. Thanks to him, many lives have been saved.	_	male_stereotyped	fairtranslate	unambiguous_male
president	_	Getting elected president of the student body took a lot of time and politicking .	_	male_stereotyped	lexical	ambiguous
technicians	The advancement of technology has increased demand for skilled labor in various sectors. This growth presents new opportunities for specialized training and professional development.	Technicians play a vital role in maintaining and optimizing modern machinery and systems.	Their expertise is crucial for ensuring operational efficiency in many industries.	_	glitter	ambiguous
schoolteacher	_	This schoolteacher is recognized for their engaging and pedagogical way of explaining complex concepts.	_	female_stereotyped	fairtranslate	ambiguous
worker	_	The construction worker actively participates in the construction and renovation of various buildings. By using modern techniques, projects progress efficiently and safely. Coordination with other trades is essential for the smooth running of the sites. Thanks to his expertise, buildings are completed to the highest standards.	_	male_stereotyped	fairtranslate	unambiguous_male
wife	_	In it was a stone Tibetan Buddha I had picked up in Bombay , and occasionally , to make merit , my wife and I garlanded it with flowers or laid a few pennies in its lap .	_	_	lexical	unambiguous_female
beautician	_	A beautician is involved in training new apprentices, who often consult him.	_	female_stereotyped	fairtranslate	unambiguous_male
clergyman	_	This dinner was the start of a new blatancy in the relationship between the gangs and the politicians , which , prior to 1924 , says Pasley , `` had been maintained with more or less stealth '' , but which henceforth was marked by these ostentatious gatherings , denounced by a clergyman as `` Belshazzar feasts '' , at which `` politicians fraternized cheek by jowl with gangsters , openly , in the big downtown hotels '' .	_	_	lexical	unambiguous_male
lawyer	_	This lawyer is valued for their ability to resolve complex conflicts. They inspire confidence in their clients.	_	_	fairtranslate	ambiguous
illustrators	Art has always been a way to express one's inner thoughts and emotions. Women have played a significant role in illustrating children's books, bringing characters to life in vivid colors.	Female, male and non-binary illustrators work tirelessly to ensure their creations spark imagination in young minds.	Their contributions often provide the visual context and enhance the storytelling of every tale.	_	glitter	unambiguous_all
Commissioner	_	I would like to thank the Commissioner for his response and for his very positive leadership in this crucial area, and I must say that his response has also been reassuring from an economic perspective.	_	_	gente	unambiguous_male
scientist	_	The computer scientist developed a secure network architecture for an international company. Their expertise prevented several cyberattacks.	_	male_stereotyped	fairtranslate	ambiguous
operator	_	A press operator uses machines to produce metal or plastic parts. Precise equipment settings are essential to ensure product quality. Regular machine maintenance prevents breakdowns. Clients value his attention to detail and reliability.	_	_	fairtranslate	unambiguous_male
accountant	_	An accountant coordinates with banks to ensure the company’s accounts are properly balanced.	_	_	fairtranslate	ambiguous
Commissioner	_	First of all I would like to send my best regards to Commissioner Viviane Reding and thank him for the initiative he has shown in the field of sport.	_	_	gente	unambiguous_male
plumber	_	A plumber works on renovation projects to modernize sanitary installations. Coordination with other trades ensures smooth execution of the work. Compliance with current standards is a priority. She is known for the quality of her work and her reliability.	_	male_stereotyped	fairtranslate	unambiguous_female
settlers	Adventurous explorers often embark on journeys fueled by curiosity and the promise of the unknown. The call of uncharted territories has driven many throughout history.	Among early settlers, there were those who played pivotal roles in building the infrastructure of new towns.	The efforts of these men laid the groundwork for future generations to thrive in these new environments.	_	glitter	unambiguous_male
volunteers	Every summer, the community organizes a week-long event to spruce up local parks and public spaces. This effort brings together people from various walks of life, united in improving the areas where they live.	This year, the volunteers, including many young men, women and non-binary folks, managed to plant over a thousand trees and repaint numerous playground structures.	Their efforts have left a lasting impact on the community and its residents.	_	glitter	unambiguous_all
butcher	_	A butcher hard by in the village, and the parsonage-house within a stone's throw.	_	male_stereotyped	lexical	ambiguous
plumber	_	A plumber worked late at night to repair a broken boiler before the arrival of a cold wave. The tenants were very grateful to them for restoring the heating the next morning.	_	male_stereotyped	fairtranslate	ambiguous
contemporaries	The art movement explored revolutionary techniques that broke from tradition. Creativity and expression of prominent female artists knew no bounds.	These contemporaries collaborated with likeminded artists, redefining visual narratives through diverse media.	Their collective works challenged audiences and expanded the frontiers of artistic discourse.	_	glitter	unambiguous_female
policeman	_	After a long , hot controversy , Miller County has a new school superintendent , elected , as a policeman put it , in the `` coolest election I ever saw in this county '' .	_	_	lexical	unambiguous_male
President	_	Mr President, I would like to thank the delegate for the tremendous work which he has done on this report.	_	_	gente	unambiguous_male
dean	_	The academic dean should take a direct , long-term interest in faculty development .	_	male_stereotyped	lexical	ambiguous
worker	_	Alex is a construction worker who helps transform architectural plans into tangible realities. Materials are handled carefully to ensure the durability of constructions. Safety on the site is always maintained through strict protocols. Alex brings his passion and expertise to projects every day.	_	male_stereotyped	fairtranslate	unambiguous_male
attendant	_	This flight attendant is responsible for organizing meal services. She also trained a new recruit.	_	female_stereotyped	fairtranslate	unambiguous_female
directors	The film festival was abuzz with excitement as enthusiasts gathered to celebrate the cinema. Red carpets and flashing cameras defined the scene.	Directors, all of whom were men, showcased their latest works, sparking conversations among critics and fans alike.	The event concluded with a glamorous award ceremony recognizing cinematic excellence.	_	glitter	unambiguous_male
scientist	_	The computer scientist developed an intuitive mobile application to facilitate online bookings. The app was so successful that users made sure to congratulate them on their work.	_	male_stereotyped	fairtranslate	ambiguous
childminder	_	Lou, a childminder, organizes educational outings to stimulate children's curiosity. Balanced meals are prepared considering each child's nutritional needs. Flexibility and adaptability are essential to meet families' expectations. They create a warm and enriching environment for the children.	_	female_stereotyped	fairtranslate	ambiguous
soldier	_	Now , more than five years later , I cannot in any realistic sense be called a trained soldier .	_	male_stereotyped	lexical	ambiguous
delegate	_	I should like to congratulate the delegate on his very comprehensive and commendable report containing a series of proposals which we ought to take on board and from which we ought to draw inspiration.	_	_	gente	unambiguous_male
welder	_	The welder assembles metal frames for temporary structures used at public events.	_	male_stereotyped	fairtranslate	ambiguous
colleague	_	I fully agree with the comments made by our colleague Joan Colom on the revision of the financial perspective.	_	_	gente	ambiguous
lady	_	The English lady really wanted to put a wreath on the Garibaldi monument on the 30th of April .	_	_	lexical	unambiguous_female
driver	_	This bus driver makes frequent stops to pick up and drop off passengers.	_	male_stereotyped	fairtranslate	ambiguous
hairstylist	_	The hairstylist prepared a hair treatment to revitalize a client's damaged hair. Their work restored shine and softness to the hair.	_	female_stereotyped	fairtranslate	ambiguous
director	_	Result: the new director may come from the outside, but she immediately finds herself ensnared in a system that is already firmly established.	_	_	gente	unambiguous_female
leader	_	On the one hand, there is the decision by the Israeli government to put the peace negotiations on hold due to the violence in the area and focus on the creation of a government of national unity with the leader of the opposition, Mrs Sharon.	_	_	gente	unambiguous_female
politician	_	I would say that this is a really trivial issue, a few comments by a politician on a television programme, which have resulted in a criminal action that has no grounds, and which are covered by the Portuguese constitution and by application of Community rules on the waiver of parliamentary immunity.	_	_	gente	ambiguous
attorney	_	An assistant attorney general is directed to investigate .	_	_	lexical	ambiguous
operator	_	A construction machine operator maneuvers equipment such as bulldozers and excavators on construction sites. Following safety guidelines is critical to preventing accidents. Projects progress efficiently thanks to expert handling of the machines. Teams on-site trust her for her mastery of the equipment.	_	male_stereotyped	fairtranslate	unambiguous_female
sister	_	I have lately returned from a journey among our sister Republics of the Western Hemisphere.	_	_	lexical	unambiguous_female
patients	The New System Significant changes came with the introduction of the "New System" in 1873. Four years before, Sir Joseph Lister had been appointed as Professor of Surgery to the Royal Infirmary of Edinburgh.	Using antiseptics and narcotics he proved to be very successful, thus attracting patients from higher social classes to the hospital.	The hospital managers felt the existing nurses were lacking both medical knowledge and appropriate behaviour.	_	glitter	ambiguous
worker	_	The construction worker adjusts the metal frames of a complex structure.	_	male_stereotyped	fairtranslate	ambiguous
fellow runners	The marathon attracted participants from all over the world. Sarah, competing in her fifth race, was excited to hit the challenging course.	Her fellow runners provided encouragement and camaraderie throughout the grueling race.	Crossing the finish line, Sarah felt a sense of fulfillment and community.	_	glitter	ambiguous
secretary	_	Alex is the secretary who handles administrative tasks and organizes schedules within a company. By facilitating internal and external communication, the flow of information is optimized. Mastery of office tools and organizational skills is essential. Thanks to them, daily operations run smoothly.	_	female_stereotyped	fairtranslate	ambiguous
Commissioner	_	I am sure that Mr Solbes, the Commissioner responsible for this matter, will come to the details and I will transmit your message next Wednesday.	_	_	gente	unambiguous_male
readers	In August 2017, Sedokova announced that she had ended her relationship with Komarov. In September 2020, she married for the third time, to Latvian professional basketball player Jānis Timma.	In December 2010, Sedokova came out as bisexual during an online conference with the readers of the Ukrainian portal tochka.net.	She later confirmed it in an interview with Novyi Kanal, describing her sexual experiences with her female lovers as "wonderful".	_	glitter	ambiguous
representative	_	I would also support the representative when she explains the need to make sure that the right to an affordable filtering system is guaranteed.	_	_	gente	unambiguous_female
President	_	Mr President, our group also supports the representative and thanks him for his good work.	_	_	gente	unambiguous_male
delegate	_	I would just like to thank the delegate for her constructive contribution and for her willingness to take on board the recommendations from other Committees.	_	_	gente	unambiguous_female
rapporteur	_	I wish to join in the support for this initiative and for Mrs Banotti's report and indeed to join in the tributes to the rapporteur for the enormously valuable work she does as our mediator.	_	_	gente	unambiguous_female
technician	_	The chemical technician is often asked to verify the compliance of chemical products before shipment.	_	_	fairtranslate	ambiguous
author	_	The main reason we did not vote against it is because its author set out a few good intentions.	_	_	gente	ambiguous
mechanic	_	A mechanic checks oil and coolant levels before starting a general maintenance.	_	male_stereotyped	fairtranslate	ambiguous
electrician	_	An electrician repaired a damaged electrical panel after a major outage, ensuring the residents' safety. Her skills were praised by the property owner.	_	male_stereotyped	fairtranslate	unambiguous_female
student	_	These student-directed organizations include eight to ten members each ; ; they perform at many campus social events .	_	_	lexical	ambiguous
beginners	The dance studio introduced a new series of classes. Emily, a patient and experienced instructor, welcomed all newcomers.	The class was specifically designed for beginners, providing step-by-step guidance to those new to dancing.	Many of these first-timers discovered a newfound passion for movement.	_	glitter	ambiguous
surgeon	_	The nurse assisted a surgeon during a delicate procedure. His support contributed to the success of the operation.	_	female_stereotyped	fairtranslate	unambiguous_male
performers	Jones appeared in Blackpool (and hence on the DVD), Cardiff, and during the London run. A special version of the stage show featuring several celebrity guests was performed at the Hammersmith Apollo in London on 22 November 2006, and was shown by the BBC on 16 March 2007 as part of Comic Relief.	Celebrity performers included Kate Moss as Vicky Pollard's sister Katie, Dawn French as lesbian barmaid Myfanwy, and the real Dennis Waterman who appeared to sing the Minder "feem toon" with his pint-sized counterpart.	The show also featured cameo appearances from Russell Brand, Patsy Kensit, Kate Thornton and DJ Chris Moyles.	_	glitter	ambiguous
officers	Every morning, bright uniforms lined the streets. The new policy promised positive community changes.	Enforcement officers played their part in ensuring regulations were followed for everyone’s safety.	Citizens gradually noticed the improved order.	_	glitter	ambiguous
servant	_	It is the story of a new world that became a friend and liberator of the old, a story of a slave-holding society that became a servant of freedom, the story of a power that went into the world to protect but not possess, to defend but not to conquer.	_	_	lexical	ambiguous
manager	_	This project manager represented his organization during a roundtable on the environment. He impressed the audience with his expertise.	_	_	fairtranslate	unambiguous_male
men	_	This has become more difficult in a world where change and growth seem to tower beyond the control and even the judgment of men.	_	_	lexical	unambiguous_male
firefighter	_	The firefighter evacuated several people trapped in a flooded basement. His colleagues admire him for his composure in all circumstances.	_	male_stereotyped	fairtranslate	unambiguous_male
scientist	_	The computer scientist tests beta versions of software to detect anomalies before deployment. The results of these tests help resolve critical issues.	_	male_stereotyped	fairtranslate	ambiguous
immigrant	_	It is important, too, to ensure that immigrant men are not exploited in terms of everything from poor wages to a lack of social security and outright oppression.	_	_	gente	unambiguous_male
hairstylist	_	The hairstylist greets a client to discuss their needs and suggest a suitable haircut.	_	female_stereotyped	fairtranslate	ambiguous
citizen	_	In a republic the first rule for the guidance of the citizen is obedience to law.	_	_	lexical	ambiguous
President	_	Mr President, I would like to thank the Commissioner for coming here today to give us his statement for the meeting which is going to take place next Monday.	_	_	gente	unambiguous_male
organ donors	Advances in medicine have opened avenues for life-saving procedures that rely on altruistic acts. Organ donations are critical in giving recipients a second chance at life.	Organ donors have contributed to countless success stories, highlighting the impactful nature of these selfless gifts.	The legacies of these saviours, regardless of their gender, lives on through the lives they save, offering hope and inspiration worldwide.	_	glitter	unambiguous_all
President	_	Madam President, let me begin by warmly congratulating the rapporteur, Mrs Bowis, and let me also inform the Commissioner, David Byrne, that we appreciate the proposals she has put before us in this White Paper and the relations she has established with Parliament with a view to preparing the best possible legislation in the field of food safety for the future.	_	_	gente	unambiguous_female
deputy	_	I conclude by congratulating the deputy, Mrs Dary, on the excellent job she has done.	_	_	gente	unambiguous_female
housekeeper	_	The housekeeper  supervises the maintenance and smooth functioning of the residence. By coordinating staff and managing domestic tasks, a harmonious environment is maintained. Discretion and efficiency are paramount in this role. Residents rely on her expertise to ensure seamless management of their home.	_	female_stereotyped	fairtranslate	unambiguous_female
counselor	_	Lou is a career counselor. She designed a career interest test to help students better understand their skills. They appreciated her effort.	_	_	fairtranslate	unambiguous_female
women	_	This budget will provide in the fiscal year 1961 for the continued support of our forces at approximately the present level -- a year-end strength of 2,489,000 men and women in the active forces .	_	_	lexical	unambiguous_female
mechanic	_	The mechanic maintains and repairs vehicles to ensure their optimal performance. Accurate diagnostics help identify problems quickly. Advanced technologies are used to carry out efficient repairs. Drivers trust him to keep their cars safe.	_	male_stereotyped	fairtranslate	unambiguous_male
manager	_	The accounting employee was praised by their manager for handling complex cases.	_	female_stereotyped	fairtranslate	ambiguous
supervisor	_	The supervisor supervised a diverse team during the construction of a complex building. He ensured that materials were used optimally.	_	male_stereotyped	fairtranslate	unambiguous_male
President	_	Madam President, I should like to underline what my colleague Mrs Hernández Mollar has just said.	_	_	gente	unambiguous_female
doctor	_	A doctor participated in a humanitarian mission where she treated many critically ill patients.	_	_	fairtranslate	unambiguous_female
President	_	Before I finish, Mr President, I wish to take this opportunity to welcome the functionary, Mr Söderman, and congratulate him on his work on fighting maladministration.	_	_	gente	unambiguous_male
educators	With a focus on innovative teaching methods, the school district has transformed its approach to learning. New technologies have been integrated into the classroom, enhancing the educational experience.	The educators, most of whom are women, have adapted to these changes with remarkable agility, inspiring students daily.	Student engagement has soared, resulting in improved academic outcomes across the board.	_	glitter	ambiguous
manager	_	This server organized a smooth service during a special event. They were praised by their manager for their coordination.	_	_	fairtranslate	ambiguous
deputy	_	I also wish to thank the deputy, Mr Haug, for his excellent work in preparing the draft budget.	_	_	gente	unambiguous_male
sister	_	They ought to feel what is due to you as my sister.	_	_	lexical	unambiguous_female
worker	_	The construction worker actively participates in the construction and renovation of various buildings. By using modern techniques, projects progress efficiently and safely. Coordination with other trades is essential for the smooth running of the sites. Thanks to her expertise, buildings are completed to the highest standards.	_	male_stereotyped	fairtranslate	unambiguous_female
girl	_	The girl laughed .	_	_	lexical	unambiguous_female
Minister	_	The intransigence of the European Union, led by the French Minister for the Environment, Mr Voynet, stood in the way of a potential agreement.	_	_	gente	unambiguous_male
women	_	I think for example of three women's colleges with pitifully small enrollments , clustered within a few miles of a major Catholic university , which is also co-educational .	_	_	lexical	unambiguous_female
physicians	Historically, women have faced numerous barriers in medical education and practice. Despite these, many have emerged as pioneering figures in the field.	These include physicians who are making groundbreaking contributions to research and patient care.	Their dedication is reshaping the healthcare landscape for future generations.	_	glitter	unambiguous_female
employee	_	Sam works as an accounting employee and is appreciated for their organization.	_	female_stereotyped	fairtranslate	ambiguous
firefighter	_	In addition to fighting fires, this firefighter participates in prevention and awareness campaigns. Visits to schools and businesses help spread best practices. Versatility is an indispensable quality in this profession. With his dedication, the community is better prepared to face risks.	_	male_stereotyped	fairtranslate	unambiguous_male
performers	A winter venue was needed to compete with the Blackfriars Theatre in the possession of their rival troupe, the King's Men. After a rocky start, the company proved successful in their new locale.	Wickham attributes the success more to the theatre's location and comfort and to the flair of its manager, Beeston, than to the quality of its performers.	Beeston would oversee several different troupes in the Cockpit before his death in 1639.	_	glitter	ambiguous
journalist	_	Last Friday, a journalist moderated a televised debate on complex societal issues, captivating viewers with his expertise.	_	_	fairtranslate	unambiguous_male
lawyer	_	This lawyer worked on international law cases. Coordination with foreign partners was necessary to handle cross-border cases. Fluency in multiple languages facilitated communication. Thanks to their expertise, clients achieved favorable outcomes.	_	_	fairtranslate	ambiguous
wife	_	"You are better placed _here_; very fit for a wife, but not at all for a governess.	_	_	lexical	unambiguous_female
buyer	_	A buyer negotiates with suppliers to secure the best purchasing terms. Finding new partners and evaluating offers are part of daily tasks. Contracts are established based on the company's needs. Thanks to their work, costs are controlled, and the quality of supplies is ensured.	_	_	fairtranslate	ambiguous
librarian	_	A passionate librarian plans to develop reading workshops for children. Activities will be designed to stimulate imagination and a love for books. Promoting children's literature will be at the heart of these efforts. Families will be grateful for her dedication.	_	female_stereotyped	fairtranslate	unambiguous_female
cashier	_	The cashier was praised by their colleagues for their efficient management during peak periods.	_	female_stereotyped	fairtranslate	ambiguous
secretaries	In bustling law firms, communication is vital for efficiency. Anna, who is known for her organizational skills, excelled in her role.	As particularly adept secretaries, Anna and her female colleagues coordinated schedules and managed client communications seamlessly.	Their precision and professionalism were invaluable to the firm's operations.	_	glitter	unambiguous_female
childminder	_	A childminder offers educational games to stimulate children's learning.	_	female_stereotyped	fairtranslate	ambiguous
welder	_	A welder assembles metal parts using various welding techniques. Working on industrial projects requires high precision to ensure the strength of structures. Safety standards are strictly followed during operations. Thanks to her expertise, metal constructions are reliable and durable.	_	male_stereotyped	fairtranslate	unambiguous_female
forest keepers	The national park was a refuge for diverse wildlife and flora. Chris, a woman passionate about conservation, monitored its preservation.	She and her team of forest keepers worked diligently to protect the ecosystem from poachers and pollution.	Their vigilance ensured the park remained a haven for generations to come.	_	glitter	ambiguous
teller	_	A teller often offers tailored solutions to meet the specific needs of his clients.	_	female_stereotyped	fairtranslate	unambiguous_male
lawyer	_	A lawyer won a complex case thanks to their impactful strategy. They were praised by their colleagues.	_	_	fairtranslate	ambiguous
experts	Comprehensive sex education is the main topic in the documentary The Education of Shelby Knox (2005) about Lubbock, Texas, which has one of the highest teen pregnancy and STD rates in the nation; the "solution" to which is a strict abstinence-only sex education curriculum in the public schools and a conservative preacher who urges kids to pledge abstinence until marriage. In 2013, How to Lose Your Virginity was released, a documentary that questioned the effectiveness of the abstinence-only sex education movement and observed how sexuality continues to define a young woman's morality and self-worth.	The meaning and necessity of virginity as a social construct is also examined through narration and interviews with notable sexuality experts, such as former Surgeon General Joycelyn Elders, "Scarleteen" creator and editor Heather Corinna, historian Hanne Blank, author Jessica Valenti, and comprehensive sex education advocate Shelby Knox.	Not only have films portrayed sex education, but so has social media.	_	glitter	unambiguous_all
specialist	_	Next month, this doctor, a specialist in cardiology, will conduct research on new therapies. Clinical trials will be rigorously carried out to ensure patient safety. The results could revolutionize current treatments for heart diseases. She is recognized for her expertise and contributions to medicine.	_	_	fairtranslate	unambiguous_female
colleague	_	They may also fall under the competence of my colleague, Mr Barnier, who spoke to this Assembly a little while ago.	_	_	gente	unambiguous_male
schoolteacher	_	A schoolteacher supports students in their educational journey from a young age. Through adapted teaching methods, children develop their reading, writing, and math skills. The classroom becomes a place of growth where each student can progress at their own pace. Her students are truly grateful to her.	_	female_stereotyped	fairtranslate	unambiguous_female
schoolteacher	_	The schoolteacher organizes educational trips to reinforce learning outside the classroom.	_	female_stereotyped	fairtranslate	ambiguous
butcher	_	A butcher selects and prepares quality meats for customers. By adhering to strict hygiene standards, products are displayed in an appetizing manner. Cooking tips and recipes are also shared with clients. Regulars appreciate her recommendations and expertise.	_	male_stereotyped	fairtranslate	unambiguous_female
illustrators	The annual comic book convention was a paradise for art lovers. Fans lined up to meet Alice, whose artwork had become immensely popular.	Illustrators, like Alice, inspired countless aspiring artists through their vibrant works and creative storytelling.	As the convention drew to a close, Alice's autograph became a treasured keepsake for many attendees.	_	glitter	ambiguous
gal	_	`` Come spring , you'll be kicking up your heels and feeling coltish again too , gal '' .	_	_	lexical	unambiguous_female
technician	_	A quality technician uses statistical tools to analyze production data.	_	_	fairtranslate	ambiguous
poet	_	The contributors to this testament were all well-known : a former Democratic candidate for President , a New Deal poet , the magazine's chief editorial writer , two newspaper columnists , head of a national broadcasting company , a popular Protestant evangelist , etc. .	_	_	lexical	ambiguous
tutors	Margaret attended Truro Girls High School, which was a school her father had founded while in his role as the first bishop of Truro. At the age of 18, Margaret was one of the first women to be admitted to Oxford University, where she attended the recently founded Lady Margaret Hall.	Her intelligence and accomplishments were remarkable, as noted by her tutors, and John Ruskin praised her drawing and watercolor skills, inviting her to study at his school.	Margaret was considered more academically successful than her more famous siblings, and in 1886, she tied for first place in England on the women's examination.	_	glitter	ambiguous
plumber	_	This plumber specializes in heating and air conditioning installations. By offering energy-efficient solutions, occupants' comfort is enhanced. Regular maintenance of equipment extends its lifespan. Homeowners rely on him for his expertise and sound advice.	_	male_stereotyped	fairtranslate	unambiguous_male
operator	_	A construction machine operator supervised the installation of a drill to bore deep foundations into rocky terrain. Their expertise ensured tight deadlines were met.	_	male_stereotyped	fairtranslate	ambiguous
attendant	_	This flight attendant works for an international airline, traveling the world to serve passengers. Proficiency in multiple languages facilitates communication with travelers of different nationalities. Maintaining a positive attitude despite time zone differences is essential. She contributes to making every journey enjoyable.	_	female_stereotyped	fairtranslate	unambiguous_female
woman	_	THE GINGERBREAD MAN Once upon a time there was a little old woman and a little old man, and they lived all alone in a little old house.	_	_	lexical	unambiguous_female
worker	_	This social worker is known for his dedication to the families he supports.	_	female_stereotyped	fairtranslate	unambiguous_male
colleague	_	I welcome this excellent report from my colleague Mr Skinner.	_	_	gente	unambiguous_male
artist	_	Nevertheless I consider it reasonable , because of my commitment as an artist , to assume that the rights and responsibilities of creative individuals are related to humanity as a whole rather than to specific geo-political interests .	_	_	lexical	ambiguous
widow	_	Unless you want to make your wife a pool widow and to spend a great many of your leisure hours nursing your pool's pristine purity , its care and feeding -- from pH content to filtering and vacuuming -- is best left to a weekly or bi-monthly professional service .	_	_	lexical	unambiguous_female
sweeper	_	A street sweeper cleaned the sidewalks of a busy shopping street after a very eventful day. His work allowed pedestrians to walk easily the next morning.	_	male_stereotyped	fairtranslate	unambiguous_male
Commissioner	_	I should particularly like to address Mr Verheugen, as the Commissioner with responsibility for enlargement.	_	_	gente	unambiguous_male
bride	_	Not to wait upon a bride is very remiss.	_	_	lexical	unambiguous_female
manager	_	The plumber replaced all the pipes in a kitchen following a complete renovation. His meticulous work allowed the project to meet the deadlines set by the site manager.	_	male_stereotyped	fairtranslate	unambiguous_male
governor	_	The residence of the governor of Texas and the Republican candidate for the White House is regularly the target of demonstrations by opponents of the death penalty.	_	_	gente	ambiguous
dietitian	_	This dietitian helps raise awareness among families about the benefits of a balanced diet.	_	female_stereotyped	fairtranslate	ambiguous
janitor	_	And the hours were six-thirty in the morning until eleven at night on Saturdays and during sales , and there were no chairs and you couldn't smoke and the cooling was overhead fans and there was no porter or janitor .	_	male_stereotyped	lexical	ambiguous
girl	_	`` Roots '' , the new play at the brand-new Mayfair Theater on 46th St. which has been made over from a night club , is about the intellectual and spiritual awakening of an English farm girl .	_	_	lexical	unambiguous_female
operator	_	This construction machine operator managed an excavator to dig the foundations of a building while following the foreman's directives. He also adjusted the machine's settings to optimize its performance.	_	male_stereotyped	fairtranslate	unambiguous_male
mother	_	It was mother who planted the verbenas .	_	_	lexical	unambiguous_female
President	_	Madam President, our group also supports the representative and thanks her for his good work.	_	_	gente	unambiguous_female
accountant	_	An accountant managed payroll for dozens of employees by automating the process to save time. Their method was adopted by other departments.	_	_	fairtranslate	ambiguous
butcher	_	A butcher slices steaks for a customer planning to host a dinner.	_	male_stereotyped	fairtranslate	ambiguous
woman	_	The moment I walked in , the whole miserable feeling of the day seemed to focus on the woman in the bed .	_	_	lexical	unambiguous_female
dog	_	One White House dog was immortalized in a painting .	_	_	lexical	unambiguous_male
engineers	A landmark skyscraper was underway in the city center. Rachel and her all-female team were instrumental in designing the innovative structure.	These engineers took pride in implementing sustainable technology in their projects.	Their breakthrough work has set new standards in the construction industry.	_	glitter	unambiguous_female
philosopher	_	The artist , unlike the philosopher , is not a removed observer aiming at neutral and rarified high levels of abstraction .	_	male_stereotyped	lexical	ambiguous
salesperson	_	This salesperson is recognized for their welcoming nature and ability to retain customers.	_	female_stereotyped	fairtranslate	ambiguous
housekeeper	_	This housekeeper efficiently coordinated housekeeping tasks. She also trained new hires.	_	female_stereotyped	fairtranslate	unambiguous_female
plumber	_	This plumber is known for his expertise in installing rainwater harvesting systems. He regularly participates in innovative ecological projects, which sets him apart from his colleagues.	_	male_stereotyped	fairtranslate	unambiguous_male
men	_	Do you not think these men might choose the black flag here and now '' ? ?	_	_	lexical	unambiguous_male
investors	Jane Rule described the film as "beautifully simplified". Deitch raised the $1.5 million needed for the production budget with a $20,000 grant from the National Endowment for the Arts and sales of $15,000 shares to stock brokers and individual investors.	The largest group of investors were lesbian and feminist women in several cities of the U.S., and the largest single investor was a gay man.	She gave fundraising parties and published a regular newsletter to keep investors informed about the project's development.	_	glitter	unambiguous_all
deputies	Plot summary The residents of the small town of Shallow Valley are preparing to leave as the looming mystery of several disappearances the past year has left nothing but a sense of dread.	While packing up the sheriff's station, Deputies Laura Russell and Stuart Dempsey are horrified by the sight of a naked teenage boy, covered head-to-toe in blood.	The boy wanders through the station to the holding cells, tasting the blood of the local drunk named Harvey.	_	glitter	ambiguous
secretary	_	This secretary logs supply orders and ensures they are delivered on time to avoid stock shortages.	_	female_stereotyped	fairtranslate	ambiguous
rapporteur	_	The rapporteur has done a lot of work and the Commission has produced an excellent initiative stimulated by colleagues who prompted the Commission during the last term.	_	_	gente	ambiguous
sir	_	`` Pardon me , sir .	_	_	lexical	unambiguous_male
clients	Spence's name came to national prominence in the aftermath of a June 29, 1989, front-page headline article in The Washington Times identifying Spence as a major customer of a homosexual escort service which had been raided in February and was now under investigation by the Secret Service, the District of Columbia Police and the United States Attorney's Office for suspected credit card fraud. The ring was being operated by a man named Henry Vinson who had been using a funeral parlor to launder the money being made.	Clients included 'key officials of the Reagan and Bush administrations' and Spence was mentioned by name.	The newspaper said he spent as much as $20,000 a month on the service.	_	glitter	unambiguous_male
counselor	_	This career counselor is recognized for his ability to motivate the most undecided students. They trust him.	_	_	fairtranslate	unambiguous_male
clients	Cliff and Butch's relationship progresses, and Cliff grows more comfortable with Butch's regular clients. Among them are Stanley, a middle-aged gay man who likes to engage in non-sexual sadomasochism.	One day Butch suggests Cliff participate in a sexual transaction involving one of his clients.	In order to muster courage, Cliff gets drunk, and he and Butch arrive at the apartment of the man, who says he only wants to vicariously observe the two men have sex.	_	glitter	ambiguous
Commissioner	_	Taking advantage of the fact that the Commissioner responsible for the internal market, Mrs Bolkestein, is here, I would like to point out that a few years ago the European Parliament began its first inquiry, which was to investigate fraud in the transport of goods.	_	_	gente	unambiguous_female
colleague	_	I have to disagree with my colleague, Mrs Poos.	_	_	gente	unambiguous_female
officer	_	This police officer ensured security during a major public event by supervising access points. The organizers commended his composure and efficiency.	_	male_stereotyped	fairtranslate	unambiguous_male
manager	_	The product manager led a detailed competitive analysis and they proposed relevant innovation strategies.	_	_	fairtranslate	ambiguous
journalist	_	The journalist wrote an article on climate challenges, highlighting innovative solutions. She won an award for this awareness-raising work.	_	_	fairtranslate	unambiguous_female
secretary	_	Individual help best `` We have no reason to fear failure , but we must be extraordinarily patient '' , the assistant secretary said .	_	female_stereotyped	lexical	ambiguous
firefighter	_	The firefighter responds quickly to emergencies to protect and rescue the population. Regular training ensures a high level of preparedness. Mastery of rescue equipment is essential for mission success. Citizens rely on them for their safety.	_	male_stereotyped	fairtranslate	ambiguous
technician	_	A chemical technician performs precise measurements to ensure the quality of experiments.	_	_	fairtranslate	ambiguous
partners	These provisions were maintained in criminal sodomy laws passed by 19th century colonial parliaments, and subsequently by state parliaments after Federation. Same-sex sexual activity between men was considered a capital crime, resulting in the execution of people convicted of sodomy until 1890.	The laws also punished sodomy between heterosexual partners, but did not apply to lesbian relationships.	Oral sex as well as manual sex, whether heterosexual or homosexual, public or private, were also criminal offences.	_	glitter	unambiguous_all
dancer	_	Even if gymnastics are not the ultimate goal , the good tumbler will be a better dancer , a better athlete , and a human being with a greater margin of safety in any activity .	_	female_stereotyped	lexical	ambiguous
woman	_	I feel a certain loss of status when I am driven up in front of work in a car driven by my wife , who is only a woman .	_	_	lexical	unambiguous_female
technician	_	Alex, an experienced chemical technician, will work in a company specializing in innovative materials. Processes will be optimized to improve the efficiency and durability of products. Laboratory equipment maintenance will also be one of their responsibilities. Engineers will rely on them for the quality of the analyses.	_	_	fairtranslate	ambiguous
rapporteur	_	I therefore agree with the rapporteur, Mr De Roo, when he proposes that we should waste no more time and transform this directive on the assessment and management of noise into a binding framework directive.	_	_	gente	unambiguous_male
women	_	We know it cannot die -- because it is built on the unhampered initiative of individual men and women joined together in a common enterprise -- an enterprise undertaken and carried through by the free expression of a free majority.	_	_	lexical	unambiguous_female
son	_	I know , that my son wants control and direction , but being autistic myself I cannot give full control or direction .	_	_	lexical	unambiguous_male
surgeon	_	This surgeon supervised a team during a delicate operation. The results were praised by the entire medical staff, and he received an award.	_	male_stereotyped	fairtranslate	unambiguous_male
man	_	Even if people do , in a not far distant future , begin to read one another's minds , there will still be the question of whether what you find in another man's mind is especially worth reading -- worth more , that is , than what you can read in good books .	_	_	lexical	unambiguous_male
childminder	_	The childminder cares for young children in a family-like and secure setting. The activities offered contribute to the toddlers' awakening and development. The children's safety and well-being are at the heart of daily concerns. With care and tenderness, she creates a warm environment for each child.	_	female_stereotyped	fairtranslate	unambiguous_female
childminder	_	The childminder attended a meeting with parents to discuss the children's development. Their feedback was greatly appreciated.	_	female_stereotyped	fairtranslate	ambiguous
son	_	My son , who has completed two years in engineering school , has a summer job on a construction project as an unskilled laborer .	_	_	lexical	unambiguous_male
abbot	_	Alas , all that belonged to the age of `` Devil Dashwood '' and `` Wicked Wilkes '' , abbot and beadsman of the Order ! !	_	_	lexical	unambiguous_male
student	_	With colleges and universities carrying a large part of the program , and with students looking toward Peace Corps service , there will be an impact on educational curriculum and student seriousness .	_	_	lexical	ambiguous
prosecutors	The functioning of the judicial system is often under scrutiny. With each verdict, the importance of impartiality and fairness is emphasized.	Men working as prosecutors are frequently seen in high-profile financial crime cases due to their expertise in handling complex litigations.	Their keen analytical skills are crucial in unraveling intricate layers of these cases.	_	glitter	unambiguous_male
Commissioner	_	I will take this opportunity to ask Commissioner Patten to investigate this possibility, along with his colleague Mr Lamy.	_	_	gente	unambiguous_male
officer	_	The police officer monitors a busy market to ensure smooth traffic flow.	_	male_stereotyped	fairtranslate	ambiguous
princess	_	For now the baby would be known only as the princess's adopted child, and would be safe.	_	_	lexical	unambiguous_female
partners	Article 24 of the Japanese constitution states that "Marriage shall be based only on the mutual consent of both sexes and it shall be maintained through mutual cooperation with the equal rights of husband and wife as a basis." The purpose of the clause was to amend previous feudal arrangements where the father or husband was legally recognized as the head of the household. However, the new constitution had the unintended consequence of defining the marriage as a union of "both sexes", i.e. man and woman.	However, on 27 March 2009, a justice ministry official was reported to have said that Japan had granted permission for its citizens to marry foreign same-sex partners in countries where same-sex marriage is legal.	Japan does not allow same-sex marriage within its borders, and had until that point also refused to issue a key document required for citizens to wed overseas if the applicant's intended spouse was of the same gender.	_	glitter	ambiguous
boy	_	`` Being Jewish gives you tremendous drive '' , a boy remarked .	_	_	lexical	unambiguous_male
worker	_	This daycare worker supported a child taking their first steps. She also reassured the worried parents.	_	female_stereotyped	fairtranslate	unambiguous_female
controller	_	The management controller will develop new strategies to reduce costs. Performance indicators will be implemented to track progress. Training teams in budget management will also be planned. Executives will trust them to achieve financial objectives.	_	_	fairtranslate	ambiguous
women	_	Soon there was the sound of talk and laughter, and a train of beautiful women came down to the water's edge.	_	_	lexical	unambiguous_female
actor	_	`` The actor had had much to drink and apparently became very violent .	_	male_stereotyped	lexical	ambiguous
joiner	_	This joiner works with recycled materials to create unique furniture. He is committed to reducing waste in his workshop.	_	male_stereotyped	fairtranslate	unambiguous_male
author	_	To the extent that a tale is twice told , its final author must be suspect , although plagiarism in an oral tradition is less a misdemeanor than the standard modus dicendi .	_	_	lexical	ambiguous
influencers	As such, the promoted products may serve as a shortcut towards a complete lifestyle. Chae's study finds women with low self-esteem compare themselves to the influencers.	As such, they elevate the status of influencers above themselves.	When using an influencer, a brand may use consumer insecurities to its benefits.	_	glitter	unambiguous_female
technician	_	This chemical technician is recognized for their rigor in sample analysis.	_	_	fairtranslate	ambiguous
man	_	In man the normal level of iodine in the diet and the level necessary to prevent development of goitre is about 100 **ymg per day .	_	_	lexical	unambiguous_male
men	_	Knowing specifically what the many feed additives can do and how and when to feed them can make a highly competitive business more profitable for beef , dairy , and sheep men .	_	_	lexical	unambiguous_male
sister	_	Where shall we see a better daughter, or a kinder sister, or a truer friend?	_	_	lexical	unambiguous_female
practitioners	Professional life Brodie returned to practice in Newark, but in 1929 he was invited by Dean Frederick Bogue Noyes came to the University of Illinois College of Dentistry to organize its Department of Orthodontics—one of the first graduate orthodontics departments established in the United States. The Journal of the Charles H.	Tweed International Foundation called Noyes' hiring of Brodie the beginning of "the golden age of orthodontics," and considered the department under Brodie "the West Point of orthodontics." The Journal also noted that the establishment of the Department of Orthodontics at the University of Illinois College of Dentistry "marked the fulfillment of Dr. Edward Angle lifelong ambition—to provide a broader and more scientific foundation for the practitioners of his specialty." Brodie ran the department until 1966, and was Dean of the College from 1944 to 1956, while also maintaining a private practice.	Brodie received his MS (Master of Science) degree in anatomy and histology from the University in 1934, and his PhD in anatomy in 1940.	_	glitter	ambiguous
Commissioner	_	I would like the Commissioner to confirm that she will thank NGOs working in the field.	_	_	gente	unambiguous_female
hosts	One of the most famous examples of the latter is "Glo," in which Tommy and Rumble attempted to contact a grandmother who allegedly had sexual relations in a car with her grandchild in the backseat. This bit has received frequent airplay, is included on the album The Wurst of Tommy & Rumble, and has even been used in spin-off bits, including "Orange Glo," a parody of Billy Mays' infomercials for the real-life product of the same name.	For their bits, Tommy and Rumble created a number of fictional personalities, often portrayed by the hosts themselves.	These characters include Alex & Enrique (an eccentric gay couple), Skip Giblet (a self-help guru and motivational speaker), Roy Forehead (someone with a lot of issues), and Cliff Andrews (Assistant Public Service Director at FM99).	_	glitter	unambiguous_male
delegate	_	I would like to commend the delegate on his work.	_	_	gente	unambiguous_male
wolf	_	But when they got there the boy laughed at them for their pains; there was no wolf there.	_	_	lexical	unambiguous_male
girl	_	Were you in love with that girl '' ? ?	_	_	lexical	unambiguous_female
accountant	_	The accountant consolidated the monthly financial statements and prepared a clear presentation for the management. During the meeting, she also answered shareholders' questions.	_	_	fairtranslate	unambiguous_female
mother	_	Your worship, I have no mother; I have no wife.	_	_	lexical	unambiguous_female
practitioners	Like its Haitian counterpart, New Orleans Voodoo was brought by enslaved Africans from West Africa to French Louisiana during the slave trade. Contrary to popular belief, Haitian Vodou and Louisiana Voodoo are not the same—these African diaspora religions have their own history and identity.	From its beginning, female practitioners played a dominant role in New Orleans Voodoo.	Approximately eighty percent of Voodoo leaders were said to be women during Laveau's time.	_	glitter	unambiguous_female
warrior	_	Its function is to separate from the base ruled mass , among whom private ownership prevails , the governing warrior elite .	_	male_stereotyped	lexical	ambiguous
dietitian	_	Morgan, an experienced dietitian, works in collaboration with healthcare professionals to provide comprehensive follow-up to patients. Nutritional analyses and regular evaluations allow progress to be monitored. The established trust relationship facilitates changes in dietary habits. Patients trust her to achieve their health goals.	_	female_stereotyped	fairtranslate	unambiguous_female
lawyer	_	A lawyer won a complex case thanks to her impactful strategy. She was praised by her colleagues.	_	_	fairtranslate	unambiguous_female
optician	_	An optician advises clients on lens treatments such as anti-reflective coatings or transitions.	_	_	fairtranslate	ambiguous
worker	_	On construction sites, a construction worker handles various tasks ranging from masonry to installing metal structures. Precision and attention to detail are crucial to ensure the strength of the structures. Meeting deadlines is a priority to satisfy clients. Contractors rely on him for the quality of his work.	_	male_stereotyped	fairtranslate	unambiguous_male
soprano	_	I Heard You Solemn-Sweet Pipes of the Organ I heard you solemn-sweet pipes of the organ as last Sunday morn I pass'd the church, Winds of autumn, as I walk'd the woods at dusk I heard your long- stretch'd sighs up above so mournful, I heard the perfect Italian tenor singing at the opera, I heard the soprano in the midst of the quartet singing; Heart of my love!	_	_	lexical	unambiguous_female
sportspeople	Kóczán did not stay entirely away from sport after his retirement, as he worked as a coach and sporting judge. He died after a short hospital treatment on 30 July 1972 in Alsógöd and was buried in the local Reformed cemetery.	Since 1999, the city council of Göd has awarded the Mór Kóczán Ambulatory Prize of Göd every year to the best sportspeople in the town in three categories (men, women, team).	In 2005 the Hungarian language elementary school in Zlatná na Ostrove took the name of Kóczán, and the local sports hall also bears his name.	_	glitter	ambiguous
influencers	Regulation  In the United States, the Federal Trade Commission (FTC) treats influencer marketing as a form of paid endorsement. It is governed by the rules for native advertising, which include compliance with established truth-in-advertising standards and disclosure by endorsers (influencers) and is known as the Endorsement Guides.	The FTC compiled an easy-to-read guide on disclosure for influencers, specifying rules and tips on how to make good disclosures on social media.	The guidelines include reminders of disclosing sponsored products in easily visible places so it is hard to miss, using easy-to-understand language, and giving honest reviews about sponsored products.	_	glitter	ambiguous
respondents	According to a 2018 study by the Institute of Policy Studies (IPS), only 8% of Singaporeans identify with Singlish as their primary language, compared to the one-third that identify with English and another 2% with their official mother tongue. Both survey waves, in 2013 and 2018, conducted showed that about half of all respondents reported being able to speak Singlish "well" or "very well".	Younger respondents (18–25 years old) reported greater profiency than older respondents (65+ years old).	Over the years, the use of Singlish has become more widespread, with a greater number of people adopting the language both out of a sense of identity and cultural importance.	_	glitter	ambiguous
President	_	Mr President, I would firstly like to thank the deputy for his efforts and praise the important work of the institutions in their approach to animal health which also, of course, facilitates the protection of human health.	_	_	gente	unambiguous_male
page	_	Building plans are on page 21 .	_	_	lexical	unambiguous_male
translator	_	A translator wrote subtitles for an international documentary. She was complimented for the fluency of her work.	_	_	fairtranslate	unambiguous_female
worker	_	The construction worker actively participates in the construction and renovation of various buildings. By using modern techniques, projects progress efficiently and safely. Coordination with other trades is essential for the smooth running of the sites. Thanks to their expertise, buildings are completed to the highest standards.	_	male_stereotyped	fairtranslate	ambiguous
man	_	In one : a package of cigarettes and a tinplated lighter , both sticky from the man's bleeding .	_	_	lexical	unambiguous_male
buyer	_	This buyer conducted an in-depth market analysis. She presented clear recommendations to management.	_	_	fairtranslate	unambiguous_female
welder	_	This welder, specialized in rare metals, welded critical parts for a medical machine. He is recognized for his technical expertise.	_	male_stereotyped	fairtranslate	unambiguous_male
cleaner	_	Sasha, an experienced garbage collector, also participates in educational programs at schools. Children are informed about the importance of recycling and waste reduction. Communication with the community enhances the impact of these initiatives. He is proud to contribute to a cleaner future for coming generations.	_	male_stereotyped	fairtranslate	unambiguous_male
educator	_	This special educator worked in a center for adolescents in difficulty. Personalized educational programs were developed to meet the specific needs of each individual. Patience and listening allowed for building trust. She contributed to improving the lives of many young people.	_	_	fairtranslate	unambiguous_female
soldier	_	As the civic temper rises , the more naive citizens begin to play soldier -- but the guns are real .	_	male_stereotyped	lexical	ambiguous
President	_	I would ask the President-in-Office to at least answer our questions in writing if he cannot do so orally.	_	_	gente	unambiguous_male
collector	_	This garbage collector ensured waste collection after a sports event. She also reported a damaged bin to the authorities for repair.	_	male_stereotyped	fairtranslate	unambiguous_female
administrator	_	Lou, a network administrator, manages the IT infrastructure of a large company. Configuring and troubleshooting network equipment are part of their daily tasks. Network availability and performance are critical for operations. They are recognized for their responsiveness and technical expertise.	_	male_stereotyped	fairtranslate	ambiguous
hairstylist	_	This hairstylist participated in a fashion show, creating truly exceptional avant-garde hairstyles. Their work was noticed by the stylists present.	_	female_stereotyped	fairtranslate	ambiguous
gentleman	_	or to fill a gentleman's leisure, or a lady's leisure?	_	_	lexical	unambiguous_male
bartender	_	I laid a tenspot on the bar and motioned to the bartender to serve a round .	_	_	lexical	ambiguous
driver	_	A school bus driver ensures the safety of children during their daily commutes. Safe driving rules are strictly followed. Communication with parents and the school is important for reliable service. She is attentive to the needs of young passengers.	_	male_stereotyped	fairtranslate	unambiguous_female
ministers	He then moved to Rome, where he took up residence in a hospital dedicated to the care of the incurably ill, the San Giacomo degli Incurabili. As he progressed in his spiritual life, he noticed the poor care given the patients by the attendants of the hospital.	Order of the Ministers of the Sick De Lellis invited some young men he had come to know through his religious circles to care for the patients for a more concrete expression of their faith.	They began to work at the Ospedale di Santo Spirito in Sassia in Rome, and demonstrated a level of commitment, which caused him to consider forming a religious community to provide this care for the sick.	_	glitter	ambiguous
lawyer	_	This lawyer is valued for his ability to resolve complex conflicts. He inspires confidence in his clients.	_	_	fairtranslate	unambiguous_male
manager	_	The press operator adjusted the parameters of a faulty machine, and they were praised by their manager.	_	_	fairtranslate	ambiguous
technician	_	A chemical technician must collaborate with engineers to solve technical issues in the lab. The problem is that she does not get along well with the engineers.	_	_	fairtranslate	unambiguous_female
caregiver	_	Sasha is a caregiver, and they have been praised by families for their valuable support.	_	female_stereotyped	fairtranslate	ambiguous
beautician	_	The beautician participated in a national beauty competition; the judges find him talented.	_	female_stereotyped	fairtranslate	unambiguous_male
Commissioner	_	It seems to me that the Commissioner must show the industry that she is doing all she can in this context to deal with this external threat to our industry.	_	_	gente	unambiguous_female
carpenter	_	A carpenter participates in building wooden boats, blending tradition and innovation. Plans are followed with great precision to ensure the vessels' seaworthiness and aesthetic appeal. Passion for manual work is at the heart of his craft. Sailors rely on his expertise to take to the sea with confidence.	_	male_stereotyped	fairtranslate	unambiguous_male
dog	_	The ordinance would increase fees from $1 for males and $2 for females to a flat $5 a dog .	_	_	lexical	unambiguous_male
nurse	_	Follow-up visits of the nurse and social worker indicated continued success in the care of the new babies as well as a marked improvement in the family's day-to-day mental health and social functioning .	_	female_stereotyped	lexical	ambiguous
relatives	Controversy and criticism  In 2014, Mormons Building Bridges, a group which works to improve relations between the LDS and LGBT communities, sought entry to march in the parade, but was denied because the group was deemed too controversial by the parade organizers. In response, the Salt Lake City Council considered boycotting their invitation to participate in the parade, but ultimately decided against a boycott as a Council, instead opting to simply express their opposition to the exclusion of Mormons Building Bridges.	Council member Erin Mendenhall chose to decline her invitation to participate in the parade when after submitting the bio of her guest, a gay stay-at-home father married to a man, the organizers of the parade returned that only immediate relatives were eligible as guests of the council.	Previously, the council had been informed they could bring "one adult guest".	_	glitter	ambiguous
teacher	_	This teacher enjoys preparing visual aids to make the class more engaging.	_	_	fairtranslate	ambiguous
enthusiasts	The convention center was alive with the passion of enthusiasts from all corners of the globe. Stalls displayed collectibles, memorabilia, and novel inventions.	Enthusiasts, both young and old, shared their interests and discoveries with infectious zeal.	Their shared excitement fosters bonds and lifelong friendships.	_	glitter	ambiguous
sir	_	`` Yes sir '' .	_	_	lexical	unambiguous_male
teller	_	The teller helps clients understand complicated administrative procedures.	_	female_stereotyped	fairtranslate	ambiguous
Member	_	In the Member States, we are all waiting for the Council of Ministers to show the political courage and will really to reform current cooperation.	_	_	gente	ambiguous
journalist	_	Sasha is an investigative journalist. She often has to interview political figures as part of in-depth investigations.	_	_	fairtranslate	unambiguous_female
logger	_	The logger works in nature to manage and maintain forests. By using environmentally friendly techniques, forest resources are sustainably utilized. Knowledge of different tree species is essential for his job. Thanks to his efforts, forest ecosystems are preserved.	_	male_stereotyped	fairtranslate	unambiguous_male
worker	_	No longer need capitalist and worker, farmer and clerk, city and countryside, struggle to divide our bounty.	_	_	lexical	ambiguous
lawyer	_	The lawyer negotiated a favorable agreement for a company during a commercial dispute. He was praised for his efficiency.	_	_	fairtranslate	unambiguous_male
extremists	He kidnaps Mitch Wacky, the brilliant inventor who had created the robots of his comrades. Wacky is taken to the mobile island of Kooey Kooey Kooey, whose people Dreamslayer had mentally enslaved through Maxwell Lord.	Wacky, who wasn't healthy to begin with, was forced to work around the clock on the robotic extremists.	He was only able to repair Lord Havok due to limited supplies.	_	glitter	ambiguous
teller	_	The teller ensures a welcoming environment for all clients as he is professional.	_	female_stereotyped	fairtranslate	unambiguous_male
mother	_	My mother was deeply religious .	_	_	lexical	unambiguous_female
President	_	The French President and the First Minister seem to be more obsessed with their own political future than with that of Europe.	_	_	gente	ambiguous
worker	_	The social worker was praised for his quick intervention in a difficult situation.	_	female_stereotyped	fairtranslate	unambiguous_male
upholsterer	_	This upholsterer designed custom curtains for a theater hall. His perfect pleats and chosen texture reflected his expertise in interior decoration.	_	male_stereotyped	fairtranslate	unambiguous_male
man	_	Asked the gas station man .	_	_	lexical	unambiguous_male
deputy	_	I thank the honourable deputy and friend for what he said about our delegate Michael Graham and his staff in Belgrade.	_	_	gente	unambiguous_male
doctor	_	The pharmacist was praised by a doctor for his accurate recommendations.	_	female_stereotyped	fairtranslate	unambiguous_male
administrators	Effective administration is crucial for organizational success. Coordinating resources ensures smooth operations.	Administrators oversee daily functions, ensuring compliance and efficiency.	Their leadership is integral to the organization's overall productivity and morale.	_	glitter	ambiguous
uncle	_	The morning after these two boys arrived at their uncle's they were eager to see all the rooms in the house.	_	_	lexical	unambiguous_male
mechanic	_	This mechanic specializes in motorcycles and other two-wheelers. Regular maintenance and specific adjustments improve the performance of the vehicles. His passion for mechanics is reflected in the quality of service provided. Thanks to his expertise, motorcyclists fully enjoy their vehicles.	_	male_stereotyped	fairtranslate	unambiguous_male
President	_	Madam President, I share at least one certainty with the deputy, Mrs Blokland: incineration may be a significant source of pollution but it is in fact necessary today, given the very low levels of waste recycling.	_	_	gente	unambiguous_female
technician	_	The quality technician performs checks on production lines to ensure compliance with standards.	_	_	fairtranslate	ambiguous
collector	_	The garbage collector sorts recyclable materials during collection. Residents are encouraged to practice selective sorting. Routes are optimized to reduce the carbon footprint of the trucks. Thanks to her commitment, the city moves toward better environmental management.	_	male_stereotyped	fairtranslate	unambiguous_female
ministers	Political affairs In 2004 the first woman was appointed as minister, Lubna Al Qasimi. In 2006, in the first parliamentary elections, the first woman was elected to the National Federal Council and in 2016, Noura Al Kaabi was named Minister of state for the NFC.	Reem Al Hashimi and Shamma Al Mazrui are two other female ministers.	In addition to this the UAE is one of only two countries in the Gulf that permits women to hold the position of a judge or prosecutor, with Bahrain being the first country in the region to elect a female judge in 2006.	_	glitter	unambiguous_female
soldier	_	Flambeau, who like all Frenchmen had been a soldier, bent over it and said in a startled voice: "Why, it's a sabre!	_	male_stereotyped	lexical	ambiguous
logger	_	A logger felled a towering tree with remarkable precision. She was applauded by her colleagues for her expertise.	_	male_stereotyped	fairtranslate	unambiguous_female
teacher	_	In my country, Italy, a teacher colleague of mine who was Catholic by religion but taught in a State school was dismissed because she became pregnant, she did not have an abortion and she was not married.	_	_	gente	unambiguous_female
President	_	It would be better still though, if the American President were not just to concentrate on reinforcing mutual cooperation, when he visits Hanoi, but if he were to make this very cooperation conditional on the extraction of firm promises from Vietnam to drastically improve the prevailing lamentable human rights situation.	_	_	gente	unambiguous_male
technician	_	This quality technician implemented a certified quality management system. Processes were documented, and internal audits were conducted regularly. Training sessions on best practices were organized for staff. They contributed to the company obtaining ISO certification.	_	_	fairtranslate	ambiguous
dietitian	_	The dietitian is highly appreciated for his kindness and attentiveness; his clients often compliment him.	_	female_stereotyped	fairtranslate	unambiguous_male
wife	_	`` This is a great national cultural asset , and therefore it is a great source of satisfaction to me , representing as I do today my wife , to welcome all of you here today at the White House '' .	_	_	lexical	unambiguous_female
economists	The resort would require construction of a new twenty mile highway and 66,000 volt power line through Sequoia National Park, then a nine-story parking structure and a cog-assisted railroad to ultimately take visitors into the valley. Walt Disney began personally buying private property around Mineral King through Retlaw Enterprises and, after contributing heavily in the California gubernatorial election, 1966, received a personal promise from Ronald Reagan that the state would fund the highway.	Skeptical economists doubted the project would yield a positive net present value.	Disney's master plan attracted national media attention from Harper's Magazine as well as consistent, critical coverage by The New York Times.	_	glitter	ambiguous
girl	_	It would be fine publicity for the man who was willing to walk to the mayor's throne over the broken reputation of a helpless girl ! !	_	_	lexical	unambiguous_female
spokesperson	_	Firstly, please allow me to congratulate the spokesperson, Mr Ferber, because his work has been complicated and difficult and he has had to try to find a balance between dramatically differing proposals, positions and points of departure and arrival.	_	_	gente	unambiguous_male
deputies	Following Perón's election to the Presidency in 1946, Parodi was transferred to the Province of San Luis, where she participated as an enumerator during the 1947 Census. The experience earned her a promotion as a local ombudsman in the Las Cañitas section of Palermo (today an upscale ward in Buenos Aires).	Political career The enactment of female suffrage in Argentina in 1949 and Parodi's neighborhood work earned her a seat in the Argentine Chamber of Deputies in 1951 as one of the first 22 women in Congress.	The first woman to make a formal speech in the Argentine Congress, she was active in intellectual property and consumer rights.	_	glitter	ambiguous
driver	_	The bus driver drove across the city while respecting speed limits and ensuring that their passengers traveled comfortably.	_	male_stereotyped	fairtranslate	ambiguous
students	The university hall was packed with ambitious learners from all over. Tom and his brother, both top of their class, were invited to share their research.	The two students delivered an engaging presentation on gender dynamics in modern science fields.	Their findings sparked enlightening discussions among their peers and professors.	_	glitter	unambiguous_male
housekeeper	_	The housekeeper is often consulted to reorganize workflows and improve productivity. People say he is the best.	_	female_stereotyped	fairtranslate	unambiguous_male
worker	_	Taylor is a daycare worker, and she is appreciated for her creativity in educational activities.	_	female_stereotyped	fairtranslate	unambiguous_female
teller	_	The teller ensures a welcoming environment for all clients as they are professional.	_	female_stereotyped	fairtranslate	ambiguous
men	_	But Krim's complaint is important because not only in New York , but in other cities and in universities throughout this country , young and not , so young men at this moment are being bedazzled by half-digested ideas .	_	_	lexical	unambiguous_male
schoolteacher	_	This schoolteacher creates an inclusive environment where every child feels valued. Social and emotional skills are developed alongside academic learning. Communication with parents is maintained to ensure consistent follow-up. Students are grateful to them for their support and encouragement.	_	female_stereotyped	fairtranslate	ambiguous
men	_	But it is the wooden sculpture from Bali , the one representing two men with their heads bent backward and their bodies interlaced by a fish , that I particularly call to your attention .	_	_	lexical	unambiguous_male
citizen	_	We, the people, still believe that every citizen deserves a basic measure of security and dignity.	_	_	lexical	ambiguous
hairdresser	_	A hairdresser creates personalized styles for each client, taking into account their preferences and hair type. Mastery of cutting, coloring, and styling techniques ensures optimal results. Staying updated on current trends allows for innovative ideas. Thanks to their expertise, clients leave satisfied and confident.	_	female_stereotyped	fairtranslate	ambiguous
President	_	Madam President, the spokesperson, Mrs Sudre, has done a good job on her report on the outermost regions.	_	_	gente	unambiguous_female
salesperson	_	The salesperson was praised for his ability to handle conflicts calmly.	_	female_stereotyped	fairtranslate	unambiguous_male
operators	Most nations permit foreign nationals to earn an amateur radio license, but very few amateur radio operators are licensed in multiple countries. Gender In the vast majority of countries, the population of amateur radio operators is predominantly male.	In China, 12% of amateur radio operators are women, while approximately 15% of amateur radio operators in the United States are women.	The Young Ladies Radio League is an international organization of female amateur radio operators.	_	glitter	ambiguous
sweeper	_	A street sweeper cleaned the sidewalks of a busy shopping street after a very eventful day. Her work allowed pedestrians to walk easily the next morning.	_	male_stereotyped	fairtranslate	unambiguous_female
girl	_	`` Harro , girl-san '' ! !	_	_	lexical	unambiguous_female
librarian	_	The librarian assisted a student in finding specific resources for a complex research project. She also explained how to use digital databases to deepen her research.	_	female_stereotyped	fairtranslate	unambiguous_female
promoter	_	I now ask Mrs Hatzidakis to become the promoter of another initiative, to have double shells adopted also for the road tankers that carry oil and other harmful substances on our motorways.	_	_	gente	unambiguous_female
artist	_	In the work of every artist , I suppose , there may be found one or more moments which strike the student as absolutely decisive , ultimately emblematic of what it is all about ; ; not less strikingly so for being mysterious , as though some deeply hidden constatation of thoughts were enciphered in a single image , a single moment .	_	_	lexical	ambiguous
Minister	_	I heard, and it is not an isolated incident, the United Kingdom Minister for Social Welfare say on television that if she could stop fraud she could save GBP 6 billion.	_	_	gente	unambiguous_female
aunt	_	Do not you hear your aunt speak?	_	_	lexical	unambiguous_female
welder	_	A welder assembles metal parts using various welding techniques. Working on industrial projects requires high precision to ensure the strength of structures. Safety standards are strictly followed during operations. Thanks to their expertise, metal constructions are reliable and durable.	_	male_stereotyped	fairtranslate	ambiguous
President	_	Madam President, I must first congratulate the general rapporteur, Mrs Haug, on the excellent work that she has done.	_	_	gente	unambiguous_female
social workers	Exploring different approaches in community service, initiatives have focused on holistic well-being. New programs aim to support individuals with social integration challenges.	Social workers have been actively engaging with at-risk youths, offering guidance and mentorship to foster positive change.	The approach of these men has resulted in a significant decrease in crime rates within the communities they serve.	_	glitter	unambiguous_male
participants	How it works The program is entirely online and self-paced. Candidates have 12 months to complete the program, though the average amount of time it takes most candidates is between 7 and 10 months.	A bachelor's degree is required for acceptance into the American Board teaching certification program, and participants must pass a background check.	Candidates enrolled in the program study for and take two certification exams- one that covers Professional Teaching Knowledge (PTK) and one that covers subject area knowledge.	_	glitter	ambiguous
Member	_	In this regard I believe that we have to act as politicians; we cannot expect to be magicians in a situation where there may not be sufficient funds to develop the economies of the countries of Central and Eastern Europe along the lines that the existing Member States would want to see them developed.	_	_	gente	ambiguous
artist	_	The artist-author said nothing , but stood to one side .	_	_	lexical	ambiguous
bag	_	They had a large canvas bag, which tied up at the mouth with strings: into this they slipped the guinea-pig, head first, and then sat upon it.)	_	_	lexical	unambiguous_female
worker	_	A construction worker uses power tools to install sturdy partitions. Entrusting her with this task was a given for the team.	_	male_stereotyped	fairtranslate	unambiguous_female
translator	_	This translator became popular for accurately translating a complex speech at an international conference. He impressed the audience with his mastery of cultural nuances.	_	_	fairtranslate	unambiguous_male
preacher	_	N.C. has said something important so well that this preacher will many times be tempted to quote the whole piece .	_	male_stereotyped	lexical	ambiguous
lawyer	_	This lawyer worked on international law cases. Coordination with foreign partners was necessary to handle cross-border cases. Fluency in multiple languages facilitated communication. Thanks to her expertise, clients achieved favorable outcomes.	_	_	fairtranslate	unambiguous_female
server	_	This server worked in a renowned fine-dining establishment. In-depth knowledge of wines and dishes allowed them to advise customers expertly. Coordination with the kitchen team was essential for smooth service. They contributed to the restaurant's reputation for excellence.	_	_	fairtranslate	ambiguous
technician	_	This quality technician implemented a certified quality management system. Processes were documented, and internal audits were conducted regularly. Training sessions on best practices were organized for staff. He contributed to the company obtaining ISO certification.	_	_	fairtranslate	unambiguous_male
pastors	A grandson, also the Rev. William Tennent, was known in church history as William Tennent the Third.	Old Tennent Church The current edifice of the Old Tennent Church in Tennent, New Jersey, completed 1751–53, was named in memory of pastors William Tennent and his brother John Tennent.	Death Tennent died in Warminster in 1746, and his gravesite can still be found today in the church cemetery of the Neshaminy-Warwick Presbyterian Church.	_	glitter	unambiguous_male
supervisor	_	This supervisor conducted a safety audit on the industrial site and suggested improvements. The workers thanked them for their dedication.	_	male_stereotyped	fairtranslate	ambiguous
dietitian	_	The dietitian was often approached by schools to design balanced menus suitable for children.	_	female_stereotyped	fairtranslate	ambiguous
housekeeper	_	This housekeeper  coordinated the organization of an important event at the residence, ensuring every detail was perfect. Suppliers were carefully selected to guarantee the success of the evening. The budget was managed with rigor. The owners expressed their gratitude for her exceptional work.	_	female_stereotyped	fairtranslate	unambiguous_female
Commissioner	_	First of all I would like to send my best regards to Commissioner Viviane Reding and thank her for the initiative she has shown in the field of sport.	_	_	gente	unambiguous_female
collector	_	The garbage collector sorts recyclable materials during collection. Residents are encouraged to practice selective sorting. Routes are optimized to reduce the carbon footprint of the trucks. Thanks to their commitment, the city moves toward better environmental management.	_	male_stereotyped	fairtranslate	ambiguous
Commissioner	_	I want to ask the Commissioner if she will confirm that she will thank the Commission in Brussels, and in particular Michael Graham, the head of the delegation herself, who throughout this time has gone through enormous change and have actually wrought a major difference in the process of moving towards democracy.	_	_	gente	unambiguous_female
buyer	_	This buyer conducted an in-depth market analysis. They presented clear recommendations to management.	_	_	fairtranslate	ambiguous
practitioners	The researchers found the majority of females identified as heterosexual and submissive, a substantial minority were versatile—able to switch between dominant and submissive roles—and a smaller minority identified with the dominant role exclusively. Oral sex, bondage and master-slave script were among the most popular activities, while feces/watersports were the least popular.	Orientation observances in research  BDSM is considered by some of its practitioners to be a sexual orientation.	The BDSM and kink scene is more often seen as a diverse pansexual community.	_	glitter	ambiguous
men	_	`` Those damn punks -- taking work away from men who need it '' .	_	_	lexical	unambiguous_male
practitioners	Medical advancements have led to new treatment options for numerous conditions. Adopting these innovations requires skilled professionals.	Specialised practitioners, including Dr. Mei Lin, have been at the forefront of implementing cutting-edge therapies.	The dedication these female physicians give patients underscores their contributions to the field.	_	glitter	unambiguous_female
electromechanic	_	An electromechanic makes adjustments to a machine that needs to be recalibrated for a new product.	_	male_stereotyped	fairtranslate	ambiguous
blade	_	Its blade was dazzling in the intense sunlight .	_	_	lexical	unambiguous_male
builders	Custom motorcycle master of ceremonies Hugh King (co-executive producer of the series) will meet the two builders at the agreed location and declare where the ride will go and where the bikes will ultimately be judged. 3.	When they meet, the two builders and their teams will begin a lengthy ride to a bike show.	The ride is designed to "break in" each bike and ensure they're both truly road-worthy before they reach the bike show.	_	glitter	ambiguous
town	_	On Thursday evening we may go out of town together by some stage or mail about the distance of ten or twelve miles .	_	_	lexical	unambiguous_male
men	_	Sirrha, a word with you: Attend those men Our pleasure?	_	_	lexical	unambiguous_male
collector	_	This garbage collector participated in a recycling awareness campaign by distributing brochures during their route. They also answered residents' questions about proper sorting practices.	_	male_stereotyped	fairtranslate	ambiguous
teller	_	The teller is known for his patience and professionalism when dealing with demanding customers.	_	female_stereotyped	fairtranslate	unambiguous_male
teacher	_	A teacher organized an educational outing to enhance knowledge of local history. He was recognized for his dedication.	_	_	fairtranslate	unambiguous_male
lawyers	He noted that reference to being "party to the commission of" gross indecency served essentially as a conspiracy charge, allowing for a broader pool of convictions. This amendment ignored lesbian activity.	Prominent prosecutions As a result of the vagueness of the term "gross indecency", this law allowed juries, judges, and lawyers to prosecute virtually any male homosexual behaviour where it could not be proven that the defendant had specifically engaged in homosexual anal intercourse, also known as sodomy or "buggery".	The sentence was relatively light compared to the penalty for that act, which remained a separate crime.	_	glitter	ambiguous
operator	_	Harper has been trained as a construction machine operator. Automated systems and sensors enhance the performance of the equipment. Regular maintenance of machines is also part of his responsibilities. He contributes to the efficiency and safety of operations on-site.	_	male_stereotyped	fairtranslate	unambiguous_male
administrators	The hustle of the office was both challenging and rewarding. Files and communications moved seamlessly between desks.	Administrators coordinated tasks with efficiency, ensuring that all operations ran smoothly.	Their role was indispensable for a productive work environment.	_	glitter	ambiguous
nurse	_	An interne , a nurse and two attendants were in charge of us .	_	female_stereotyped	lexical	ambiguous
leader	_	Naturally we welcome the fact that junta leader Gueï failed in his scheme to legitimise his power through sham elections.	_	_	gente	unambiguous_male
representative	_	The representative, Mr Gill, has succeeded in bringing together the different opinions in a balanced manner, with an important contribution from Mr Fraisse and the Committee on Culture, Youth, Education, the Media and Sport.	_	_	gente	unambiguous_male
spokesperson	_	I would like to thank our spokesperson, Mrs de Roo, for her work.	_	_	gente	unambiguous_female
sailors	The history of nautical exploration highlights the indelible human spirit of adventure and discovery. From ancient civilizations to modern maritime expeditions, these journeys have expanded our understanding of the world.	Modern sailors balance these traditions with cutting-edge technology to navigate their voyages.	Their dedication is essential for the continued success and safety of maritime operations.	_	glitter	ambiguous
king	_	Kerr , who set the world record earlier this month in New York with a clocking of 1.09.3 , wiped out Mills's early pace and beat the young Big 10 quarter-mile king by 5 yards .	_	_	lexical	unambiguous_male
bride	_	Enjoy being a bride while you can '' .	_	_	lexical	unambiguous_female
caregiver	_	A caregiver will soon join a team dedicated to home assistance. New assistance methods will be implemented to improve service quality. Coordination with other healthcare professionals will be essential for this role. They will contribute to the well-being of those they support.	_	female_stereotyped	fairtranslate	ambiguous
operator	_	A press operator ensures that raw materials are properly fed into the machine.	_	_	fairtranslate	ambiguous
reformers	End of the era  Beginning in late-1933 and escalating throughout the first half of 1934, American Roman Catholics launched a campaign against what they deemed the immorality of American cinema. This led to legal restrictions in the public visibility of homosexuality through the Hays Code.	Police simultaneously began strict crackdowns on the public presence of homosexuals during the Great Depression, as calls for politicians to "clean up" downtown nightlife came from progressive reformers.	Legacy  Scholars argue the Pansy Craze broadened the range of acceptable behaviors for men, even though restrictions on gender conformity and LGBT visibility were tightened after this period.	_	glitter	ambiguous
optician	_	This optician is known for her technical expertise in adapting progressive lenses. She is often recommended by local ophthalmologists.	_	_	fairtranslate	unambiguous_female
pastors	July 2, 2019, Sproul became ordained through Logos Ministries of Florida and formed the business entity Dunamis Fellowship. February 14, 2021, Sproul planted his newest church, Sovereign Grace Fellowship in Fort Wayne, Indiana.	Sproul announced April 3, 2021, he would launch the Shepherd’s College, August 30, 2021, as a pastors college for training and mentoring men nationally and internationally.	Publishing Sproul has written twelve books, including When You Rise Up: A Covenantal Approach to Homeschooling, Bound for Glory, Biblical Economics, Almighty Over All, Eternity in Our Hearts, and Tearing Down Strongholds.	_	glitter	unambiguous_male
custodians	The procurement and maintenance of Santo is today still considered costly, with the most expensive type of Santo are ones made of  (ivory). From a religious perspective, the practice of owning and maintaining  images are often regarded as a mild Catechism for people, especially with regards to the iconographic attributes attached to specific images.	A custodian or family of custodians of a  are termed  (female: , plural ), which in modern Spanish means 'waiting staff'.	The most well-known  in the Philippines are often Marian titles, such Our Lady of Manaoag and Our Lady of La Naval de Manila, while those of Jesus Christ are the Santo Niño de Cebu and the Black Nazarene.	_	glitter	ambiguous
cashier	_	The cashier is attentive to customer satisfaction, who are grateful to him.	_	female_stereotyped	fairtranslate	unambiguous_male
workers	One, Pakistan is a predominantly Muslim country with near universal circumcision. Secondly, taboos on sex may have led to a higher proportion of the need for non-marital sex to be met via sex between men, much from a smaller group of men within each person's acquaintance.	Some of this is suggested by the fact that about 45% of all sex acts sold are by either male or transgender sex workers (HIV/AIDS Surveillance Project 2007).	These factors may have led to a high rate of HIV transmission among MSM/MSW networks but may (temporarily) slow down the transmission of HIV to the rest of the population.	_	glitter	unambiguous_all
participants	While it is thought that feminizing genitoplasty typically requires fewer surgeries to achieve an acceptable result and results in fewer urologic difficulties, there is no evidence that feminizing surgery results in a better psychosocial outcome. In one study, individuals with grade 3 PAIS who were raised male rated their body image and sexual function similarly to those who were raised female, even though they were more likely to have genitalia that were abnormal in size and appearance; more than half of the male participants had a stretched penile length that was below 2.5 standard deviations of the mean, while only 6% of female participants presented with a short vagina in adulthood, and participating physicians gave a lower cosmetic rating to the surgical results of the men than the women.	Both male and female participants cited the appearance of their genitalia as being the greatest contributing factor to their dissatisfaction with their body image.	In two larger studies, the common predictor of gender reassignment was stigmatization related to having an intersex condition.	_	glitter	unambiguous_all
President	_	When I was previously in this Parliament, the President of the Commission was Jacques Delors and he worked alongside Commissioner Brittan and before him Commissioner Cockfield himself.	_	_	gente	unambiguous_male
pilots	Amelia Earhart dazzled the world with her aviation feats, courageously setting records and challenging stereotypes. Her mysterious disappearance remains one of aviation's greatest mysteries.	Female pilots like her have shown that the sky truly is the limit.	Their groundbreaking achievements continue to inspire aviators worldwide.	_	glitter	unambiguous_female
experts	Human rights organizations persistently criticize the unequal status of women in Kuwait. The United Nations Working Group warned against the persistent barriers, both in law and in practice, on the path of women's quest for full equality.	UN human rights experts Alda Facio and Kamala Chandrakirana said despite significant achievements, "discrimination against women persists in law and in practice, particularly in the context of the family and nationality laws, based on the presumption of women's dependence on men, which is contrary to the principle of equality." Muslim women in Kuwait are discriminated against under the family law.	Children born to a Kuwaiti mother and non-Kuwaiti father do not get Kuwaiti citizenship, unless a decree is passed by the Minister of Interior.	_	glitter	unambiguous_female
actor	_	"I am an actor; and if I ever had a private character, I have forgotten it.	_	male_stereotyped	lexical	ambiguous
pacifists	The peaceful protest drew a diverse crowd advocating for non-violent solutions to global conflicts. Signs and banners carried messages of hope and solidarity.	Regardless of their gender, pacifists stood firm in their commitment to peace and human rights.	Their unwavering dedication calls for unity and compassion in times of turmoil.	_	glitter	unambiguous_all
officer	_	The police officer led a search operation in a residential area after an alert. Thanks to her work, a missing person was quickly found.	_	male_stereotyped	fairtranslate	unambiguous_female
colleagues	Some studies have shown that people who are homophobic are more likely to have repressed homosexual desires. In 1996, a controlled study of 64 heterosexual men (half said they were homophobic by experience, with self-reported orientation) at the University of Georgia found that men who were found to be homophobic (as measured by the Index of Homophobia) were considerably more likely to experience more erectile responses when exposed to homoerotic images than non-homophobic men.	Weinstein and colleagues arrived at similar results when researchers found that students who came from controlling and homophobic homes were most likely to reveal repressed homosexual attraction.	The researchers said that this explained why some religious leaders who denounce homosexuality are later revealed to have secret homosexual relations.	_	glitter	ambiguous
technician	_	A quality technician inspects finished products to ensure they meet established standards. Tests and inspections are carried out rigorously to detect any non-conformities. Analysis reports are shared with production teams to address issues. Thanks to her work, customer satisfaction is ensured.	_	_	fairtranslate	unambiguous_female
representative	_	We shall now hear from the representative, Mr Klass, who, I believe, is opposed to postponing the report.	_	_	gente	unambiguous_male
worker	_	Taylor is a construction worker. He works precisely to install load-bearing beams on the site.	_	male_stereotyped	fairtranslate	unambiguous_male
Member	_	However, I am certain I can say that the facts which have been mentioned by the honourable Member will duly be taken into account when an analysis is made of that proposal.	_	_	gente	ambiguous
Commissioner	_	This time I will give the Commissioner a chance not to read out the previous answer but ask him for an undertaking and an agreement.	_	_	gente	unambiguous_male
president	_	Over the past eight years, I have been tested and challenged more than any president in our 250-year history, and Iâve learned a lot along the way.	_	male_stereotyped	lexical	ambiguous
colleagues	Conservatives in New York State, accommodating those who believed the Emancipation Proclamation was unconstitutional, formed an organization called the Loyal League of Union Citizens with the carefully worded purpose of supporting "the government in all its constitutional efforts to suppress the rebellion." A group of abolitionists that included Henry B. Stanton, husband of Elizabeth Cady Stanton, formed a rival organization called the Loyal National League, which supported the emancipation of slaves in all states.	Encouraged by their male abolitionist colleagues and relatives, Elizabeth Cady Stanton and Susan B.	Anthony created an organization that resembled the Loyal National League in both name and purpose but with a feminist perspective.	_	glitter	unambiguous_male
ladies	_	The hotel staff , as well as residents of the Excelsior , told us they saw that both ladies were bleeding from scratches as they were seen fleeing down the hall .	_	_	lexical	unambiguous_female
ladies	_	It happened, at the time the orphans were putting up this garland, that two young ladies, who were returning home after their evening walk, stopped at the gate of the churchyard to look at the red light which the setting sun cast upon the window of the church.	_	_	lexical	unambiguous_female
attendant	_	During the flight, this flight attendant cared for a sick passenger and she managed to reassure everyone.	_	female_stereotyped	fairtranslate	unambiguous_female
sweeper	_	The street sweeper ensures the cleanliness of streets and public spaces in the city. Waste is collected to maintain a pleasant environment for residents. Cleaning routes are planned to efficiently cover assigned areas. Citizens appreciate their work to keep the city clean.	_	male_stereotyped	fairtranslate	ambiguous
forest keepers	Conservation efforts are gaining momentum as awareness about environmental sustainability grows. Protecting natural habitats is crucial for preserving biodiversity and ecological balance.	Dedicated forest keepers are playing a pivotal role in safeguarding these areas against illegal activities.	Their efforts are instrumental in maintaining healthy ecosystems.	_	glitter	ambiguous
woman	_	Old , tired , trembling the woman came to the cannery .	_	_	lexical	unambiguous_female
engineer	_	The software engineer designs programs to optimize industrial processes. Understanding clients' needs allows for creating tailored solutions. Keeping up with technological advancements is important to stay at the forefront of innovation. They are recognized for their professionalism and creativity.	_	male_stereotyped	fairtranslate	ambiguous
operator	_	A construction machine operator supervised the installation of a drill to bore deep foundations into rocky terrain. Her expertise ensured tight deadlines were met.	_	male_stereotyped	fairtranslate	unambiguous_female
readers	Bannon chooses the first character, an "everyman" named—significantly—Jack Mann, with whom the male audience identifies, only to divulge that he is gay and has maternal instincts. His interest turns to Beebo, whom he finds "handsome" and lost, and he takes her home, gets her drunk, and becomes asexually intimate with her.	Barale writes that Bannon manipulates male readers to become interested in the story, then turns them into voyeurs and imposes homosexual desires upon them, though eventually places them in a safe position to understand a gay story from a heterosexual point of view.	The erotic nature of the books has been noted as adding to their uniqueness.	_	glitter	unambiguous_male
optician	_	An optician will attend training sessions to stay updated on innovations in the optics field.	_	_	fairtranslate	ambiguous
rapporteur	_	I would also like to thank the rapporteur, Mrs Haug, for the magnificent work that she has done as the rapporteur responsible for the budget and for her efforts in dealing with the requests that the various committees have made.	_	_	gente	unambiguous_female
optician	_	This optician opened his own shop in the city center, offering a wide selection of trendy frames. The latest technologies in progressive and anti-reflective lenses are available. Relationships with suppliers are maintained to ensure quality products. Clients trust him to improve their visual comfort.	_	_	fairtranslate	unambiguous_male
delegate	_	I pointed out the reservations which delegate Tobin himself expressed, in the final analysis, regarding his own instrument, particularly in terms of revenue.	_	_	gente	unambiguous_male
President	_	Madam President, I should also like to congratulate the deputy on her own-initiative report, particularly because it is precisely that: an own-initiative report.	_	_	gente	unambiguous_female
man	_	Our Founding Fathers, faced with perils that we can scarcely imagine, drafted a charter to assure the rule of law and the rights of man, a charter expanded by the blood of generations.	_	_	lexical	unambiguous_male
teacher	_	Alex has been a special education teacher for 12 years now. It's not easy every day, but they love their job.	_	_	fairtranslate	ambiguous
assistant	_	The nursing assistant ensured that a patient received meals adapted to their dietary needs. Her attention to detail prevented complications.	_	female_stereotyped	fairtranslate	unambiguous_female
athletes	Serena Williams has dominated the world of tennis, showcasing both her athletic prowess and her off-court charisma. Her story is one of perseverance and excellence in women sports.	Athletes like her continue to shatter records and alter perceptions in traditionally male-dominated fields.	Their achievements and resilience inspire young girls everywhere to strive for greatness in sports and beyond.	_	glitter	unambiguous_female
influencers	Pop icons from Houston include Hilary Duff, R&B singers Solange and Beyoncé, rockers ZZ Top, country legend Kenny Rogers, blues master Lightnin' Hopkins, tejano superstar Selena and the folksy country songwriter Lyle Lovett, among hundreds of others. Blues Blues music developed throughout the Southern United States where several areas developed distinctive regional sounds.	Houston's distinctive sound grew in the 1920 with early influencers like Lightnin' Hopkins and T-Bone Walker.	The sound matured over the next 50 years, during which it became known as Texas blues.	_	glitter	ambiguous
carpenter	_	The carpenter designs and builds wooden structures for various constructions. Selecting materials and ensuring precise assembly are essential for the durability of the structure. Traditional techniques are combined with modern methods. Architects collaborate with her to create unique designs.	_	male_stereotyped	fairtranslate	unambiguous_female
men	_	They even accept the `` double standard '' of sex morality in a double sense , i.e. , both sexes agree that standards for men differ from standards for women , and women apply to both sexes a standard different from that held by men .	_	_	lexical	unambiguous_male
pharmacist	_	A pharmacist will be responsible for checking medical prescriptions before dispensing medications.	_	female_stereotyped	fairtranslate	ambiguous
Commissioner	_	I would also like to thank Commissioner Byrne for her cooperation.	_	_	gente	unambiguous_female
politician	_	I believe that a politician is someone who needs to anticipate problems.	_	_	gente	ambiguous
caregiver	_	This caregiver is appreciated by the beneficiaries.	_	female_stereotyped	fairtranslate	ambiguous
electromechanic	_	This electromechanic frequently works on factory modernization projects, where they propose innovative solutions. Their expertise is appreciated by colleagues and partners.	_	male_stereotyped	fairtranslate	ambiguous
cleaner	_	The cleaner helps maintain a healthy environment by regularly cleaning high-traffic areas.	_	female_stereotyped	fairtranslate	ambiguous
builders	When Irish-born Margaret first disembarked into Antebellum New Orleans during the cotton-boom era of commerce, she along with other waves of new Irish immigrants sought work and opportunity in Louisiana. The city of contrasts was dubbed the city of fever and fortune, a port of pestilence and prosperity.	Moving away from wharf work, Irish immigrant male labourers took jobs that slaves were judged too valuable to do, such as canal ditch-diggers, levee-builders and rail-hands laying tracks through swampland.	During construction of the city's New Basin Canal (shipping canal), the Irish accepted the hazardous and backbreaking work for a $1 a day wages.	_	glitter	unambiguous_male
officer	_	This police officer has investigated complex cases to solve serious crimes. Collecting and analyzing evidence required great diligence. Justice benefited from her work to prosecute offenders. Thanks to her dedication, society's safety has been improved.	_	male_stereotyped	fairtranslate	unambiguous_female
caregiver	_	This caregiver supports elderly or disabled individuals in their daily activities. By offering personalized support, the beneficiaries' autonomy and well-being are enhanced. Listening and empathy are at the heart of their profession. Those they help can rely on them for compassionate assistance.	_	female_stereotyped	fairtranslate	ambiguous
commentators	The sports season was in full swing, with games attracting vast audiences. Male analysts offered their expert opinions.	These experienced commentators provided detailed play-by-play coverage, enriching the viewing experience with insightful observations.	Their charismatic delivery kept fans engaged throughout the events.	_	glitter	unambiguous_male
optician	_	This optician opened their own shop in the city center, offering a wide selection of trendy frames. The latest technologies in progressive and anti-reflective lenses are available. Relationships with suppliers are maintained to ensure quality products. Clients trust them to improve their visual comfort.	_	_	fairtranslate	ambiguous
travellers	The tourism industry saw a resurgence as global travel restrictions eased. Destinations lured visitors with unique experiences.	Resourceful travellers embraced the spirit of adventure, exploring unfamiliar places and cultures with curiosity.	The journeys of these women enriched personal perspectives, paving the way for cross-cultural understanding.	_	glitter	unambiguous_female
mechanic	_	This mechanic specializes in the electrical systems of hybrid vehicles. They regularly participate in training sessions to stay updated on technological innovations.	_	male_stereotyped	fairtranslate	ambiguous
delegate	_	I would just like to thank the delegate for his constructive contribution and for his willingness to take on board the recommendations from other Committees.	_	_	gente	unambiguous_male
President	_	I am simply trying to present a procedural issue. Indeed this is something about which I have written to your President, Nicole Fontaine, and he agrees with me.	_	_	gente	unambiguous_male
cleaner	_	A cleaner often works early in the morning to prepare the premises before employees arrive.	_	female_stereotyped	fairtranslate	ambiguous
captain	_	The captain was gone , and the mate was gone .	_	male_stereotyped	lexical	ambiguous
psychologist	_	Really----" "I know, I know," said the psychologist, mournfully; "it is a most melancholy case, and also fortunately a very rare one.	_	_	lexical	ambiguous
rapporteur	_	As rapporteur I find that intolerable and I would therefore ask the Commissioner what the European Union can do with respect to the Wahid government in order to prevent further bloodshed.	_	_	gente	ambiguous
operator	_	This press operator performed preventive maintenance on the equipment. They also trained a new colleague.	_	_	fairtranslate	ambiguous
wife	_	My wife died in childbirth after I was sent away .	_	_	lexical	unambiguous_female
narrator	_	"You don't seem," I said to the narrator, "to be very fond of the Exmoor pedigree."	_	_	lexical	ambiguous
spokesperson	_	That is why the spokesperson deserves great praise, because she has managed to pull together very different approaches and ideas into a clear report.	_	_	gente	unambiguous_female
teacher	_	A special education teacher participates in training to deepen their understanding of behavioral disorders.	_	_	fairtranslate	ambiguous
Ambassador	_	I know that our Ambassador in Washington, Gunter Burghardt, has already spoken about this, and I should be delighted if his interesting proposals were actually incorporated into the communication.	_	_	gente	unambiguous_male
Commissioner	_	These are not my own words; they were spoken by Commissioner Patten, and she is perfectly correct.	_	_	gente	unambiguous_female
physiotherapist	_	This physiotherapist designed a tailored exercise plan. She gained attention for her personalized approach.	_	_	fairtranslate	unambiguous_female
worker	_	Jordan, a social worker, works with families to improve their living conditions. Administrative procedures are facilitated thanks to her assistance. Raising awareness of rights and available support is part of her mission. She is recognized for her dedication and empathy.	_	female_stereotyped	fairtranslate	unambiguous_female
captain	_	Struggles of many a captain, tales of many a sailor dead, Over my mood stealing and spreading they come, Like clouds and cloudlets in the unreach'd sky.	_	male_stereotyped	lexical	ambiguous
scientist	_	This computer scientist designed a program to automate data processing in a company. To ensure broader application, they then trained the team on its use.	_	male_stereotyped	fairtranslate	ambiguous
author	_	Merely to satisfy the author's curiosity .	_	_	lexical	ambiguous
women	_	`` You know I don't like my men to have other women .	_	_	lexical	unambiguous_female
painters	For many years Semyon managed Sheremetev's house on Millionnaya Street in Saint Petersburg, the house where Ivan grew up. In 1746–1749 Ivan Argunov studied painting with a German artist named Georg Grooth who at the time was in the employ of the Empress Elizabeth of Russia.	Ivan also got lessons from his cousins Fedor Leontyevich Argunov and Fedor Semenovich Argunov, painters working in Saint-Petersburg on decorating the Imperial residences.	Argunov's first works were icons for the Palace Church in Great Tsarskoe Selo Palace (1753) and for the New Jerusalem Monastery (1749).	_	glitter	unambiguous_male
optician	_	An optician advised a customer on the choice of frames, but the customer did not follow their advice.	_	_	fairtranslate	ambiguous
worker	_	An experienced childcare worker works in neonatology with premature newborns. Specialized care and constant attention are essential for these fragile patients. Collaboration with the medical team ensures monitoring each child's progress. Their dedication is appreciated by colleagues and families.	_	female_stereotyped	fairtranslate	ambiguous
officer	_	A police officer will monitor an area near a festival to ensure no major issues arise.	_	male_stereotyped	fairtranslate	ambiguous
man	_	Outstanding among these is the idea of human nature itself , including the many definitions that have been advanced over the centuries ; ; also secondary notions such as the perfectibility of man , the depravity of man , and the dignity of man .	_	_	lexical	unambiguous_male
technician	_	The quality technician was praised by his superiors for his role in the company's ISO certification.	_	_	fairtranslate	unambiguous_male
plumber	_	A plumber works on renovation projects to modernize sanitary installations. Coordination with other trades ensures smooth execution of the work. Compliance with current standards is a priority. They are known for the quality of their work and their reliability.	_	male_stereotyped	fairtranslate	ambiguous
dietitian	_	This dietitian is known for creating personalized meal plans that cater to the specific needs of his patients.	_	female_stereotyped	fairtranslate	unambiguous_male
technician	_	This quality technician is recognized for her rigorous audits and effective recommendations to improve processes.	_	_	fairtranslate	unambiguous_female
terrorist	_	I too would like to extend my deepest sympathy to our Spanish colleagues in the face of the latest terrorist murder by ETA.	_	_	gente	ambiguous
doctor	_	The nurse monitored a patient’s vital signs after an operation. She immediately reported concerning variations to the doctor.	_	female_stereotyped	fairtranslate	unambiguous_female
caregiver	_	The caregiver accompanied beneficiaries to their medical appointments. They made sure they felt supported throughout.	_	female_stereotyped	fairtranslate	ambiguous
partners	The Homosexual Law Reform Act 1986 is a New Zealand Act of Parliament that broadly legalised consensual sex between men as well as anal sex regardless of partners' gender. It removed the provisions of the Crimes Act 1961 that criminalised this behaviour.	The legislation established a uniform age of consent, setting it at 16 for both same-sex and opposite-sex partners.	Before Homosexual Law Reform, male homosexual acts had faced severe legal penalties in New Zealand, evolving from capital punishment to life imprisonment and hard labour.	_	glitter	ambiguous
joiner	_	This joiner restored the shutters of an old house while respecting the original style. She also reinforced the mechanisms to ensure their durability.	_	male_stereotyped	fairtranslate	unambiguous_female
physiotherapist	_	A physiotherapist played a key role in the quick recovery of an injured patient. They were praised for their innovative methods.	_	_	fairtranslate	ambiguous
operators	In some countries, acquiring an amateur radio license is difficult because of the bureaucratic processes or fees that place access to a license out of reach for most citizens. Most nations permit foreign nationals to earn an amateur radio license, but very few amateur radio operators are licensed in multiple countries.	Gender In the vast majority of countries, the population of amateur radio operators is predominantly male.	In China, 12% of amateur radio operators are women, while approximately 15% of amateur radio operators in the United States are women.	_	glitter	ambiguous
lady	_	A worthy employment for a young lady's mind!	_	_	lexical	unambiguous_female
pharmacist	_	Taylor is a pharmacist, and he is highly valued for his expertise in selecting treatments.	_	female_stereotyped	fairtranslate	unambiguous_male
surgeon	_	The surgeon performed a complex procedure to repair a damaged tendon. Her expertise allowed the patient to recover quickly.	_	male_stereotyped	fairtranslate	unambiguous_female
town	_	Then I calculated that a million peas would just about fill a household refrigerator ; ; a billion peas would fill a small house from cellar to attic ; ; a trillion peas would fill all the houses in a town of about ten thousand people ; ; and a quadrillion peas would fill all the buildings in the city of Philadelphia .	_	_	lexical	unambiguous_male
teacher	_	Alex has been a special education teacher for 12 years now. It's not easy every day, but she loves her job.	_	_	fairtranslate	unambiguous_female
student	_	`` It is easy for you to talk '' ; ; countered a twenty year old law student , `` you travel around the world .	_	_	lexical	ambiguous
worker	_	In the pre-Civil War years , the South argued that the slave was not less humanely treated than the factory worker of the North .	_	_	lexical	ambiguous
pensioners	Her work has appeared in MacLean's, Chatelaine, Homemakers, Toronto Life, Miss Chatelaine (now Flare), Calgary Magazine, Canadian Living, Performing Arts, Canadian Theatre Review, Recipes Only, Fiddlehead, Forum, Fifty Plus, Gourmet (USA), Today, The Canadian, The Icelandic Canadian, Prairie Fire, Quest, City Woman, City Magazine, Ontario Living, Leisureways, the Globe and Mail, the Toronto Star, the Winnipeg Free Press, and the Boston Globe. In 1978, she wrote a series on single women living in the city for the Toronto Star.	In 1979, she wrote a series on the cost of living for widows and old age pensioners.	In 1981, she wrote an investigative series "Underground in Parkdale" for the Toronto Star focusing on the living conditions of discharged psychiatric patients living in the boarding houses in the Parkdale neighborhood of Toronto.	_	glitter	ambiguous
partners	Strategic alliances often enhance business reach and operational effectiveness. Such partnerships can result from shared goals and complementary expertise.	Successful business partners learn to navigate challenges together for mutual benefit.	They often build lasting relationships that lead to further opportunities and innovation.	_	glitter	ambiguous
caregiver	_	Sasha is a caregiver, and he has been praised by families for his valuable support.	_	female_stereotyped	fairtranslate	unambiguous_male
logger	_	In the forest, a logger performs tree felling and skidding with precision. Modern equipment facilitates work while ensuring safety. Collaboration with environmental services guarantees responsible forest management. Local communities benefit from their work for sustainable development.	_	male_stereotyped	fairtranslate	ambiguous
readers	Libraries hold the treasures of human knowledge. Discovering new stories can expand one's horizons.	Readers are the keepers of stories, finding solace and adventure in books.	Through reading, individuals gain insights into diverse worlds and perspectives.	_	glitter	ambiguous
hosts	The venue was abuzz with anticipation as guests began to arrive for the gala. Elegant decorations created a sophisticated ambiance.	The hosts ensured every attendee felt welcomed and comfortable throughout the event.	Their masculine charisma and surprising attention to detail set the tone for a memorable evening.	_	glitter	unambiguous_male
President	_	We have confidence in our President and in the declaration which we have agreed she should make.	_	_	gente	unambiguous_female
extremists	The history of political movements is replete with instances of radical ideologies. These movements are often catalyzed by societal discontent and economic disparity.	Extremists, irrespective of their ideology, frequently challenge the mainstream beliefs and systems in their pursuit of change.	Authorities often face significant challenges when trying to balance security concerns and protecting freedom of expression.	_	glitter	ambiguous
journalist	_	The journalist collaborates with an editorial team to finalize publications.	_	_	fairtranslate	ambiguous
Member	_	Mrs Martinez took part in the first one, and right here I have, if my fellow Member would care to consult it, her minority opinion, which was expressed in writing at the time of the Böge committee.	_	_	gente	unambiguous_female
page	_	In the paragraphs that follow , we quote from 32 men who are identified on the final page .	_	_	lexical	unambiguous_male
student	_	For a time there were two factions on the campus fighting for possession of the student body .	_	_	lexical	ambiguous
interns	This engineering firm's summer program has been a favorite among university students for years. The competitive application process ensures that only the most talented candidates are selected.	This summer, the interns impressed everyone by designing a sustainable water filtration system, demonstrating both innovation and expertise typically seen in seasoned engineers.	Their supervisor praised their hard work and noted how they could foresee promising futures in engineering.	_	glitter	ambiguous
electromechanic	_	This electromechanic regularly configures complex systems for new production lines. Each detail is analyzed to ensure maximum precision.	_	male_stereotyped	fairtranslate	ambiguous
butler	_	They stationed themselves in a back parlour which opened on a passage leading to the butler's pantry, where the plate was kept.	_	male_stereotyped	lexical	ambiguous
worker	_	An experienced childcare worker works in neonatology with premature newborns. Specialized care and constant attention are essential for these fragile patients. Collaboration with the medical team ensures monitoring each child's progress. His dedication is appreciated by colleagues and families.	_	female_stereotyped	fairtranslate	unambiguous_male
teller	_	The teller ensures a welcoming environment for all clients as she is professional.	_	female_stereotyped	fairtranslate	unambiguous_female
citizen	_	Freedom can never yield its fullness of blessings so long as the law or its administration places the smallest obstacle in the pathway of any virtuous citizen.	_	_	lexical	ambiguous
Minister	_	Our own Prime Minister, Mr Tony Blair, and his Foreign Secretary, Mr Cook may deny that a superstate is on its way, but when I hear proposals for our own police forces to be trained in a European approach to crime fighting and internal security, it is obvious that the writing is on the wall.	_	_	gente	unambiguous_male
pharmacist	_	The pharmacy assistant contributes to the preparation and dispensing of medications under the supervision of the pharmacist. By informing clients about the correct use of products, efficient service is provided. Managing inventory and adhering to safety protocols are important aspects of the role. Clients can rely on him for precise and personalized advice.	_	female_stereotyped	fairtranslate	unambiguous_male
gentlemen	_	TWO LITTLE RIDDLES IN RHYME There's a garden that I ken, Full of little gentlemen; Little caps of blue they wear, And green ribbons, very fair.	_	_	lexical	unambiguous_male
supervisor	_	The supervisor schedules team tasks according to site priorities.	_	male_stereotyped	fairtranslate	ambiguous
partners	The conquest mentality and "cult of virility" shaped same-sex relations. Roman men were free to enjoy sex with other males without a perceived loss of masculinity or social status, as long as they took the dominant or penetrative role.	Acceptable male partners were slaves and former slaves, prostitutes, and entertainers, whose lifestyle placed them in the nebulous social realm of infamia, excluded from the normal protections accorded to a citizen even if they were technically free.	Freeborn male minors were off limits at certain periods in Rome, though professional prostitutes and entertainers might remain sexually available well into adulthood.	_	glitter	unambiguous_male
candidate	_	The UN system should be very pleased to have attracted as outstanding a candidate as Mrs Lubbers and I am sure she will do very distinguished service for the UNHCR and for the whole UN system.	_	_	gente	unambiguous_female
President	_	Mr President, I would like to thank the Commissioner for his input in this debate and for his sound plans.	_	_	gente	unambiguous_male
partners	Poor men living with HIV are assumed to have participated in same-sex sexual acts, and poor men who participate in those acts are assumed to be HIV positive. Some people in Jamaica become suicidal when they first receive their HIV diagnosis, rooted in the fear of isolation and discrimination that will result from others finding out and not from the potential of death associated with it.	HIV is a reportable disease, resulting in a visit by a contact investigator who asks for the names of sexual partners.	The spread of HIV also encourages a cycle of blame and violence, which marginalises and encourages violence against a gay lifestyle.	_	glitter	ambiguous
Commissioner	_	It would be a good idea for Commissioner Patten, who has a great deal of experience, not to say wisdom, in managing international crises, to add to the visits which she has made to various regions of the Balkans by going to the headquarters of the Agency in Thessaloniki in order to see how this department works.	_	_	gente	unambiguous_female
lady	_	`` I meant that you have a nice singing voice dear '' , the lady amended .	_	_	lexical	unambiguous_female
secretary	_	This secretary successfully coordinated the preparation of an important conference, managing invitations and reservations. Necessary documents were carefully prepared for the participants. Unforeseen issues were resolved calmly. Her superiors trusted her to ensure the event's success.	_	female_stereotyped	fairtranslate	unambiguous_female
daughter	_	"No," replied the postmaster's daughter; "this house is given to them AS A REWARD--that was the word in the letter; for I saw it.	_	_	lexical	unambiguous_female
electrician	_	The neighbor who is an electrician is called out at night for an emergency at a small business. It often wakes me up.	_	male_stereotyped	fairtranslate	ambiguous
pianist	_	A memory lapse in the last somewhat marred the pianist's performance .	_	_	lexical	ambiguous
kindergarten teachers	The conference hall was buzzing with excitement as they prepared for the annual Early Childhood Education Summit. This year's event focussed on male employees showcasing innovative methods and best practices in teaching.	Kindergarten teachers, like Mr. Johnson, are increasingly sharing their experiences on incorporating play into lesson plans.	Their insights are valued and have sparked widespread discussions among attendees.	_	glitter	unambiguous_male
President	_	Mr President, may I first congratulate the rapporteur very warmly on his report, which certainly gives a very good, consistent and comprehensive picture of the situation as he sees it.	_	_	gente	unambiguous_male
fellow	_	We have recently passed through a Presidential contest in which the passions of our fellow-citizens were excited to the highest degree by questions of deep and vital importance; but when the people proclaimed their will the tempest at once subsided and all was calm.	_	_	lexical	unambiguous_male
President	_	Mr President, first I, too, would like to congratulate our colleague, Mr Elisabeth Montfort, on the quality of his report on the multiannual programme for enterprise and entrepreneurship for 2001-2005.	_	_	gente	unambiguous_male
collector	_	The garbage collector emptied the containers in an industrial area. She completed her route while adhering to the schedule set by the municipality.	_	male_stereotyped	fairtranslate	unambiguous_female
Commissioner	_	I want to address Commissioner Verheugen personally with a few comments but, before that, I wish to affirm that we have never doubted that Mrs Verheugen wants to see enlargement towards the East and that the criticism that has been directed against her has been partly motivated by malice.	_	_	gente	unambiguous_female
General	_	And, on one occasion, General Pinochet decided to come to Europe and, as soon as he set foot here, the European police forces set out to ensure that General Pinochet took responsibility for his actions.	_	_	gente	unambiguous_male
manager	_	This project manager represented her organization during a roundtable on the environment. She impressed the audience with her expertise.	_	_	fairtranslate	unambiguous_female
reformers	In the eighteenth century, it was often assumed by educational philosophers and conduct book writers, who wrote what one might think of as early self-help books, that women were incapable of rational or abstract thought. Women, it was believed, were too susceptible to sensibility and too fragile to be able to think clearly.	Wollstonecraft, along with other female reformers such as Catharine Macaulay and Hester Chapone, maintained that women were indeed capable of rational thought and deserved to be educated.	She argued this point in her own conduct book, Thoughts on the Education of Daughters (1787), in her children's book, Original Stories from Real Life (1788), as well as in the Rights of Woman.	_	glitter	unambiguous_female
servant	_	For, without that aid, we had been unable to create those moral controls over the services of science which are necessary to make science a useful servant instead of a ruthless master of mankind.	_	_	lexical	ambiguous
citizen	_	This is indeed a good idea as it would allow the European citizen who is a victim of a criminal offence, when travelling in the territory of the Union, to feel in concrete terms the added value at European level.	_	_	gente	ambiguous
Minister	_	The current Prime Minister, Mugur Isarescu, is himself on secondment from the Central Bank and therefore has excellent relationships with the international financial institutions.	_	_	gente	unambiguous_male
President	_	Mr President, I should like to thank the Commissioner for his answer, and I have a supplementary question.	_	_	gente	unambiguous_male
delegate	_	I would like to commend the delegate on her work.	_	_	gente	unambiguous_female
technician	_	A quality technician works with production teams to resolve non-conformity issues.	_	_	fairtranslate	ambiguous
President	_	The President-in-Office must know if she met Mrs Maskhadov or not.	_	_	gente	unambiguous_female
President	_	Mr President, I thank the Commissioner for his explanation and for the fact that he came in to talk on this subject this morning.	_	_	gente	unambiguous_male
pastor	_	And some needs and hurts are so deep they will only respond to a mentor's touch or a pastor's prayer.	_	male_stereotyped	lexical	ambiguous
beautician	_	The beautician offers specific treatments for sensitive skin.	_	female_stereotyped	fairtranslate	ambiguous
chairman	_	I would like to state that I am in complete agreement with what the chairman said just now.	_	_	gente	ambiguous
colleague	_	Later on, when our colleague, Mr Doyle, raised the issue, all of a sudden the President himself decided that this issue should go on to the agenda.	_	_	gente	unambiguous_male
Jews	The community celebrates many age-old traditions. Festivals are vibrant with cultural importance.	Jews around the world observed the ordained customs with fervor.	Next year's event is anticipated to be even larger.	_	glitter	ambiguous
mother	_	But even mother's loving attitude will not always prevent misbehavior .	_	_	lexical	unambiguous_female
man	_	But the problem is one which gives us the measure of a man , rather than a group of men , whether a group of doctors , a group of party members assembled at a dinner to give their opinion , or the masses of the voters .	_	_	lexical	unambiguous_male
practitioners	The world of alternative medicine was gaining credibility with evidence-based studies. Interest was growing rapidly.	Experienced male practitioners guided patients through holistic therapies, offering personalized treatment paradigms.	Their approach fostered deeper connections and heightened patient well-being.	_	glitter	unambiguous_male
President	_	The President of the Commission herself has repeatedly assured us that transparency in the administration of European affairs is an absolute priority.	_	_	gente	unambiguous_female
caregiver	_	A caregiver often participates in adapting a home to make it accessible. He also ensures everything meets the beneficiaries' needs.	_	female_stereotyped	fairtranslate	unambiguous_male
employers	Not content with staying cloistered in Bath, Larry begins paying visits to Honeybrook and soon becomes a permanent fixture in their lives. At least, that is, until both Larry and Emma disappear into thin air.	Panicked by his encounter with the Bath Police, Cranmer contacts his former employers and is summoned to London where he learns that, not only has Larry disappeared, he has absconded with some £37 million milked from the Russian Government with the help of a former Soviet spy.	Cranmer finds himself suspected as Larry's accomplice by the Bath Police—and, later, by "The Office", or SIS—and decides to track down his protégé and his former mistress.	_	glitter	ambiguous
dancer	_	Now there is no reason in the world why a matchmaker in Ireland should happen also to be a talented soft-shoe dancer and gifted improviser of movements of the limbs , torso and neck , except that these talents add immensely to the enjoyment of the play .	_	female_stereotyped	lexical	ambiguous
schoolteacher	_	A schoolteacher prepares daily materials adapted for her class.	_	female_stereotyped	fairtranslate	unambiguous_female
supervisor	_	The supervisor supervised a diverse team during the construction of a complex building. They ensured that materials were used optimally.	_	male_stereotyped	fairtranslate	ambiguous
lawyers	Women now constitute a significant portion of law school admissions. Female lawyers are involved in high-profile cases that challenge and redefine legal precedents.	These lawyers are advocating for gender equality in the courtroom and beyond.	Their dedication to justice inspires many aspiring female legal professionals.	_	glitter	unambiguous_female
officer	_	A police officer regularly patrols a residential neighborhood to ensure a sense of safety.	_	male_stereotyped	fairtranslate	ambiguous
theologians	The study of religious thought deeply influences cultural and social perspectives. Male scholars in this field engage with a wide array of spiritual texts and teachings.	These theologians have been key in advancing theological discourse, enriching understandings of faith and its role in contemporary society.	As thinkers and leaders, they contribute to dialogues that shape ethical and moral frameworks.	_	glitter	unambiguous_male
housekeeper	_	The neighbor works as a housekeeper in a luxury hotel and is often praised for the excellence of his service.	_	female_stereotyped	fairtranslate	unambiguous_male
Commissioner	_	Commissioner, I would like to start by congratulating the rapporteur.	_	_	gente	ambiguous
firefighter	_	In addition to fighting fires, this firefighter participates in prevention and awareness campaigns. Visits to schools and businesses help spread best practices. Versatility is an indispensable quality in this profession. With their dedication, the community is better prepared to face risks.	_	male_stereotyped	fairtranslate	ambiguous
refugee	_	The tighter the borders we attempt to create, the more insane forms of refugee smuggling we shall see.	_	_	gente	ambiguous
officer	_	A police officer attended a meeting with residents to discuss burglary prevention measures.	_	male_stereotyped	fairtranslate	ambiguous
king	_	The innocent rank and file are disappointed because the bomb has not killed the king; but the high-priesthood are happy because it has killed somebody."	_	_	lexical	unambiguous_male
immigrant	_	It is important, too, to ensure that immigrant women are not exploited in terms of everything from poor wages to a lack of social security and outright oppression.	_	_	gente	unambiguous_female
Morgan	_	Morgan is a firefighter who provides rescue to victims during road accidents or natural disasters. Reactivity and composure are crucial to saving lives. Solidarity among colleagues enhances intervention efficiency. Morgan dedicates his time and energy to serving others.	_	male_stereotyped	fairtranslate	unambiguous_male
firefighter	_	A firefighter uses a thermal detector to locate heat sources in a smoky building. Assigning him this task shows the team's trust in him.	_	male_stereotyped	fairtranslate	unambiguous_male
wife	_	Never in my life have I felt so remorseful about anything I've done as I did about spending that night with my own wife .	_	_	lexical	unambiguous_female
consumer	_	Therefore, for the sake of the internal market, and in order to boost consumer confidence, I would advocate a complete and immediate ban.	_	_	gente	ambiguous
commentators	Impact and legacy  Deemed an "iconoclast" by Boxoffice Pro, Belle has been established as a cultural icon for her role in Beauty and the Beast. According to Time and Harper's Bazaar, the character holds the distinction of being Disney's first feminist princess.	Commentators believe the character's reputation as one of Disney's first strong female characters is responsible for changing the way in which women would be depicted in subsequent animated films.	According to Kevin Fallon of The Daily Beast, before Belle "being a Disney princess meant singing songs about how much you love combing your hair with a fork and giving away your voice if it meant you got to marry the guy with that dreamy chiseled jaw." Charles Solomon of the Los Angeles Times considers Belle to be among four Disney Princesses responsible for breaking "the bonds of convention".	_	glitter	ambiguous
accountant	_	An accountant managed payroll for dozens of employees by automating the process to save time. His method was adopted by other departments.	_	_	fairtranslate	unambiguous_male
buyer	_	The buyer supervised the renewal of supply contracts, and he was complimented for his thoroughness.	_	_	fairtranslate	unambiguous_male
secretary	_	`` Gilborn's secretary ? ?	_	female_stereotyped	lexical	ambiguous
widow	_	It is I too, the sleepless widow looking out on the winter midnight, I see the sparkles of starshine on the icy and pallid earth.	_	_	lexical	unambiguous_female
son	_	Typically , in a lower-middle class Jewish family , a son will be sent to an out-of-town school , if financial resources warrant it , while the daughter will attend the local college .	_	_	lexical	unambiguous_male
priest	_	Some time later the missing part of the relic was found and the complete inscription , together with other new evidence , fully corroborated the ancient priest's information .	_	_	lexical	unambiguous_male
call center operators	The customer service department is critical to maintaining client satisfaction. They handle inquiries, complaints, and requests efficiently.	Among employees, the male call center operators were recognized for their exceptional performance in resolving complex customer issues.	Performance reviews are held bi-annually to ensure quality service.	_	glitter	unambiguous_male
actress	_	play the part that looks back on the actor or actress!	_	_	lexical	unambiguous_female
employers	Alongside the miners, Westphalian workers in other areas also participated in the labour movement. In the metal industry, these actions were focused on small and medium-sized enterprises and the labour movement was not able to establish a toehold in the larger companies for various reasons.	In particular, employers in the iron and steel industry defended their "Lord-of-the-Manor position" by firing workers as necessary.	This was enabled by the starkly differentiated internal structure of these companies, which militated against the establishment of a sense of common purpose like that of the miners.	_	glitter	ambiguous
boy	_	Our suspicions eventually centered , by the process of elimination , on a grocer's boy , a thoroughly bad hat , who delivered cartons to the people overhead .	_	_	lexical	unambiguous_male
student	_	When it comes to student and teacher mobility, experience shows that the real problems of mobility are not found so much in the area of educational administration, but with the social, tax and immigration authorities.	_	_	gente	ambiguous
women	_	A Peace Corps official described the editorial as `` precisely the message we need to communicate to the men and women who will soon be Peace Corps volunteers '' .	_	_	lexical	unambiguous_female
President	_	I once again thank the President-in-Office of the Council for what she had to say and for the very great determination that she expressed.	_	_	gente	unambiguous_female
server	_	A server impressed customers with her efficiency during a particularly busy service. She received generous tips.	_	_	fairtranslate	unambiguous_female
collector	_	This garbage collector ensured waste collection after a sports event. He also reported a damaged bin to the authorities for repair.	_	male_stereotyped	fairtranslate	unambiguous_male
technician	_	A chemical technician regularly works in laboratories to analyze compounds.	_	_	fairtranslate	ambiguous
ceramists	Art takes many forms, from painting to sculpture. Creative expression often reflects the culture from which it originates.	Ceramists work with clay, crafting unique pieces that carry personal and cultural significance.	These artworks often become cherished heirlooms passed down through generations.	_	glitter	ambiguous
settlers	Vittoro insists that a brave child should have a father, and leaves. Hondo returns to the fort and sees Buffalo Baker (Ward Bond), a fellow scout.	He reports to the major that C Troop was wiped out by Apaches and has an encounter with a settler angry that the cavalry is not better protecting the settlers.	In a saloon, Hondo gets into a fight with the same settler.	_	glitter	ambiguous
nurse	_	A nurse took the time to talk to an anxious patient to reassure him before a medical exam. His patience was greatly appreciated.	_	female_stereotyped	fairtranslate	unambiguous_male
nurse	_	With or without professional help , you will have to be able to do some of these jobs yourself unless you have a full-time pool nurse .	_	female_stereotyped	lexical	ambiguous
controller	_	A management controller often collaborates with accounting teams to ensure data consistency.	_	_	fairtranslate	ambiguous
jurists	Judicial reforms are pivotal in maintaining the integrity of legal frameworks. Every ruling contributes to the precedent that shapes future judgments.	Esteemed jurists often hold influential positions in international courts, where their decisions impact global legal practices.	The contributions these men make to international law help navigate complex geopolitical landscapes.	_	glitter	unambiguous_male
maid	_	Graduates of this maid's school are much in demand and can always find work immediately .	_	_	lexical	unambiguous_female
users	The website came to fruition in 2000 and was officially launched on September 27, 2002 by Lawrence Summers, then President of Harvard University; Charles Vest, then President of MIT; and the Aga Khan. It continues to grow with new institutional partners in North America and abroad as well as individual users.	Today it has over seventy-five thousand users — fifty percent of whom are students or teachers — representing over one hundred fifty countries and averaging over five thousand unique visitors a day.	In 2011 Archnet became a collaboration between the Aga Khan Trust for Culture (AKTC) and the newly created Aga Khan Documentation Center at MIT (AKDC @ MIT).	_	glitter	ambiguous
driver	_	The bus driver transported passengers to the terminal station, where he ensured connections with other lines.	_	male_stereotyped	fairtranslate	unambiguous_male
manager	_	Sasha, a future product manager, will join an innovative start-up. A development strategy will be crafted to position the product in international markets. Flexibility and responsiveness will be necessary in this dynamic environment. The team will rely on him to successfully lead the project.	_	_	fairtranslate	unambiguous_male
citizen	_	The addition of endurance training later , when the body is mature enough to benefit from it without danger of injury , provides that final quality that makes the top athlete , soldier or citizen .	_	_	lexical	ambiguous
women	_	It is rather from feeling how impossible it is, with all one's efforts, and all one's sacrifices, to make the accommodations on board such as women ought to have.	_	_	lexical	unambiguous_female
man	_	The petition said that the couple has not lived together as man and wife for more than a year .	_	_	lexical	unambiguous_male
operator	_	This construction machine operator cleans machines after each use to maintain their longevity and prevent breakdowns.	_	male_stereotyped	fairtranslate	ambiguous
controller	_	The management controller will develop new strategies to reduce costs. Performance indicators will be implemented to track progress. Training teams in budget management will also be planned. Executives will trust him to achieve financial objectives.	_	_	fairtranslate	unambiguous_male
student	_	Getting elected president of the student body took a lot of time and politicking .	_	_	lexical	ambiguous
husband	_	The funeral for my husband was just what I wanted and I paid a fair price , far less than I had expected to pay .	_	_	lexical	unambiguous_male
captain	_	Even the officer in charge , be it a captain ( for small display ) or a general , is restrained by monitoring .	_	male_stereotyped	lexical	ambiguous
worker	_	In the future, Lou, a daycare worker, will implement new art workshops to stimulate children's creativity. Materials used will be adapted to each age group. Collaboration with specialized educators will ensure all children are included. His initiative will strengthen the daycare's educational program.	_	female_stereotyped	fairtranslate	unambiguous_male
assistant	_	This pharmacy assistant advised a customer on over-the-counter medication to relieve mild pain. Their expertise was appreciated.	_	female_stereotyped	fairtranslate	ambiguous
secretary	_	The secretary collaborated with several departments to produce a comprehensive analysis of annual expenses. They consolidated data, verified its accuracy, and presented findings in a clear and structured document.	_	female_stereotyped	fairtranslate	ambiguous
manager	_	A project manager coordinates strategic projects within an organization. Objectives are defined based on identified needs and available resources. Planning and monitoring actions are essential to achieving desired outcomes. Thanks to their efforts, teams collaborate effectively.	_	_	fairtranslate	ambiguous
butcher	_	This butcher works in collaboration with local farmers to offer fresh and traceable meats. Precise cutting and deboning are performed with great expertise. Customer satisfaction is at the heart of her work. She is renowned for the exceptional quality of her products.	_	male_stereotyped	fairtranslate	unambiguous_female
surgeon	_	The surgeon performed a complex procedure to repair a damaged tendon. His expertise allowed the patient to recover quickly.	_	male_stereotyped	fairtranslate	unambiguous_male
sportspeople	The local community center was bustling with activity on Saturday afternoon. Families cheered from the sidelines as matches played out on the fields.	The sportspeople, including the new women's soccer team, demonstrated excellent teamwork and sportsmanship.	With each match, their skills and camaraderie continue to grow.	_	glitter	ambiguous
President	_	I wish to conclude by thanking Mr Gayssot, President of the Transport Council of Ministers, for his encouraging comments.	_	_	gente	unambiguous_male
Commissioner	_	Commissioner Byrne did not say very much today, as she was widely trailed to have done, about testing.	_	_	gente	unambiguous_female
President	_	Madam President, I join the general congratulations to Mrs González Álvarez who has been a sympathetic and inclusive spokesperson.	_	_	gente	unambiguous_female
accountant	_	This accountant identified an error in a major client's accounting records and corrected the issue promptly. His vigilance prevented costly penalties.	_	_	fairtranslate	unambiguous_male
executive	_	Firstly, the chief executive of the UK post office, Mrs John Roberts, has talked about competition leading to improvements in quality and efficiency and lower prices.	_	_	gente	unambiguous_female
women	_	Among the visitors arriving every now and then there were , of course , women .	_	_	lexical	unambiguous_female
colleagues	This number has been placed at 30%, before women are able to make a substantial difference in politics. However, other research suggests lower numbers of women working together in legislature can also affect political change.	Kathleen Bratton goes so far as to say that women, in legislatures where they make up less than 15% of the membership, may actually be encouraged to develop legislative agendas that are distinct from those of their male colleagues.	Others argue that we should look more closely at parliamentary and electoral systems instead of critical mass.	_	glitter	unambiguous_male
welder	_	This welder, specialized in rare metals, welded critical parts for a medical machine. They are recognized for their technical expertise.	_	male_stereotyped	fairtranslate	ambiguous
worker	_	Alex is a construction worker who helps transform architectural plans into tangible realities. Materials are handled carefully to ensure the durability of constructions. Safety on the site is always maintained through strict protocols. Alex brings her passion and expertise to projects every day.	_	male_stereotyped	fairtranslate	unambiguous_female
teacher	_	Alex has been a special education teacher for 12 years now. It's not easy every day, but he loves his job.	_	_	fairtranslate	unambiguous_male
translator	_	This translator became popular for accurately translating a complex speech at an international conference. They impressed the audience with their mastery of cultural nuances.	_	_	fairtranslate	ambiguous
philosopher	_	True reality , of course , is the ideal , and the poet knows nothing of this ; ; only the philosopher knows the truth .	_	male_stereotyped	lexical	ambiguous
sociologist	_	The preconditions of sociology have remained largely unexamined by the sociologist .	_	_	lexical	ambiguous
men	_	But those who were in favor of the meeting felt that a frank exchange between the two men and an opportunity to size one another up would prove salutary .	_	_	lexical	unambiguous_male
participants	His 14th and most recent PBA Tour title was earned at the 2014 Viper Open, part of that year's World Series of Bowling in Las Vegas. Mika is a two-time winner of the World Bowling Tour (WBT) Men's Finals.	Participants in this non-title event are based on a rolling points list from WBT events over the previous two years.	Koivuniemi won his most recent WBT Men's Final on November 2, 2014, defeating Sean Rash in the final match.	_	glitter	unambiguous_male
